claim_id,community_number,date_of_loss,cause_of_damage,occupancy_type,amount_paid_building,amount_paid_contents,building_damage_amount,net_building_payment,zip_code
2724034,450257,2023-08-31,0,11,0.0,0.0,0.0,0.0,29455
2724092,450110,2020-08-03,1,11,2107.88,0.0,3108.0,2107.88,29582
2724177,450170,2024-09-28,0,11,,,,0.0,29206
2724214,455417,1989-09-22,1,1,1336.0,0.0,1836.0,1336.0,29464
2724278,450257,2017-09-10,2,1,851.29,0.0,2101.0,851.29,29455
2724342,450110,1987-01-01,2,1,,,,0.0,29582
2724422,455412,2015-10-04,2,11,7830.6,0.0,8997.0,7830.6,29407
2724457,455412,1989-09-21,1,4,12909.4,36887.0,13409.0,12909.4,29401
2724469,450085,1979-09-04,1,1,941.37,0.0,1142.0,941.37,
2724515,450029,2016-10-08,2,11,7447.1,0.0,8837.0,7447.1,29492
2724526,450109,1989-09-22,1,4,125154.7,37500.0,125550.0,125154.7,29577
2724537,455415,1987-01-01,1,1,,,,0.0,29439
2724662,450042,1989-09-21,1,2,,,,0.0,29418
2724678,450251,2026-07-14,,18,,,,0.0,29910
2724821,450110,1999-09-15,1,1,,,,0.0,29582
2724866,455413,2017-09-10,2,11,3489.3,643.21,4740.0,3489.3,29414
2724883,450104,1989-09-22,1,1,0.0,490.25,,0.0,29576
2724907,450146,2018-09-16,2,1,10081.94,0.0,11082.0,10081.94,29512
2724927,450104,2015-10-02,4,1,3260.71,0.0,5221.0,3260.71,29576
2724930,450163,2015-10-04,4,1,,,169.0,0.0,29059
2725018,450110,2016-10-08,0,11,2980.13,0.0,5980.0,2980.13,29582
2725306,450025,2017-09-11,1,11,14851.55,3953.5,16852.0,14851.55,29906
2725377,455413,1989-09-22,1,1,,,,0.0,29407
2725416,450129,2015-10-04,1,1,23423.15,6753.78,22667.0,23423.15,29212
2725549,450025,2009-09-21,0,1,,,,0.0,29910
2725562,455416,1989-09-21,1,2,63008.68,10000.0,63508.0,63008.68,29451
2725612,450025,2016-10-14,4,1,,,,0.0,29920
2725650,455413,2015-10-01,4,1,,,,0.0,29464
2725741,450085,1989-09-22,1,2,26984.04,0.0,27534.0,26984.04,29940
2725768,455412,2015-10-03,4,11,70149.95,1647.46,64013.0,70149.95,29407
2725782,450250,1994-10-12,4,3,,,,0.0,29926
2725790,450172,2015-10-04,4,1,250000.0,0.0,237374.0,250000.0,29206
2725816,450104,1999-10-15,4,1,,,,0.0,29572
2725920,450114,2021-09-21,0,18,0.0,0.0,0.0,0.0,29936
2725934,450109,1989-09-22,1,3,68653.88,0.0,69203.0,68653.88,29572
2726066,455412,2015-10-05,4,11,2733.69,6259.29,3984.0,2733.69,29412
2726077,450085,1989-09-22,1,1,759.25,0.0,1759.0,759.25,29440
2726272,450065,2018-09-15,2,11,38265.49,585.3,23434.0,38265.49,29536
2726293,450250,2016-10-08,1,6,13866.16,9357.6,15116.0,13866.16,29928
2726316,455413,1989-09-22,1,1,,,,0.0,29438
2726364,455413,2013-07-29,0,1,733.75,0.0,1734.0,733.75,29485
2726534,455412,2016-10-08,1,15,2314.88,0.0,7274.0,2314.88,29401
2726595,450085,2022-09-30,,1,3650.95,2350.47,0.0,3650.95,29585
2726601,450064,2016-10-08,4,1,2983.29,0.0,2807.0,2983.29,29536
2726643,450115,2020-02-07,2,11,0.0,0.0,921.0,0.0,29020
2726646,455412,1989-09-22,1,1,22000.0,0.0,22550.0,22000.0,29401
2726650,450250,2016-10-08,1,11,213479.3,62899.49,195616.0,213479.3,29928
2726834,455417,1989-09-21,1,1,10096.8,2094.69,10596.0,10096.8,29464
2726898,455416,1989-09-21,1,1,1871.8,70.0,2371.0,1871.8,29451
2727042,450104,2018-09-14,4,11,3149.87,0.0,4270.0,3149.87,29526
2727138,455412,2013-06-19,2,3,99056.61,0.0,104056.0,99056.61,29407
2727144,455412,1989-09-22,1,1,32790.0,20500.0,33290.0,32790.0,29401
2727178,455417,2015-10-04,4,1,4311.42,0.0,5459.0,4311.42,29464
2727191,455417,1989-09-22,1,1,,,,0.0,29464
2727211,450025,2017-09-11,1,11,5034.06,0.0,5240.0,5034.06,29920
2727217,450110,2015-10-04,0,1,1869.15,0.0,3870.0,1869.15,29582
2727243,450172,1980-09-29,4,3,,,,0.0,29206
2727328,455412,1989-09-22,1,1,50000.0,11905.66,50550.0,50000.0,29401
2727382,450085,1996-09-05,4,1,,,,0.0,29576
2727392,450025,2016-10-08,1,1,3120.84,0.0,4371.0,3120.84,29906
2727399,450025,2017-09-11,1,11,8563.2,0.0,9221.0,8563.2,29902
2727524,455416,1989-09-22,1,1,5312.97,0.0,583.0,5312.97,29451
2727609,450076,2004-09-07,4,1,40000.0,10000.0,50965.0,40000.0,29506
2727624,450104,2023-12-17,2,11,79341.69,0.0,76559.0,79341.69,29579
2727649,450255,2022-09-30,1,15,53551.17,0.0,50780.0,53551.17,29585
2727722,455417,1989-09-22,1,1,,,,0.0,29464
2727733,455418,1989-09-22,1,1,4000.0,0.0,4000.0,4000.0,29482
2727821,450255,1989-09-21,1,1,23386.55,0.0,26074.0,23386.55,29585
2728030,455416,1989-09-22,1,1,3252.03,145.25,3827.0,3252.03,29451
2728071,450073,2015-10-04,2,11,33977.32,0.0,35227.0,33977.32,29485
2728171,450109,2005-09-14,0,1,,,,0.0,29577
2728242,455413,2001-03-20,4,1,,,605.0,0.0,29407
2728294,455413,2015-10-03,4,1,44583.9,7911.62,45833.0,44583.9,29455
2728304,450107,1987-01-01,1,1,1592.5,1226.55,2093.0,1592.5,29576
2728309,450104,1996-09-05,1,1,,,,0.0,29566
2728402,455413,2016-10-08,0,1,,,,0.0,29455
2728403,450085,1989-09-22,1,2,130959.19,0.0,131508.0,130959.19,29940
2728412,450085,1987-01-01,1,1,10066.12,0.0,10616.0,10066.12,29585
2728465,455412,2016-10-08,4,11,,,2819.0,0.0,29401
2728568,455413,1989-09-21,1,1,36300.0,0.0,37800.0,36300.0,29466
2728586,455412,1994-07-20,4,3,,,500.0,0.0,29407
2728725,455413,1989-09-22,1,1,,,,0.0,29412
2728765,455417,1989-09-22,1,1,14908.4,0.0,15415.0,14908.4,29464
2728770,450104,2021-02-25,2,1,9468.01,8380.11,10328.0,9468.01,29588
2728778,455415,1994-10-01,0,2,,,,0.0,29439
2728873,455413,1989-09-22,1,1,,,,0.0,29412
2728907,450182,1990-10-11,4,1,8620.54,0.0,9120.0,8620.54,29150
2728935,450250,2016-10-08,4,12,,,,0.0,29926
2728962,455418,1989-09-21,1,1,7924.1,0.0,8424.0,7924.1,29482
2729064,450172,1986-08-12,2,1,3047.98,0.0,3640.0,3047.98,29205
2729124,455413,2017-09-11,1,11,167887.39,45959.22,150480.0,167887.39,29407
2729188,450042,2017-09-11,1,1,7269.35,2801.88,9269.0,7269.35,29406
2729238,455413,1989-09-22,1,1,,,,0.0,29412
2729266,450110,2019-09-05,4,16,,,,0.0,29582
2729285,455412,1989-09-22,1,1,,,,0.0,29407
2729305,450250,2016-10-08,0,11,10484.88,0.0,12485.0,10484.88,29928
2729332,450085,1989-09-21,1,1,73840.57,4921.2,74390.0,73840.57,29440
2729340,450110,1999-09-15,4,4,11938.1,0.0,12939.0,11938.1,29582
2729394,455412,1989-09-21,1,2,38360.02,0.0,38860.0,38360.02,29401
2729401,455413,1989-09-21,1,1,,,,0.0,29407
2729424,450160,2015-10-03,4,1,,,259.0,0.0,29142
2729445,450198,2013-07-08,2,11,,,,0.0,29662
2729470,450106,2018-09-14,2,1,120000.0,0.0,127065.0,120000.0,29526
2729471,450025,1992-06-03,4,1,298.0,3498.6,798.0,298.0,29902
2729537,455413,1989-09-22,1,1,3100.0,0.0,3600.0,3100.0,29482
2729582,450091,1999-10-10,4,1,,,,0.0,29609
2729672,450104,1998-02-03,2,1,3121.9,3498.2,3623.0,3121.9,29526
2729712,450110,2015-10-04,1,1,,,1068.0,0.0,29582
2729806,450073,2016-10-08,2,6,27482.07,0.0,29482.0,27482.07,29485
2730031,450085,1989-09-21,1,3,,,,0.0,29598
2730043,450111,1989-09-21,1,3,18451.12,0.0,18951.0,18451.12,29575
2730062,455415,1989-09-21,1,1,17423.01,1700.0,17923.0,17423.01,29439
2730069,455415,1987-01-01,1,1,3234.78,0.0,3734.0,3234.78,29439
2730120,450109,1999-09-16,4,1,,,977.0,0.0,29577
2730160,450025,1994-10-03,1,1,1555.5,320.25,2417.0,1555.5,29920
2730181,450026,2017-09-11,0,11,,,821.0,0.0,29902
2730237,455412,2023-08-30,4,11,10459.64,133.31,12460.0,10459.64,29412
2730253,450110,1989-09-22,1,3,69156.0,0.0,69656.0,69156.0,29582
2730280,455416,1989-09-21,1,1,14571.98,0.0,15071.0,14571.98,29451
2730325,455412,1989-09-22,1,1,2551.0,0.0,3051.0,2551.0,29407
2730420,455412,1989-09-21,1,1,23678.71,14225.82,24679.0,23678.71,29401
2730553,450182,2016-09-03,0,1,,,,0.0,29154
2730559,455412,1989-09-21,1,1,9615.38,0.0,10115.0,9615.38,29403
2730654,455417,1989-09-22,1,1,,,,0.0,29464
2730705,450025,2017-09-11,0,11,11147.38,0.0,10072.0,11147.38,29920
2730939,450025,2015-11-06,0,11,,,,0.0,29926
2730999,450089,2022-12-14,0,11,,,,0.0,29615
2731257,455416,1989-09-21,1,1,42843.0,12800.0,43343.0,42843.0,29451
2731446,455412,2015-10-03,4,1,27074.07,0.0,33201.0,27074.07,29414
2731469,450104,2018-09-24,2,11,78481.96,7328.6,73406.0,78481.96,29527
2731591,450141,1998-02-03,2,1,647.6,277.7,1200.0,647.6,29574
2731605,450109,1999-09-15,0,4,,,,0.0,29577
2731613,450076,2018-09-17,4,1,9487.81,0.0,9688.0,9487.81,29555
2731617,455414,2016-10-08,2,11,4970.26,0.0,6220.0,4970.26,29438
2731687,455412,1989-09-21,1,3,55000.0,0.0,55500.0,55000.0,29401
2731710,450085,2022-09-30,1,15,38894.66,0.0,37524.0,38894.66,29585
2731731,455416,1989-09-22,1,1,29696.79,6700.0,30547.0,29696.79,29451
2731768,455413,1997-06-06,0,4,5484.28,5279.4,5984.0,5484.28,29406
2731777,450110,1989-09-22,1,1,1087.2,0.0,1637.0,1087.2,29582
2731800,450104,2018-09-24,2,1,30867.35,2127.99,32117.0,30867.35,29526
2731860,450029,2016-10-08,4,11,16283.44,0.0,15281.0,16283.44,29461
2731893,455412,2017-09-11,1,11,3118.13,0.0,5118.0,3118.13,29401
2731896,450085,1989-09-22,1,1,10800.42,0.0,11350.0,10800.42,29585
2731902,450085,1989-09-21,1,3,,,,0.0,29576
2731944,455418,1989-09-22,1,1,7550.44,1648.15,11551.0,7550.44,29482
2731994,450104,2023-08-30,4,18,56797.19,0.0,58797.0,56797.19,29576
2732069,450085,2016-10-08,1,1,21293.24,10779.13,25543.0,21293.24,29585
2732098,450042,2015-10-20,4,1,4742.39,0.0,6213.0,4742.39,29405
2732256,455418,1989-09-21,1,1,23798.63,0.0,24298.0,23798.63,29482
2732356,450107,1983-01-20,1,1,413.0,0.0,1000.0,413.0,29576
2732458,450110,2016-10-08,1,11,26978.74,1261.14,27178.0,26978.74,29582
2732487,450109,1999-09-15,1,1,,,,0.0,29585
2732577,455413,1989-09-22,1,1,2538.0,0.0,3038.0,2538.0,29412
2732609,455413,1989-09-21,1,1,,,,0.0,29407
2732650,450104,2022-09-30,1,11,19228.44,672.68,21228.0,19228.44,29576
2732676,455415,1989-09-22,1,1,10511.45,0.0,11011.0,10511.45,29439
2732717,450250,2002-08-24,1,1,,,,0.0,29928
2732871,455418,1989-09-22,1,1,23305.43,0.0,23805.0,23305.43,29482
2732918,450250,2016-10-08,4,1,61625.31,607.32,58996.0,61625.31,29926
2732952,450250,2016-10-08,0,1,1011.79,0.0,2262.0,1011.79,29928
2733041,450187,2015-10-03,0,14,735.08,0.0,1736.0,735.08,29518
2733271,450089,2024-09-27,4,11,17597.22,1107.76,18062.0,17597.22,29615
2733317,450172,2015-10-04,2,11,158783.59,0.0,121203.0,158783.59,29206
2733361,450109,1989-09-22,0,4,,,,0.0,29577
2733396,455416,1989-09-22,1,1,,,,0.0,29451
2733468,450104,2016-10-08,1,15,2349.17,0.0,4314.0,2349.17,29576
2733476,450039,1989-09-22,1,1,27964.91,0.0,28464.0,27964.91,29458
2733616,450104,1998-08-26,4,1,,,,0.0,29576
2733710,450109,2016-10-08,0,2,,,,0.0,29577
2733967,455417,1989-09-22,1,1,1250.0,0.0,1750.0,1250.0,29464
2734008,455412,1989-09-22,1,2,33300.0,0.0,46731.0,33300.0,29401
2734024,455415,1989-09-21,1,1,32300.0,0.0,32800.0,32300.0,29439
2734026,450250,2022-08-15,4,11,,,3861.0,0.0,29928
2734043,450184,2015-10-04,2,1,20000.0,8000.0,31595.0,20000.0,29150
2734073,450104,2016-10-08,1,1,1042.11,0.0,6042.0,1042.11,29576
2734113,455413,1989-09-22,1,1,6964.49,0.0,7465.0,6964.49,29458
2734176,450025,2015-10-04,,6,,,,0.0,29920
2734224,450109,1989-09-22,1,4,250000.0,121600.0,250550.0,250000.0,29577
2734496,450104,2016-10-08,1,1,13792.75,849.07,15793.0,13792.75,29576
2734503,450078,2018-07-28,4,1,12269.72,0.0,12633.0,12269.72,29505
2734513,455416,1989-09-22,1,1,16031.97,0.0,17032.0,16031.97,29451
2734529,455416,1989-09-21,1,1,11268.29,0.0,12269.0,11268.29,29451
2734558,450104,1998-02-09,4,1,1422.41,0.0,2265.0,1422.41,29577
2734565,455413,2015-10-03,2,11,3919.97,0.0,5014.0,3919.97,29407
2734648,450110,1987-01-01,1,1,1702.4,0.0,2980.0,1702.4,29582
2734695,450092,2002-09-16,4,1,10710.98,10383.2,21000.0,10710.98,29681
2734921,450104,1998-08-27,4,4,,,,0.0,29582
2734976,455412,1989-09-22,1,1,,,,0.0,29414
2734978,455417,1989-09-22,2,1,3875.1,0.0,4500.0,3875.1,29464
2734984,455412,2008-10-24,4,1,40941.71,0.0,45942.0,40941.71,29414
2735017,450170,2015-10-03,0,1,4574.6,0.0,6575.0,4574.6,29210
2735125,450089,2020-02-08,4,1,7711.98,0.0,7831.0,7711.98,29681
2735155,450076,1998-03-20,4,1,1528.15,0.0,2278.0,1528.15,29541
2735188,455413,1989-09-22,,11,,,,0.0,29412
2735225,450170,2015-10-08,0,1,,,,0.0,29223
2735239,455412,1997-06-06,4,4,3092.15,0.0,3842.0,3092.15,29401
2735246,455412,1989-09-22,1,1,,,,0.0,29403
2735348,450255,2016-10-08,1,1,11430.3,0.0,21430.0,11430.3,29585
2735352,450106,2015-10-04,4,1,9118.18,0.0,8083.0,9118.18,29526
2735358,455412,2016-10-08,1,11,11967.81,0.0,13217.0,11967.81,29407
2735441,455413,1989-09-22,1,1,,,,0.0,29455
2735499,450025,2016-10-08,1,1,42565.45,0.0,42757.0,42565.45,29910
2735520,450172,2015-10-04,4,1,50000.0,5939.73,83306.0,50000.0,29209
2735551,450250,1994-10-13,4,2,,,1000.0,0.0,29928
2735556,450110,1999-09-15,4,1,8132.29,1186.6,8882.0,8132.29,29582
2735566,450025,2016-10-08,0,1,,,,0.0,29920
2735742,455412,2017-09-11,4,1,105672.94,0.0,99635.0,105672.94,29401
2735809,455413,1989-09-22,1,1,36131.55,13400.0,34599.0,36131.55,29412
2735858,450104,1989-09-22,1,1,23839.68,3089.0,24389.0,23839.68,29576
2735883,455412,2020-04-23,4,11,50346.66,0.0,48253.0,50346.66,29412
2735891,450110,1989-09-21,1,1,4009.31,0.0,4510.0,4009.31,29582
2735932,455416,1989-09-21,1,1,77000.0,10500.0,77550.0,77000.0,29451
2735993,450104,2021-02-24,2,1,5757.28,1561.42,0.0,5757.28,29527
2736102,455415,1989-09-21,1,2,,,,0.0,29439
2736108,450025,2017-09-11,4,11,1820.49,0.0,3006.0,1820.49,29909
2736109,455415,2017-09-10,1,11,9995.17,0.0,11995.0,9995.17,29439
2736127,450025,2016-10-06,2,11,6482.21,1093.06,7694.0,6482.21,29920
2736238,450104,2018-09-14,2,1,12620.27,0.0,13056.0,12620.27,29526
2736254,450255,2022-09-28,1,11,,,,0.0,29585
2736300,455415,1989-09-22,1,1,5934.18,0.0,6434.0,5934.18,29439
2736385,450109,1999-09-16,4,1,2611.99,0.0,3112.0,2611.99,29577
2736470,450089,2002-09-15,4,1,9560.23,17500.0,75000.0,9560.23,29681
2736528,455416,1989-09-21,1,1,48000.0,10000.0,48500.0,48000.0,29451
2736536,455416,1989-09-22,1,1,5706.67,0.0,6207.0,5706.67,29451
2736558,450104,2024-08-12,2,11,5373.76,0.0,4734.0,5373.76,29588
2736560,450111,1987-03-31,1,1,659.5,0.0,1159.0,659.5,29577
2736635,450172,2015-10-04,2,1,250000.0,0.0,182558.0,250000.0,29206
2736658,450104,1989-09-22,1,1,46000.0,10300.0,47000.0,46000.0,
2736674,455412,1989-09-21,1,2,1534.0,0.0,2034.0,1534.0,29401
2736762,450110,2016-10-08,0,1,,,364.0,0.0,29582
2736850,450076,2015-12-23,2,1,2417.46,0.0,3665.0,2417.46,29506
2736890,455412,2017-05-22,0,1,,,,0.0,29414
2736914,450144,2018-09-16,2,1,250000.0,100000.0,289147.0,250000.0,29581
2736954,450190,2013-07-01,4,11,2119.3,0.0,4049.0,2119.3,29556
2736963,455416,1989-09-21,1,1,16531.5,0.0,17031.0,16531.5,29451
2737059,450106,2018-09-26,2,1,190000.0,95000.0,204950.0,190000.0,29526
2737220,455412,2015-11-01,,1,,,,0.0,29412
2737222,450110,1987-01-01,2,2,493.25,0.0,2310.0,493.25,29582
2737254,455412,1987-01-01,1,2,4972.0,0.0,5472.0,4972.0,29401
2737335,450104,1992-08-25,4,1,,,,0.0,29526
2737377,455412,2017-09-11,1,1,15567.09,0.0,16555.0,15567.09,29407
2737414,450094,2024-09-27,4,11,19697.96,13000.0,20427.0,19697.96,29649
2737483,455414,2015-10-03,4,1,,,,0.0,29438
2737532,450104,2016-10-08,4,1,34498.42,0.0,36498.0,34498.42,29526
2737533,450110,1987-01-01,1,1,,,,0.0,29582
2737616,450104,1996-09-05,0,1,,,,0.0,29575
2737683,455415,1989-09-22,1,1,6760.0,0.0,7260.0,6760.0,29439
2737685,450111,1983-03-17,4,1,4568.0,0.0,4768.0,4568.0,29575
2737700,450110,1996-07-12,1,1,,,1.0,0.0,29582
2737790,450025,2015-09-26,4,1,,,,0.0,29940
2737793,450104,2015-10-03,0,11,4636.33,0.0,5887.0,4636.33,29566
2737817,450110,1989-09-21,1,1,17463.56,10000.0,20581.0,17463.56,29582
2737871,450104,1994-12-21,0,1,,,,0.0,29526
2737933,450089,1997-07-24,2,1,,,,0.0,29615
2737962,450106,1999-09-16,2,1,29716.17,0.0,33807.0,29716.17,29526
2737975,450085,1996-09-05,4,1,,,,0.0,29576
2737994,450104,1998-02-06,2,1,5604.34,0.0,6354.0,5604.34,29526
2738022,450172,2024-07-26,4,11,15553.72,0.0,17554.0,15553.72,29206
2738027,450085,1989-09-22,1,1,26125.14,15000.0,26675.0,26125.14,29585
2738030,455412,2018-07-20,4,15,2632.95,0.0,4616.0,2632.95,29407
2738043,455412,2015-10-03,2,11,3683.39,0.0,4933.0,3683.39,29407
2738071,455413,2015-10-04,4,1,14532.47,1576.43,13394.0,14532.47,29414
2738117,450104,2020-11-22,2,1,3026.43,0.0,4026.0,3026.43,29526
2738126,450030,1991-07-15,4,1,,,,0.0,29410
2738153,455412,1989-09-22,1,1,9320.66,0.0,9820.0,9320.66,29401
2738163,450030,2015-10-02,4,1,5857.71,3938.84,7805.0,5857.71,29410
2738185,450104,1989-09-22,1,3,,,,0.0,29572
2738211,450104,2018-09-18,2,11,42747.96,21053.13,42651.0,42747.96,29568
2738235,455412,2015-10-05,2,1,29341.25,0.0,30591.0,29341.25,29412
2738236,455412,2015-08-31,2,1,16221.41,0.0,16710.0,16221.41,29414
2738282,450250,2021-07-08,4,16,6825.91,0.0,8076.0,6825.91,29926
2738426,450085,1986-12-02,1,1,612.97,0.0,1162.0,612.97,
2738427,450129,2023-06-21,4,11,,,,0.0,29072
2738450,455413,2016-10-08,4,1,,,,0.0,29412
2738459,450085,1989-09-22,1,2,9089.32,0.0,9639.0,9089.32,29585
2738499,450110,1998-08-26,2,1,,,,0.0,29582
2738530,455418,1986-12-31,1,1,3117.81,0.0,4500.0,3117.81,29482
2738536,450182,2015-10-04,0,1,,,,0.0,29154
2738629,450104,1989-09-21,1,1,18434.41,2034.95,20236.0,18434.41,29576
2738685,455418,1989-09-22,1,1,74388.22,15800.0,75388.0,74388.22,29482
2738698,450109,2015-10-04,0,11,26113.6,0.0,27114.0,26113.6,29577
2738738,450110,1998-08-26,4,3,,,,0.0,29582
2738807,455413,1989-09-22,1,1,,,,0.0,29412
2738822,450104,2023-07-14,4,11,28851.45,4451.83,26819.0,28851.45,29511
2738830,455415,1989-09-21,1,1,4361.1,0.0,4862.0,4361.1,29439
2738832,450025,1994-10-13,4,1,313.59,0.0,802.0,313.59,29926
2738911,455416,1989-09-21,1,1,5087.2,0.0,5587.0,5087.2,29451
2738982,455412,2016-10-08,4,1,,,1674.0,0.0,29414
2739104,455417,1989-09-21,1,1,,,,0.0,29466
2739412,450110,2015-10-04,0,1,,,1043.0,0.0,29582
2739525,455412,1994-10-03,4,1,2626.0,0.0,3376.0,2626.0,29401
2739693,455412,2015-10-03,4,1,,,1121.0,0.0,29414
2739761,450250,2018-02-07,1,1,,,,0.0,29926
2739824,455412,1989-09-21,1,2,41589.05,0.0,42089.0,41589.05,29401
2739844,450250,2016-10-08,1,1,17084.44,0.0,15994.0,17084.44,29928
2739899,450104,1989-09-22,1,1,59600.0,11600.0,60150.0,59600.0,29576
2739927,450110,1999-09-16,0,1,,,,0.0,29582
2739987,450085,1989-09-22,0,1,,,,0.0,29585
2740067,455416,1989-09-22,1,1,,,,0.0,29451
2740096,455417,2007-07-14,4,4,,,,0.0,29464
2740097,450141,2021-02-22,2,11,5301.35,0.0,10301.0,5301.35,29574
2740116,455413,2017-09-11,4,11,69021.65,6729.13,62635.0,69021.65,29412
2740213,450104,2018-09-12,2,1,81651.94,1888.22,76094.0,81651.94,29588
2740223,450104,2012-02-22,0,3,,,,0.0,29575
2740552,450141,2018-09-13,2,11,71966.6,25855.87,71804.0,71966.6,29581
2740597,455412,2017-09-11,4,1,31412.79,0.0,36413.0,31412.79,29414
2740601,455415,1989-09-22,1,1,45916.6,4184.8,55000.0,45916.6,29439
2740612,455412,1999-09-15,4,6,,,,0.0,29407
2740772,455412,1989-09-22,1,1,0.0,7600.0,,0.0,29401
2740812,450109,1996-09-06,1,1,,,,0.0,29577
2740820,450085,2016-10-08,1,1,,,3524.0,0.0,29576
2740896,450172,2015-10-04,4,3,57069.91,42143.11,58069.0,57069.91,29205
2740963,450085,1994-12-22,2,1,5907.48,465.11,7000.0,5907.48,29510
2740994,455412,1989-09-22,1,1,,,,0.0,29412
2741071,455412,1979-09-04,1,1,556.24,0.0,757.0,556.24,29401
2741130,450085,1987-01-01,1,1,5550.14,0.0,6051.0,5550.14,
2741158,455415,2016-10-08,2,1,,,370.0,0.0,29439
2741212,455417,1989-09-21,2,1,3038.0,612.0,4200.0,3038.0,29464
2741276,450109,1999-09-16,4,1,34419.98,0.0,34919.0,34419.98,29575
2741301,455413,2004-08-29,4,1,,,,0.0,29455
2741341,450085,1989-09-21,1,1,2360.0,0.0,2860.0,2360.0,29585
2741417,450025,2016-10-08,1,1,515.42,0.0,1765.0,515.42,29920
2741422,450068,2024-10-04,1,11,,,,0.0,29485
2741457,455412,1989-09-22,4,1,,,,0.0,29412
2741488,450085,1989-09-22,4,1,70000.0,8800.0,79658.0,70000.0,29576
2741758,455413,1989-09-22,1,1,,,,0.0,29407
2741767,450170,2016-10-16,0,11,,,,0.0,29203
2741802,450085,1989-09-22,1,1,10589.53,4681.36,11139.0,10589.53,29585
2742017,450108,2018-09-14,4,11,21931.55,0.0,21681.0,21931.55,29569
2742084,455417,1989-09-22,1,1,,,,0.0,29464
2742114,450110,2000-09-03,4,1,6149.96,2072.5,6649.0,6149.96,29582
2742128,455412,2017-09-11,1,1,41203.78,0.0,42454.0,41203.78,29414
2742144,450250,2016-10-08,0,3,23422.72,0.0,24673.0,23422.72,29928
2742151,455413,1989-09-22,1,1,13612.76,0.0,4111276.0,13612.76,29412
2742175,455416,1989-09-21,1,4,54735.51,0.0,55235.0,54735.51,29451
2742200,450250,2016-10-08,4,1,61297.24,0.0,60124.0,61297.24,29926
2742328,455416,1989-09-22,1,1,15066.94,0.0,15567.0,15066.94,29451
2742645,450025,2016-10-05,0,1,,,,0.0,29910
2742724,450089,2024-09-27,2,11,11972.4,0.0,13222.0,11972.4,29650
2742746,450104,1989-09-22,1,3,90111.54,0.0,90661.0,90111.54,29572
2742754,455412,1989-09-21,1,4,9110.0,0.0,9610.0,9110.0,29403
2742767,450170,2015-10-04,0,3,,,1625.0,0.0,29209
2742814,450104,2018-09-12,2,11,22099.28,0.0,18746.0,22099.28,29527
2742933,455412,1979-09-04,1,2,100.0,0.0,300.0,100.0,29401
2742939,450065,2018-09-16,2,1,19371.11,0.0,14998.0,19371.11,29536
2742961,455413,1989-09-21,1,4,16758.65,0.0,22759.0,16758.65,29439
2743010,455412,2020-05-20,D,3,3510.7,0.0,5511.0,3510.7,29412
2743075,450104,2016-10-08,1,16,5796.36,0.0,5484.0,5796.36,29576
2743111,455413,1989-09-21,1,1,37994.1,0.0,38494.0,37994.1,29464
2743135,455416,1989-09-22,2,1,112840.0,41880.63,113400.0,112840.0,29451
2743363,450085,1989-09-22,1,1,109500.0,7200.0,110050.0,109500.0,29576
2743379,455412,1989-09-21,1,2,,,,0.0,29403
2743406,450255,1999-09-15,4,1,,,,0.0,29585
2743434,455412,2016-10-08,1,1,22577.59,0.0,27036.0,22577.59,29401
2743442,455412,1989-09-05,4,1,2913.21,0.0,3113.0,2913.21,29407
2743553,450129,2015-10-05,4,1,106601.47,0.0,108601.0,106601.47,29210
2743600,450250,2017-09-11,2,1,20.8,0.0,1271.0,20.8,29926
2743642,455413,1989-09-22,1,1,,,,0.0,29455
2743809,455413,1989-09-22,1,1,3338.91,0.0,3838.0,3338.91,29455
2743834,450111,1989-09-21,1,1,46000.0,725.0,46500.0,46000.0,29575
2743890,455412,1989-09-21,1,1,27798.1,1960.6,28298.0,27798.1,29402
2743896,450104,2022-09-28,1,15,,,,0.0,29576
2743897,450104,1999-09-19,4,1,38715.89,12368.23,39215.0,38715.89,29575
2743915,450104,2001-03-20,2,1,1756.19,0.0,2757.0,1756.19,29575
2743926,450089,1995-08-26,2,1,18697.37,0.0,19699.0,17684.33,29615
2743995,450110,1989-09-22,3,1,950.0,0.0,42500.0,950.0,29582
2744033,450250,1992-11-22,4,6,,,,0.0,29938
2744048,450110,2016-10-08,1,1,,,674.0,0.0,29582
2744173,455413,1989-09-22,1,1,,,,0.0,29405
2744273,450110,1996-10-08,0,3,6772.48,0.0,7272.0,6772.48,29582
2744362,450110,1989-09-22,1,1,8768.0,7793.0,9318.0,8768.0,29582
2744384,375354,1987-01-01,1,1,6803.81,0.0,7804.0,6803.81,29609
2744405,450078,2015-10-03,0,1,8252.4,591.45,9503.0,8252.4,29505
2744470,455416,1989-09-21,1,1,53834.73,11915.0,54334.0,53834.73,29451
2744489,450172,2009-12-24,2,1,8327.52,0.0,8828.0,8327.52,29206
2744649,455412,1989-09-22,1,1,,,,0.0,29403
2744650,450170,2015-10-03,4,3,99740.19,0.0,104740.0,99740.19,29210
2744777,455416,1989-09-22,1,1,6167.12,0.0,6668.0,6167.12,29451
2744803,450076,2012-07-11,4,1,105.71,3181.8,1105.0,105.71,29506
2744879,450172,2015-10-04,4,11,32123.02,35835.96,34123.0,32123.02,29204
2744895,450085,1989-09-22,1,1,71081.0,7484.0,71631.0,71081.0,29585
2744903,450075,2024-09-28,4,11,16691.59,0.0,18692.0,16691.59,29180
2744950,455412,1997-06-06,4,4,0.0,2037.3,,0.0,29401
2744966,455413,1989-09-21,0,1,,,,0.0,29455
2744967,450104,1999-09-15,4,1,,,,0.0,29576
2744996,450085,2022-09-30,1,11,2192.96,0.0,3443.0,2192.96,29440
2745036,450104,2020-08-03,4,13,6618.06,0.0,8618.0,6618.06,29576
2745051,455413,1989-09-21,1,1,3342.15,0.0,3842.0,3342.15,29455
2745107,450250,2017-09-11,2,11,2782.46,0.0,4005.0,2782.46,29928
2745195,455412,2016-10-08,4,1,11339.37,0.0,14339.0,11339.37,29401
2745247,450172,2013-06-25,4,4,0.0,41843.26,,0.0,29209
2745350,450085,2015-10-07,2,1,59523.93,23029.26,60773.0,59523.93,29440
2745356,455415,1987-01-01,2,1,7428.36,884.6,7929.0,7428.36,29439
2745510,455417,1989-09-21,1,1,25265.3,10200.0,25766.0,25265.3,29464
2745519,455417,2016-10-08,4,11,15887.47,0.0,13483.0,15887.47,29464
2745529,450110,1989-09-22,1,4,1592.08,0.0,2092.0,1592.08,29582
2745624,455417,1989-09-21,1,1,64766.47,0.0,69266.0,64766.47,29464
2745859,450085,2016-10-08,,11,,,,0.0,29576
2746175,450250,2016-10-07,1,1,28453.64,10637.78,30453.0,28453.64,29928
2746257,455412,2017-09-11,2,11,24899.24,0.0,29899.0,24899.24,29401
2746267,450085,1999-09-18,2,1,3416.07,0.0,4417.0,3416.07,29576
2746300,455417,1989-09-22,1,1,8609.36,0.0,9109.0,8609.36,29464
2746414,450085,1989-09-21,1,3,,,,0.0,29576
2746496,455415,1989-09-21,1,2,102775.62,0.0,103275.0,102775.62,29439
2746518,455413,1989-09-22,1,1,,,,0.0,29412
2746533,450104,2015-10-05,2,1,12364.73,0.0,10891.0,12364.73,29526
2746577,450085,1987-01-01,1,1,1323.39,0.0,1823.0,1323.39,29585
2746703,450085,1989-09-22,1,1,104326.45,0.0,104875.0,104326.45,29940
2746781,450250,1994-10-13,4,2,5793.75,0.0,7053.0,5793.75,29938
2746798,450085,2015-10-05,4,11,2340.6,0.0,6324.0,2340.6,29440
2746833,450104,2018-09-21,4,11,51750.71,12362.44,53001.0,51750.71,29526
2746886,455412,1989-09-22,1,1,27153.5,0.0,28153.0,27153.5,29401
2747105,450085,2015-09-26,4,1,18752.79,0.0,18951.0,18752.79,29576
2747112,450250,2016-10-08,0,1,136581.44,45071.36,137831.0,136581.44,29926
2747133,455414,2016-10-08,1,1,,,155.0,0.0,29438
2747150,455416,1989-09-22,1,1,6095.67,0.0,7095.0,6095.67,29451
2747205,450025,1989-08-14,4,1,1002.95,156.0,1502.0,1002.95,29928
2747246,455418,1989-09-21,1,1,16316.49,0.0,16816.0,16316.49,29482
2747426,450129,2015-10-04,4,1,87500.0,0.0,103777.0,87500.0,29212
2747469,455412,2015-10-03,4,11,9891.66,0.0,7086.0,9891.66,29414
2747476,450170,2015-10-03,2,1,22171.87,0.0,23422.0,22171.87,29223
2747494,450250,2016-10-08,2,1,,,,0.0,29926
2747497,455414,1983-03-17,4,2,695.4,0.0,1034.0,695.4,
2747526,450104,1999-09-16,2,1,69500.3,12356.09,70100.0,69500.3,29526
2747543,450172,2002-07-11,,1,,,,0.0,29204
2747558,450172,2015-10-04,2,15,228300.0,0.0,262433.0,228300.0,29205
2747579,450042,1990-11-09,4,2,14861.3,0.0,15361.0,14861.3,29418
2747638,450085,1996-09-05,4,3,,,,0.0,29585
2747643,450025,2017-09-11,4,1,1517.14,0.0,3517.0,1517.14,29926
2747673,450076,2015-10-04,0,1,102374.7,14000.0,104375.0,102374.7,29506
2747677,450250,2016-10-08,2,11,33013.36,0.0,38013.0,33013.36,29926
2747715,450109,1998-02-05,4,1,2665.38,0.0,3165.0,2665.38,29577
2747795,450026,1994-10-02,1,1,8014.57,6707.32,8514.0,8014.57,29902
2747829,455412,2015-10-02,4,1,17250.17,0.0,13849.0,17250.17,29414
2747919,455412,1989-09-22,1,1,7706.71,0.0,7609.0,7706.71,29401
2747964,450085,2015-10-03,4,1,,,1175.0,0.0,29585
2747995,450109,1989-09-22,1,4,38479.52,15253.39,43000.0,38479.52,29577
2748019,455412,1989-09-21,1,1,18779.2,0.0,19279.0,18779.2,29403
2748165,450085,1987-01-01,1,1,2119.0,0.0,2619.0,2119.0,29585
2748214,450176,2005-07-07,1,11,9093.41,6211.78,9593.0,9093.41,29349
2748280,450085,1989-09-21,1,1,44000.0,10573.0,44500.0,44000.0,29576
2748283,450104,1999-09-15,1,1,900.0,3520.0,1400.0,900.0,29588
2748313,455412,1989-09-21,0,1,3629.48,0.0,4129.0,3629.48,29401
2748346,455417,1989-09-22,1,1,,,500.0,0.0,29464
2748374,450085,2015-10-04,2,11,243941.49,0.0,229484.0,243941.49,29440
2748396,450025,2017-09-11,2,1,5636.14,0.0,6597.0,5636.14,29926
2748482,450104,2018-09-19,,11,,,,0.0,29568
2748506,450111,2019-09-05,4,1,548.97,0.0,,548.97,29575
2748520,450110,1993-03-13,1,1,,,15500.0,0.0,29582
2748546,455413,2015-10-05,2,1,,,,0.0,29414
2748600,455413,1989-09-21,1,1,6790.0,0.0,7290.0,6790.0,29407
2748616,450109,1999-09-15,4,1,6689.35,4984.5,7189.0,6689.35,29572
2748658,455412,1997-04-28,2,1,2111.26,0.0,2862.0,2111.26,29407
2748679,455413,2023-08-30,2,11,11578.4,5002.08,12256.0,11578.4,29412
2748730,450085,2016-10-08,1,1,,,1980.0,0.0,29576
2748795,455413,2015-10-03,0,11,,,770.0,0.0,29412
2748803,455416,1989-09-22,1,1,54600.0,15100.0,80903.0,54600.0,29451
2748946,450104,1989-09-21,1,4,181500.0,0.0,214378.0,181500.0,29577
2749060,455412,1989-09-21,1,1,2326.79,0.0,2826.0,2326.79,29403
2749063,450068,2024-08-09,4,11,7561.02,0.0,9839.0,7561.02,29477
2749100,450085,1989-09-22,1,1,13432.1,0.0,13932.0,13432.1,29440
2749225,450141,2016-10-08,4,11,5885.52,0.0,7136.0,5885.52,29574
2749257,450110,1999-09-15,1,1,,,,0.0,29582
2749281,450025,2016-10-08,0,1,46208.69,0.0,47459.0,46208.69,29906
2749330,450085,1989-09-22,1,1,10457.76,0.0,11457.0,10457.76,29440
2749336,450085,2022-09-30,1,16,6289.83,0.0,7540.0,6289.83,29440
2749367,450110,2022-10-01,1,11,1750.94,0.0,3001.0,1750.94,29582
2749396,450085,1989-09-22,1,11,4072.88,0.0,5072.0,4072.88,29585
2749415,450104,2006-08-31,4,1,1974.42,0.0,2475.0,1974.42,29568
2749469,455412,2015-10-27,4,1,9043.53,0.0,10132.0,9043.53,29401
2749554,455412,1989-09-21,1,1,592.95,0.0,2093.0,592.95,29401
2749576,450089,2020-01-03,2,1,11290.22,0.0,16290.0,11290.22,29615
2749610,450172,2015-10-04,2,15,76500.0,0.0,84563.0,76500.0,29205
2749719,450025,2017-09-11,0,11,42800.0,1641.84,45146.0,42800.0,29920
2749728,450110,1989-09-22,1,1,2200.0,0.0,2750.0,2200.0,29582
2749767,455412,1989-09-21,1,4,0.0,25000.0,,0.0,29451
2749839,455415,1989-09-21,1,1,31863.0,9100.0,32363.0,31863.0,29439
2749860,450068,2014-09-26,0,1,,,,0.0,29483
2749882,450067,2016-10-09,4,1,13630.52,6466.21,4630.0,13630.52,29565
2749889,450129,2015-10-04,4,1,,,,0.0,29033
2749894,450109,1998-08-26,4,1,,,,0.0,29572
2749916,455412,1989-09-22,1,1,3207.0,0.0,3707.0,3207.0,29401
2749965,455416,1989-09-22,1,1,2425.0,0.0,3425.0,2425.0,29451
2749984,455413,1981-08-19,4,1,,,,0.0,29482
2750062,450042,2017-09-11,2,11,5363.75,0.0,7363.0,5363.75,29405
2750182,450110,1989-09-22,1,1,47476.86,0.0,48025.0,47476.86,29582
2750247,450029,1989-09-21,1,1,,,,0.0,29492
2750301,455412,1989-09-22,1,1,7350.72,2675.0,7851.0,7350.72,29401
2750356,455416,1989-09-21,1,1,42600.0,0.0,43100.0,42600.0,29451
2750363,450089,2020-07-24,4,1,6622.55,0.0,7489.0,6622.55,29681
2750405,450075,1987-01-01,1,1,1818.64,0.0,2319.0,1818.64,29585
2750418,455413,1989-09-22,1,1,1105.28,245.68,1605.0,1105.28,29482
2750437,450141,2021-02-20,2,11,2749.93,0.0,7679.0,2749.93,29574
2750475,455416,2015-10-04,4,1,514.49,0.0,3514.0,514.49,29451
2750597,450042,2015-10-03,4,1,,,3500.0,0.0,29406
2750657,450110,1987-01-01,1,1,830.0,0.0,1730.0,830.0,29582
2750676,450110,1989-09-22,1,1,17016.0,640.0,17566.0,17016.0,29582
2750704,455415,2017-09-11,1,1,4765.21,0.0,6765.0,4765.21,29439
2750738,450025,2017-09-11,1,1,,,896.0,0.0,29926
2750925,455417,1989-09-21,1,1,13797.0,0.0,15627.0,13797.0,29464
2751000,455412,2017-09-11,1,1,2001.38,0.0,3001.0,2001.38,29401
2751088,450104,2018-09-22,1,1,150876.88,84000.0,134994.0,150876.88,29588
2751115,455413,1989-09-21,1,1,,,,0.0,29455
2751149,450109,1987-01-01,1,1,1688.86,0.0,2189.0,1688.86,29582
2751153,450089,1994-08-16,2,1,18753.07,5335.0,19300.0,18753.07,29661
2751198,450174,2009-12-25,4,1,11000.0,0.0,11000.0,11000.0,29206
2751218,450250,1994-10-12,4,1,,,,0.0,29928
2751292,455413,1989-09-22,1,1,,,,0.0,29412
2751351,450104,2016-10-08,1,1,54534.21,21225.3,49246.0,54534.21,29576
2751354,450250,2017-09-11,1,1,4750.47,0.0,6000.0,4750.47,29928
2751440,450110,2022-09-30,4,11,8322.94,1334.44,10323.0,8322.94,29582
2751486,450110,2015-08-27,4,18,48006.56,6291.12,50007.0,48006.56,29582
2751531,455412,2023-08-29,4,11,10267.39,0.0,14954.0,10267.39,29412
2751546,450068,2003-03-20,4,1,9217.13,825.38,9717.0,9217.13,29456
2751561,450104,2016-09-02,4,1,6265.92,0.0,7516.0,6265.92,29575
2751606,450025,2017-09-09,1,18,4275.56,0.0,5525.0,4275.56,29920
2751735,455412,2015-10-03,4,1,5394.04,768.34,6079.0,5394.04,29407
2751798,450160,1995-08-26,0,1,,,100.0,0.0,29038
2751806,450250,2016-10-08,1,15,50500.36,0.0,42753.0,50500.36,29928
2751841,455413,1989-09-22,1,1,,,,0.0,29412
2751857,450106,2016-10-12,2,11,7281.63,0.0,9091.0,7281.63,29526
2751879,455415,1989-09-21,1,1,,,,0.0,29439
2752102,455412,1989-09-21,1,1,4940.0,0.0,5440.0,4940.0,29401
2752159,450172,2015-10-04,2,1,122489.19,27765.86,95643.0,122489.19,29206
2752250,450109,1989-09-22,1,1,182172.67,60000.0,182722.0,182172.67,29440
2752251,450257,2015-10-03,4,11,765.49,0.0,2015.0,765.49,29455
2752408,450076,2016-10-08,2,6,20000.0,40000.0,21366.0,20000.0,29505
2752435,450025,2016-10-10,0,11,,,501.0,0.0,29920
2752500,450029,2017-09-11,1,11,34355.45,0.0,31656.0,34355.45,29486
2752640,450256,2016-10-08,1,1,58472.82,0.0,59722.0,58472.82,29455
2752834,455416,2005-08-28,4,1,,,,0.0,29451
2752955,450042,1989-09-22,1,3,,,,0.0,29406
2752959,450104,2018-09-19,2,11,120872.53,71510.82,116360.0,120872.53,29568
2752977,450085,1987-01-01,1,1,1804.0,0.0,2354.0,1804.0,29526
2753226,455412,2013-06-19,2,3,7314.32,0.0,12314.0,7314.32,29407
2753245,450085,1981-03-22,1,1,7527.18,0.0,7727.0,7527.18,29585
2753262,450085,1989-09-22,1,1,33385.72,22358.54,33935.0,33385.72,29576
2753418,455412,2015-10-12,0,1,,,,0.0,29407
2753456,450104,2016-10-08,0,1,1344.24,0.0,2594.0,1344.24,29576
2753656,450257,2017-09-11,1,11,4672.07,0.0,5922.0,4672.07,29455
2753726,450250,2016-10-08,2,12,,,,0.0,29926
2753909,450110,2016-10-07,1,1,33817.9,0.0,43818.0,33817.9,29582
2754091,455418,1989-09-22,1,1,6135.58,0.0,6636.0,6135.58,29482
2754184,450085,1989-09-22,1,1,16023.77,0.0,16573.0,16023.77,29585
2754280,450087,2015-10-03,4,4,15000.0,0.0,23848.0,15000.0,29440
2754281,450025,2016-10-08,0,11,,,486.0,0.0,29907
2754321,455418,1994-10-03,4,1,3839.02,0.0,5024.0,3839.02,29482
2754324,450104,2018-09-14,2,1,141848.46,0.0,130890.0,141848.46,29526
2754429,455412,2017-09-11,1,1,44836.7,0.0,47811.0,44836.7,29401
2754430,450250,2016-10-08,0,15,,,,0.0,29928
2754433,450029,1989-09-22,1,1,20000.0,0.0,20500.0,20000.0,29492
2754456,455412,1989-09-21,1,1,95586.38,0.0,101586.0,95586.38,29401
2754481,455415,2023-12-16,4,11,,,,0.0,29439
2754517,450141,2018-09-14,2,1,5080.34,0.0,5280.0,5080.34,29581
2754528,450026,1987-01-01,2,1,2882.5,0.0,3508.0,2882.5,29902
2754532,450085,1989-09-22,1,1,23884.06,0.0,24434.0,23884.06,29576
2754558,455413,2015-10-02,4,1,2017.15,0.0,3267.0,2017.15,29455
2754561,450111,1989-09-21,1,3,16023.91,0.0,16523.0,16023.91,29575
2754609,450110,1989-09-22,1,2,16211.12,3000.0,16761.0,16211.12,29582
2754634,450085,1989-09-22,1,1,25252.75,431.62,25753.0,25252.75,29585
2754678,450110,1981-11-13,4,1,1433.74,405.08,1634.0,1433.74,29582
2754739,450104,2001-03-20,2,1,17010.5,8595.5,17511.0,17010.5,29575
2754808,450256,2017-09-11,4,15,6801.05,0.0,8051.0,6801.05,29455
2754816,450160,2015-10-06,0,1,10513.54,2755.15,11764.0,10513.54,29059
2754850,450104,2022-09-28,1,15,463.52,0.0,1714.0,463.52,29576
2754906,450112,2016-05-29,0,1,,,,0.0,29936
2754976,450170,2015-10-07,4,1,,,,0.0,29229
2755037,450060,2004-09-07,4,1,549.72,0.0,1050.0,549.72,29550
2755042,450110,2022-09-30,4,15,65060.37,0.0,66310.0,65060.37,29582
2755075,450129,1997-10-08,0,1,,,,0.0,29210
2755103,450056,2017-09-11,4,1,,,,0.0,29446
2755118,450085,1989-09-22,1,1,113339.0,15400.0,113889.0,113339.0,29576
2755263,450110,2015-10-04,4,11,20740.97,16290.62,21990.0,20740.97,29582
2755279,455412,2020-05-20,D,18,6727.24,0.0,7977.0,6727.24,29403
2755391,450104,1986-11-28,1,3,406.05,0.0,956.0,406.05,29577
2755395,455413,1989-09-22,1,1,,,,0.0,29455
2755459,450255,2016-10-08,1,11,37285.17,2812.83,38535.0,37285.17,29585
2755465,450104,2010-10-01,4,1,1681.15,0.0,2682.0,1681.15,29575
2755526,450166,2004-09-04,0,1,23149.6,0.0,23649.0,23149.6,29671
2755628,450109,1989-09-22,1,4,167891.88,69246.52,168441.0,167891.88,29577
2755673,455413,1989-09-05,4,1,7229.12,0.0,7729.0,7229.12,29406
2755848,450170,2015-10-04,0,3,158435.54,0.0,160436.0,158435.54,29209
2755934,450172,2015-10-04,4,11,174579.33,0.0,163182.0,174579.33,29205
2755986,450085,1987-01-01,1,1,526.6,0.0,1028.0,526.6,
2755998,450025,1994-10-13,4,1,31958.56,13758.0,40502.0,31958.56,29928
2756120,450085,1989-09-22,1,1,4066.6,0.0,4616.0,4066.6,29585
2756169,450104,1996-09-05,4,1,39478.17,17783.4,40229.0,39478.17,29526
2756239,455412,2015-10-03,4,1,16051.16,0.0,26051.0,16051.16,29401
2756251,450110,1989-09-21,1,1,11656.0,8448.0,12895.0,11656.0,29582
2756265,450129,1999-06-26,4,1,,,400.0,0.0,29210
2756272,455412,2017-09-10,2,1,37637.74,0.0,34490.0,37637.74,29412
2756295,450110,1987-01-01,1,1,340.0,0.0,841.0,340.0,29582
2756302,455415,1989-09-22,1,1,10000.0,0.0,10500.0,10000.0,29439
2756336,450176,1995-08-27,0,1,,,,0.0,29302
2756469,450085,2022-09-30,1,12,0.0,2848.87,,0.0,29585
2756565,450110,1987-01-01,1,1,2179.2,0.0,2729.0,2179.2,29577
2756736,450104,2015-10-04,2,11,4231.08,0.0,5231.0,4231.08,29526
2756739,450250,2016-10-07,0,2,14012.39,0.0,15548.0,14012.39,29928
2756833,455412,1989-09-22,1,1,5500.0,0.0,6000.0,5500.0,29401
2756841,455416,1989-09-22,1,1,,,,0.0,29451
2756886,455413,2016-10-07,4,1,11256.41,2500.0,10698.0,11256.41,29414
2757003,450206,2016-10-08,1,1,26167.32,0.0,27167.0,26167.32,29445
2757014,455412,1990-10-11,4,3,,,,0.0,29403
2757069,455413,1999-09-15,4,1,,,,0.0,29439
2757252,450109,1989-09-22,2,1,36987.0,0.0,37487.0,36987.0,29577
2757260,450115,2015-10-03,4,1,,,1061.0,0.0,29045
2757291,450087,2016-10-08,1,6,70291.87,0.0,72291.0,70291.87,29440
2757431,450110,2023-12-17,4,15,8892.49,0.0,10142.0,8892.49,29582
2757489,450129,2006-08-25,1,1,3522.3,0.0,4522.0,3522.3,29036
2757491,450085,1987-01-01,1,1,1085.0,0.0,1585.0,1085.0,29585
2757553,450109,1996-09-05,,4,0.0,0.0,,0.0,29577
2757628,450104,2018-09-22,2,1,147361.8,0.0,131838.0,147361.8,29527
2757786,450068,2022-09-30,2,11,1346.59,0.0,2597.0,1346.59,29483
2758029,455412,2006-07-24,4,4,,,,0.0,29403
2758044,450078,2016-10-08,4,11,8204.5,0.0,9200.0,8204.5,29501
2758105,450109,1987-01-01,0,1,,,,0.0,29577
2758236,450110,2016-10-08,1,11,640.22,0.0,1890.0,640.22,29582
2758289,450110,1989-09-22,1,3,70494.0,0.0,71043.0,70494.0,29582
2758335,455412,2022-09-30,1,11,,,253.0,0.0,29403
2758345,450110,2020-08-04,0,1,,,,0.0,29582
2758356,455417,1989-09-22,1,1,41300.0,0.0,41800.0,41300.0,29464
2758361,455416,2017-09-11,1,1,16250.41,0.0,15548.0,16250.41,29451
2758429,450085,1999-09-15,2,1,,,,0.0,29576
2758453,455415,2017-09-11,2,1,,,1249.0,0.0,29439
2758508,450025,2016-10-08,1,1,1892.74,0.0,3142.0,1892.74,29920
2758517,455412,2017-09-11,1,11,3026.39,0.0,12283.0,3026.39,29401
2758557,450104,2018-09-19,2,11,104197.34,100000.0,105447.0,104197.34,29568
2758561,450250,2016-10-08,0,1,5021.04,782.02,6271.0,5021.04,29926
2758569,450085,1987-01-01,1,2,0.0,2603.0,,0.0,
2758588,450104,1989-09-22,1,3,,,,0.0,29572
2758590,455416,1989-09-21,1,1,3498.0,3831.0,3998.0,3498.0,29451
2758620,450068,2016-10-08,4,1,27178.5,6620.86,28428.0,27178.5,29456
2758689,450250,1994-10-13,4,1,,,400.0,0.0,29926
2758743,450250,2016-10-07,4,1,,,,0.0,29926
2758796,450087,2015-10-05,1,11,2899.06,0.0,3899.0,2899.06,29440
2758906,455412,1989-09-22,1,1,5627.0,0.0,8533.0,5627.0,29407
2759098,450110,1989-09-22,1,1,10562.01,5000.0,11112.0,10562.01,29582
2759159,455413,1989-09-22,1,1,10897.7,8639.79,11398.0,10897.7,29464
2759176,455413,2017-09-11,1,1,2863.32,0.0,7113.0,2863.32,29455
2759186,450085,1989-09-22,2,1,2430.0,0.0,4308.0,2430.0,29585
2759251,455412,2017-09-11,4,3,38245.45,0.0,48245.0,38245.45,29401
2759300,455416,1989-09-21,1,1,76572.88,17223.26,40660.0,76572.88,29451
2759353,450025,2016-10-08,2,11,,,1849.0,0.0,29910
2759367,455412,2016-10-08,1,1,9822.55,0.0,14321.0,9822.55,29401
2759447,450104,2015-10-04,0,1,,,215.0,0.0,29526
2759542,455416,1989-09-21,1,3,125706.61,0.0,148449.0,125706.61,29451
2759592,450250,2016-10-08,2,1,15645.76,771.79,20645.0,15645.76,29928
2759620,450104,1996-10-08,4,2,17645.17,0.0,21930.0,17645.17,29576
2759643,450085,1989-09-22,1,1,35900.0,6300.0,36595.0,35900.0,29585
2759645,455413,1989-09-22,1,1,31657.18,0.0,32658.0,31657.18,29464
2759663,455413,1979-09-20,1,1,160.66,0.0,442.0,160.66,29418
2759711,455412,2016-10-08,2,1,,,4244.0,0.0,29401
2759817,450250,2017-09-11,1,15,18688.48,0.0,14775.0,18688.48,29928
2759883,450111,2018-09-23,1,1,,,,0.0,29575
2759921,455413,1989-09-22,1,1,,,,0.0,29464
2760077,455412,2016-10-08,1,1,37684.35,5855.58,38934.0,37684.35,29414
2760167,455413,1989-09-21,1,1,6325.0,0.0,6825.0,6325.0,29412
2760182,450104,2018-09-18,2,1,33808.71,7963.69,29781.0,33808.71,29526
2760193,450110,1996-09-05,0,3,,,,0.0,29582
2760276,450052,2015-10-04,4,4,10000.0,8000.0,,0.0,29102
2760340,450106,2018-09-25,2,1,104005.72,5386.23,105255.0,104005.72,29526
2760493,455413,1979-09-04,1,1,,,,0.0,29455
2760627,455412,1989-09-21,1,4,15610.76,0.0,16110.0,15610.76,29401
2760748,450256,2016-10-08,1,11,,,298.0,0.0,29455
2760938,450110,1986-12-02,0,1,17631.61,0.0,18132.0,17631.61,29582
2760948,450163,2015-10-04,,6,,,,0.0,29059
2760989,455416,1989-09-21,1,3,,,,0.0,29451
2761008,455413,1989-09-22,1,1,,,,0.0,29414
2761176,450085,2016-10-08,2,2,0.0,13644.54,,0.0,29585
2761189,450085,1989-09-22,1,1,66817.92,40720.7,67367.0,66817.92,29007
2761212,455412,2015-10-03,0,11,14891.74,0.0,16142.0,14891.74,29414
2761224,450109,2016-10-08,0,18,,,,0.0,29577
2761308,450104,2001-03-20,4,1,18316.69,3112.96,18817.0,18316.69,29575
2761383,450076,2020-05-27,4,11,16065.05,0.0,17315.0,16065.05,29505
2761397,450042,1989-09-22,1,1,,,,0.0,29418
2761474,450104,2015-10-02,2,1,9440.76,0.0,10440.0,9440.76,29575
2761534,450110,1998-08-26,2,1,,,,0.0,29582
2761559,450085,1989-09-22,1,1,42400.0,11000.0,45500.0,42400.0,29585
2761604,455415,1989-09-21,1,1,30152.58,0.0,30652.0,30152.58,29439
2761675,455412,2017-09-11,0,11,,,,0.0,29401
2761677,455413,2021-02-01,4,1,7610.87,0.0,8861.0,7610.87,29466
2761702,455412,2017-09-11,4,11,15848.59,0.0,16947.0,15848.59,29401
2761787,450129,2015-10-04,2,11,18333.14,0.0,16799.0,18333.14,29212
2761820,450104,2021-02-28,2,1,40758.82,9346.04,42009.0,40758.82,29588
2761988,450250,2016-10-08,2,11,6039.72,0.0,7290.0,6039.72,29928
2762005,450104,1989-09-22,1,3,,,,0.0,29572
2762305,455412,2017-09-11,1,11,19756.9,0.0,23717.0,19756.9,29401
2762306,450250,2016-10-08,0,11,6119.25,904.34,7369.0,6119.25,29928
2762361,455412,1989-09-21,1,1,9435.0,0.0,9935.0,9435.0,29412
2762443,455417,1989-09-21,1,1,7360.0,0.0,7860.0,7360.0,29464
2762461,455413,1999-09-15,4,1,,,,0.0,29405
2762520,450040,2017-09-11,4,1,57584.61,0.0,56258.0,57584.61,29449
2762556,450129,2011-07-05,4,2,8476.98,0.0,10476.0,8476.98,29070
2762599,455413,2015-09-25,2,1,,,1172.0,0.0,29455
2762664,450030,1998-09-21,4,1,904.4,0.0,1655.0,904.4,29410
2762719,455413,1989-09-21,1,1,24341.28,16013.0,24841.0,24341.28,29405
2762783,450141,2024-08-09,2,11,68000.0,7315.42,57425.0,68000.0,29574
2762944,455414,2017-09-11,1,11,4319.97,0.0,5569.0,4319.97,29438
2763003,450250,2014-07-05,0,1,0.0,0.0,,0.0,29926
2763065,455412,2002-08-29,1,1,1080.0,0.0,1580.0,1080.0,29407
2763104,450060,1998-02-12,2,1,1604.8,0.0,2355.0,1604.8,29532
2763149,450104,2018-09-22,2,1,34000.0,0.0,84445.0,34000.0,29526
2763218,450121,2015-07-30,0,1,,,,0.0,29720
2763232,450250,2017-09-11,1,15,5789.18,0.0,6789.0,5789.18,29928
2763246,450109,2015-10-05,4,1,9616.05,0.0,6148.0,9616.05,29572
2763287,450170,2015-10-04,4,1,13178.03,0.0,17326.0,13178.03,29036
2763297,455416,1989-09-22,1,1,,,,0.0,29451
2763312,450088,1979-09-04,1,1,,,,0.0,
2763333,450170,2015-10-05,4,11,,,1116.0,0.0,29205
2763375,450104,2015-10-04,2,11,2033.27,0.0,2636.0,2033.27,29526
2763376,450109,2021-08-03,4,15,49912.14,0.0,51325.0,49912.14,29572
2763541,455412,1989-09-22,0,1,,,,0.0,29412
2763714,450088,1986-12-31,2,1,0.0,1488.5,,0.0,29576
2763866,450076,2018-09-20,2,11,,,439.0,0.0,29506
2763874,450025,2016-10-08,1,1,3955.64,974.4,4910.0,3955.64,29902
2763903,450040,2016-10-08,2,11,0.0,5514.45,500.0,0.0,29449
2763945,450104,1987-01-01,1,1,500.0,0.0,1250.0,500.0,29578
2763980,450031,2024-08-09,4,11,17647.43,9431.5,19647.0,17647.43,29461
2764001,455412,1989-09-22,1,1,,,,0.0,29412
2764015,450181,2015-10-03,0,11,,,373.0,0.0,29302
2764026,450141,2018-09-22,4,1,34000.0,0.0,44778.0,34000.0,29546
2764027,450110,1993-03-13,0,1,,,,0.0,29582
2764343,450257,2017-09-11,0,1,,,,0.0,29455
2764346,450110,2016-10-08,1,1,,,802.0,0.0,29582
2764351,450075,2020-02-08,2,11,,,3739.0,0.0,29180
2764530,455416,1999-09-15,4,1,,,,0.0,29451
2764550,450107,1983-03-17,4,1,3711.87,1702.0,4711.0,3711.87,29576
2764551,455417,1996-10-08,4,1,366.69,0.0,1367.0,366.69,29464
2764562,455412,1989-09-21,1,2,14816.54,0.0,15316.0,14816.54,29403
2764565,455412,2016-10-08,4,11,9167.46,0.0,8326.0,9167.46,29407
2764600,450104,2013-07-08,0,1,1668.55,0.0,2669.0,1668.55,29526
2764613,450085,1989-09-22,1,1,17355.53,481.0,17856.0,17355.53,29576
2764623,450109,1989-09-22,1,1,,,,0.0,29577
2764661,450104,2015-10-05,4,1,24644.02,0.0,24754.0,24644.02,29526
2764757,450172,2015-10-04,0,1,221505.34,75000.0,226506.0,221505.34,29205
2764788,450089,1984-07-14,1,1,,,,0.0,29615
2764820,450085,1989-09-22,1,1,47166.28,8614.0,48216.0,47166.28,29576
2764831,450110,1989-09-22,1,1,48.4,0.0,54840.0,48.4,29582
2764941,450250,2016-10-08,0,1,,,,0.0,29928
2764986,455412,2017-09-11,0,1,49176.97,0.0,51177.0,49176.97,29401
2765036,450085,1989-09-21,1,4,113000.0,0.0,113500.0,113000.0,29576
2765083,450085,1989-09-22,1,1,7215.23,12814.17,8216.0,7215.23,29576
2765188,450104,1998-02-02,2,1,12774.75,0.0,13275.0,12774.75,29588
2765200,450110,1989-09-22,1,3,115600.22,0.0,116150.0,115600.22,29582
2765236,450110,1995-09-14,4,1,0.0,332.21,,0.0,29582
2765309,450104,2018-09-14,4,1,89322.28,37334.56,87091.0,89322.28,29568
2765439,450104,2018-09-24,4,1,85386.03,14710.2,69150.0,85386.03,29577
2765535,455413,1989-09-22,2,1,1200.0,0.0,3864.0,1200.0,29412
2765600,455412,2017-09-11,2,1,344.26,0.0,1594.0,344.26,29407
2765661,450104,2016-10-08,4,6,50982.62,6510.8,52982.0,50982.62,29576
2765713,450106,1999-09-15,4,1,64258.35,0.0,64758.0,64258.35,29526
2765808,455416,1989-09-22,1,1,23000.5,2650.0,24001.0,23000.5,29451
2765832,455412,1989-09-22,1,1,20788.94,0.0,21288.0,20788.94,29401
2765876,450042,2016-10-08,0,18,35862.52,1994.31,37113.0,35862.52,29405
2765907,455418,1989-09-21,1,1,26600.0,0.0,27100.0,26600.0,29482
2765959,450160,2015-10-03,2,1,11630.74,2582.43,11880.0,11630.74,29048
2766038,450089,1994-08-16,4,1,,,,0.0,29617
2766103,455414,2016-10-08,1,11,260.25,0.0,1510.0,260.25,29438
2766133,455412,2017-09-11,1,1,4905.28,0.0,6050.0,4905.28,29407
2766153,455413,1995-09-14,4,1,327.4,0.0,828.0,327.4,29412
2766219,450109,1996-09-05,4,1,234.05,0.0,734.0,234.05,29577
2766239,455412,1989-09-22,1,1,,,,0.0,29407
2766252,450110,1984-09-13,1,1,1476.37,0.0,4977.0,1476.37,29582
2766368,450250,2017-09-11,1,15,7601.85,0.0,8659.0,7601.85,29928
2766375,455413,1989-09-21,1,1,,,,0.0,29407
2766475,450110,2016-10-08,1,1,7638.42,0.0,8888.0,7638.42,29582
2766506,450025,1995-08-26,1,1,3041.59,0.0,4212.0,3041.59,29928
2766587,450040,2017-09-10,4,1,,,,0.0,29449
2766828,450109,1989-09-22,0,4,,,,0.0,29577
2766883,450110,1989-09-22,1,3,46149.7,0.0,46699.0,46149.7,29582
2766890,455417,1989-09-21,1,1,31168.52,0.0,31668.0,31168.52,29464
2766989,450030,2003-03-20,4,1,1982.02,0.0,2483.0,1982.02,29410
2766994,455412,2016-10-07,4,11,6390.83,0.0,7640.0,6390.83,29407
2767007,450104,2021-04-09,0,1,,,0.0,0.0,29579
2767125,450104,2018-09-23,2,1,45521.6,3909.31,22193.0,45521.6,29526
2767154,450085,2023-12-17,3,11,61864.83,0.0,63115.0,61864.83,29576
2767254,450110,1996-09-05,2,1,1834.65,0.0,3136.0,1834.65,29582
2767299,450085,1989-09-21,1,1,73296.72,30353.65,75000.0,73296.72,29585
2767461,450109,2016-09-03,4,18,6329.67,0.0,7579.0,6329.67,29577
2767565,455413,2016-10-08,1,1,6193.35,0.0,7443.0,6193.35,29455
2767604,450110,1989-09-22,1,1,2651.76,0.0,3201.0,2651.76,29582
2767719,450104,1989-09-22,1,2,32738.01,2004.69,34000.0,32738.01,29576
2767724,455412,1998-08-15,4,1,622.24,0.0,1373.0,622.24,29412
2767744,450085,1993-01-08,0,1,,,,0.0,29585
2767772,455412,1994-10-02,4,1,,,,0.0,29412
2767801,450145,2018-09-16,2,1,,,,0.0,29592
2767891,450109,1989-09-22,1,4,140746.77,60500.0,141296.0,140746.77,29577
2767926,455416,1989-09-21,1,1,8900.4,0.0,9400.0,8900.4,29451
2767941,455413,1989-09-22,1,1,,,,0.0,29455
2767966,455417,1979-09-04,1,4,0.0,1700.6,,0.0,29464
2768001,450111,1989-09-22,2,1,6472.3,2717.4,6972.0,6472.3,29575
2768027,450129,1987-09-07,4,1,28292.76,20000.0,28793.0,28292.76,29210
2768030,450110,1999-09-15,4,1,,,33.0,0.0,29582
2768072,455417,2015-10-04,4,11,3502.22,0.0,4176.0,3502.22,29464
2768123,450085,2015-10-04,1,1,1124.83,0.0,2124.0,1124.83,29440
2768146,450085,1989-09-22,1,1,17101.89,1685.0,17651.0,17101.89,29576
2768235,455415,1994-10-13,9,1,2039.53,0.0,3763.0,2039.53,29439
2768237,450110,2022-09-30,1,11,,,,0.0,29582
2768282,450198,2004-09-27,4,1,22880.3,0.0,23380.0,22880.3,29662
2768328,450111,1983-03-24,4,2,5331.64,0.0,5962.0,5331.64,
2768375,455416,1994-10-03,4,2,5785.95,0.0,6536.0,5785.95,29451
2768417,455413,1989-09-23,2,1,1099.25,0.0,1800.0,1099.25,29412
2768517,450111,1999-09-16,4,1,584.09,0.0,1084.0,584.09,29575
2768666,455416,1989-09-21,1,2,35000.0,0.0,35500.0,35000.0,29451
2768679,450025,2016-10-08,1,11,11018.08,0.0,9689.0,11018.08,29920
2768680,450085,1989-09-22,1,4,27415.22,0.0,32465.0,27415.22,29576
2768712,450085,1989-09-22,1,1,47834.41,8780.55,50517.0,47834.41,29440
2768868,450104,2000-08-29,2,2,2053.72,0.0,2554.0,2053.72,29576
2768898,455413,2017-09-11,0,11,24881.81,0.0,26132.0,24881.81,29414
2768938,455412,1979-10-01,1,1,,,,0.0,29401
2768941,455413,1994-10-13,4,4,1778.0,0.0,2278.0,1778.0,29412
2769010,450076,2016-10-08,0,1,7884.66,0.0,8984.0,7884.66,29506
2769013,450109,2010-08-01,4,1,1262.22,0.0,2263.0,1262.22,29577
2769052,455413,1989-09-22,1,1,,,,0.0,29407
2769067,450104,2016-09-02,,1,,,,0.0,29576
2769071,455415,1989-09-22,1,1,4264.83,2609.8,7875.0,4264.83,29439
2769089,450029,2024-08-07,4,11,78415.62,582.8,79666.0,78415.62,29461
2769479,455412,1989-09-21,1,1,825.0,0.0,1325.0,825.0,29407
2769481,455413,1989-09-22,1,1,,,,0.0,29414
2769621,450110,1979-09-04,1,2,1847.25,105.15,2247.0,1847.25,29598
2769643,455413,1989-09-21,1,2,7023.0,0.0,7523.0,7023.0,29412
2769777,450025,2016-10-08,1,11,2281.33,0.0,3531.0,2281.33,29920
2769845,450025,2017-09-11,1,11,34414.55,0.0,33750.0,34414.55,29907
2769846,450104,2016-10-08,4,1,8343.78,0.0,9344.0,8343.78,29527
2769882,455412,2005-07-09,4,2,23664.01,0.0,24165.0,23664.01,29407
2769885,455412,2017-09-11,1,1,3521.09,0.0,5521.0,3521.09,29401
2769930,455413,2016-10-08,1,11,6968.06,207.71,7869.0,6968.06,29407
2770019,450104,1999-09-16,4,1,17416.35,8457.25,10891.0,17416.35,29579
2770271,455416,1989-09-22,1,1,356.8,0.0,85680.0,356.8,29451
2770276,455418,2016-10-08,4,1,,,3515.0,0.0,29482
2770300,455415,1989-09-21,1,1,20000.0,0.0,21000.0,20000.0,29439
2770311,450111,1989-09-22,1,2,4152.86,152.5,5152.0,4152.86,29575
2770347,455412,2007-01-22,4,1,,,,0.0,29412
2770355,455412,1989-09-21,2,2,,,,0.0,29407
2770615,450250,2016-10-08,1,11,892.91,0.0,2143.0,892.91,29926
2770637,455417,1989-09-21,1,1,1693.6,0.0,2193.0,1693.6,29464
2770760,455416,1999-09-15,2,1,,,,0.0,29451
2770877,455413,1989-09-22,1,1,2997.0,0.0,3997.0,2997.0,29407
2770924,450104,1989-09-22,1,1,2266.16,0.0,276616.0,2266.16,29576
2770937,450085,2016-10-08,1,1,1764.26,0.0,3014.0,1764.26,29576
2771050,455412,1989-09-21,1,1,24740.0,0.0,25240.0,24740.0,29401
2771249,450104,2016-10-08,1,1,,,1073.0,0.0,29576
2771251,455416,2015-10-03,4,1,21165.07,0.0,26165.0,21165.07,29451
2771344,455412,1989-09-21,1,1,26444.42,4248.7,26944.0,26444.42,29401
2771376,450250,2016-10-08,4,1,,,611.0,0.0,29928
2771438,450157,2024-09-27,4,11,,,,0.0,29676
2771721,450025,2019-06-13,0,1,,,,0.0,29926
2771755,450025,2016-10-08,1,6,24897.3,0.0,29897.0,24897.3,29920
2772104,450104,2026-07-07,4,16,3513.88,0.0,3724.0,3513.88,29575
2772134,450089,1995-08-27,2,1,37643.09,0.0,38394.0,37643.09,29687
2772154,455418,1989-09-21,1,1,1100.0,0.0,1790.0,1100.0,29482
2772155,450111,2016-09-02,,11,,,,0.0,29575
2772171,450104,2022-09-30,1,11,54858.21,0.0,57498.0,54858.21,29576
2772205,455415,1989-09-22,1,1,4557.0,0.0,5057.0,4557.0,29439
2772261,450085,1996-09-05,4,1,,,1.0,0.0,29576
2772338,450251,2016-10-11,0,11,,,,0.0,29910
2772504,455417,1989-09-22,1,1,,,,0.0,29464
2772521,450172,2013-07-21,4,11,9055.44,0.0,9712.0,9055.44,29204
2772522,450110,2016-10-08,0,2,32665.59,7355.75,34666.0,32665.59,29582
2772532,450109,1999-09-15,4,1,4173.74,8189.18,4675.0,4173.74,29577
2772558,450110,2011-08-03,4,2,8884.5,0.0,10884.0,8884.5,29582
2772584,455416,1989-09-22,1,1,5980.0,0.0,6480.0,5980.0,29451
2772659,455413,1989-09-21,1,1,7948.36,0.0,8448.0,7948.36,29412
2772758,455416,1989-09-22,1,1,60000.0,23693.37,60550.0,60000.0,29451
2772847,455417,2015-10-03,4,1,2297.4,0.0,3198.0,2297.4,29464
2772849,455412,1989-09-22,4,1,39854.15,0.0,40354.0,39854.15,29401
2772917,450110,2023-12-17,4,11,8837.32,0.0,10087.0,8837.32,29582
2772950,455412,2015-10-04,1,1,16251.41,0.0,16790.0,16251.41,29401
2773058,450104,1999-06-15,4,2,4439.27,0.0,4939.0,4439.27,29578
2773074,455413,2008-10-24,4,1,54710.3,18552.68,55211.0,54710.3,29414
2773284,450089,2024-09-27,2,11,19695.25,3841.06,19045.0,19695.25,29615
2773314,450085,2015-10-04,2,11,3552.66,0.0,8000.0,3552.66,29440
2773382,455415,1989-09-22,0,1,,,,0.0,29439
2773386,450250,2025-05-11,0,11,,,,0.0,29926
2773498,455412,1989-09-21,1,1,2589.19,0.0,3089.0,2589.19,29403
2773557,450089,2000-03-20,4,3,522.4,0.0,1022.0,522.4,29615
2773607,455413,1991-09-15,4,1,,,,0.0,29414
2773611,455412,2017-09-11,2,1,55000.0,0.0,56204.0,55000.0,29414
2773738,450104,2016-10-15,2,1,60841.24,32764.77,61054.0,60841.24,29588
2773850,455413,2016-10-07,2,1,12980.73,0.0,13645.0,12980.73,29407
2773916,450068,2015-10-03,2,1,1532.26,0.0,2653.0,1532.26,29485
2773984,450172,2015-10-04,4,11,6346.78,0.0,8347.0,6346.78,29206
2774057,450110,2020-08-03,1,1,54723.79,0.0,56723.0,54723.79,29582
2774103,455412,2015-10-03,4,1,65286.53,17416.19,61304.0,65286.53,29414
2774237,455413,1989-09-22,1,1,,,,0.0,29414
2774284,450111,1987-01-01,2,1,,,,0.0,29577
2774290,450104,1999-09-17,4,1,21757.86,130.0,23087.0,21757.86,29577
2774310,450250,2016-10-08,0,11,,,,0.0,29926
2774389,455416,1989-09-22,1,1,5528.5,0.0,6028.0,5528.5,29464
2774424,450172,2015-10-04,2,11,178144.38,0.0,180144.0,178144.38,29206
2774443,455418,2004-08-29,4,1,2866.91,0.0,3367.0,2866.91,29482
2774474,450085,2015-10-06,0,1,3607.83,0.0,4608.0,3607.83,29585
2774490,455412,2022-09-30,4,12,18139.08,0.0,28139.0,18139.08,29403
2774539,450051,2016-10-08,2,11,6555.12,0.0,11221.0,6555.12,29148
2774560,450104,2015-10-13,0,11,23337.41,747.68,24588.0,23337.41,29527
2774591,450013,2023-01-03,2,11,10184.57,0.0,0.0,10184.57,29673
2774594,450250,2017-09-11,1,11,,,671.0,0.0,29926
2774690,450085,2016-10-08,1,15,14002.28,0.0,14395.0,14002.28,29585
2774732,455417,1989-09-22,1,11,1835.0,0.0,2335.0,1835.0,29464
2774952,450141,2018-09-18,2,1,204216.73,100000.0,205467.0,204216.73,29574
2775005,455414,2016-10-08,1,1,2082.99,0.0,3081.0,2082.99,29438
2775094,455412,2017-09-11,1,4,7615.72,1213.01,9115.0,7615.72,29401
2775119,450031,1982-07-15,4,1,418.75,0.0,619.0,418.75,29451
2775260,455415,1989-09-22,1,1,20598.34,0.0,21098.0,20598.34,29439
2775272,450068,2016-10-08,2,11,,,665.0,0.0,29432
2775323,455416,1989-09-21,2,1,24269.65,0.0,26000.0,24269.65,29451
2775324,450085,1983-02-11,4,1,,,,0.0,29585
2775374,455413,1989-09-21,0,1,6897.66,110.7,7397.0,6897.66,29412
2775399,455416,1989-09-21,1,1,67859.6,1379.0,68359.0,67859.6,29451
2775443,450255,1997-06-06,1,1,725.4,0.0,1226.0,725.4,29585
2775459,450250,2016-10-08,0,11,,,948.0,0.0,29928
2775484,455413,1989-09-22,1,1,28482.2,0.0,30000.0,28482.2,29412
2775486,450025,2016-10-08,2,11,,,,0.0,29940
2775535,450141,2018-09-14,2,1,1386.7,0.0,2387.0,1386.7,29574
2775564,450085,1989-09-21,1,1,,,,0.0,29576
2775616,450250,2016-10-08,4,15,,,334.0,0.0,29926
2775750,450104,1996-09-05,4,1,14202.88,0.0,16482.0,14202.88,29526
2775863,450060,2004-09-08,2,1,21325.53,5224.78,22400.0,21325.53,29532
2775930,455412,1989-09-21,1,1,15070.39,2500.0,15570.0,15070.39,29403
2775935,450076,2016-10-08,0,6,,,,0.0,29505
2776064,450115,2003-03-20,4,1,10772.25,0.0,11272.0,10772.25,29074
2776087,450025,2016-10-08,1,1,94.09,0.0,1344.0,94.09,29920
2776145,450025,2016-10-08,0,11,14275.63,0.0,15526.0,14275.63,29902
2776163,450085,2022-09-30,1,12,77420.47,0.0,79420.0,77420.47,29585
2776202,450025,2024-08-06,4,11,36365.83,11460.34,32959.0,36365.83,29910
2776259,455412,2017-09-11,1,1,90784.38,0.0,90441.0,90784.38,29401
2776317,450085,1996-10-08,1,1,637.29,0.0,1387.0,637.29,29585
2776367,455416,1989-09-21,1,2,41309.77,0.0,45768.0,41309.77,29451
2776395,450263,2015-10-03,4,11,10945.78,0.0,11119.0,10945.78,29412
2776456,450110,1989-09-22,1,3,243103.91,0.0,262431.0,243103.91,29582
2776478,450104,1996-09-05,2,1,,,,0.0,29576
2776515,450025,2024-09-27,4,11,,,,0.0,29907
2776618,455414,1979-09-04,1,1,888.0,0.0,1088.0,888.0,29438
2776635,455412,1979-09-04,1,1,575.0,0.0,775.0,575.0,29401
2776668,450104,2022-09-30,1,15,249909.7,0.0,251160.0,249909.7,29572
2776702,450031,2024-08-08,2,11,95972.13,0.0,91641.0,95972.13,29461
2776840,450109,2018-09-13,,11,,,,0.0,29577
2776866,455413,1989-09-22,1,1,,,,0.0,29412
2776931,450085,2015-10-05,2,1,151000.0,0.0,154925.0,151000.0,29510
2776944,450172,2015-10-03,4,11,4888.51,0.0,4927.0,4888.51,29206
2776963,450085,2024-08-01,4,11,0.0,0.0,0.0,0.0,29576
2776985,450250,1995-08-28,1,1,2602.49,0.0,3782.0,2602.49,29928
2776988,450104,2013-07-10,2,1,14681.43,0.0,15682.0,14681.43,29526
2777001,450250,1994-09-14,1,1,,,,0.0,29926
2777009,455412,2017-09-11,1,12,3839.42,0.0,5839.0,3839.42,29401
2777041,455412,2017-09-11,1,1,15790.59,0.0,16033.0,15790.59,29401
2777060,450110,1998-08-27,4,4,,,,0.0,29582
2777068,450110,1987-01-01,1,1,2213.36,0.0,2714.0,2213.36,29582
2777241,450085,1996-07-12,1,1,,,,0.0,29573
2777271,450085,2016-10-08,1,11,208.44,0.0,1458.0,208.44,29576
2777441,455415,1989-09-22,1,1,4534.18,977.54,5034.0,4534.18,29439
2777453,450257,2015-10-03,4,1,13679.26,0.0,14929.0,13679.26,29455
2777481,450089,1995-08-26,2,1,3878.41,0.0,4379.0,3878.41,29615
2777678,450085,1989-09-22,1,1,39453.23,0.0,31572.0,39453.23,29576
2777699,455412,2017-09-11,4,12,4997.0,0.0,6997.0,4997.0,29401
2777962,455415,2016-10-07,0,1,,,,0.0,29439
2778020,455413,1989-09-22,1,1,525.0,0.0,1075.0,525.0,29455
2778196,450110,2020-08-03,0,12,4480.58,1838.04,,4480.58,29582
2778251,450110,1987-01-01,1,1,1287.2,0.0,1788.0,1287.2,
2778265,455417,1989-09-22,1,1,5549.52,0.0,6049.0,5549.52,29464
2778283,455413,1989-09-22,1,1,6362.23,0.0,6862.0,6362.23,29464
2778368,455412,2016-10-08,1,1,14788.39,0.0,15419.0,14788.39,29401
2778424,450164,2024-10-09,2,11,16036.67,0.0,14777.0,16036.67,29115
2778552,455418,1999-09-15,4,1,,,,0.0,29482
2778572,450085,2022-09-30,1,11,0.0,0.0,,0.0,29440
2778579,450085,2016-10-08,1,1,24143.33,1753.86,29143.0,24143.33,29576
2778585,450025,2016-10-08,0,1,886.03,0.0,2136.0,886.03,29920
2778606,450110,1999-09-16,4,3,,,,0.0,29582
2778645,455412,2018-07-20,4,11,12471.77,0.0,11932.0,12471.77,29403
2778724,450056,2024-08-10,2,11,5765.73,0.0,7321.0,5765.73,29472
2778728,455414,2016-10-08,1,11,1055.56,0.0,2305.0,1055.56,29438
2778732,455417,2015-10-03,0,3,,,,0.0,29464
2778773,455412,1999-10-19,4,1,1913.03,7841.74,2414.0,1913.03,29407
2778894,450085,1989-09-22,1,1,26632.2,5133.9,27133.0,26632.2,29440
2778975,450106,2018-09-24,2,11,160858.44,27600.0,116735.0,160858.44,29526
2779042,455412,2016-10-08,1,11,30174.97,0.0,33412.0,30174.97,29401
2779066,450085,1989-09-22,1,1,35760.82,21390.25,37590.0,35760.82,
2779097,455415,1989-09-21,1,1,30996.0,0.0,31500.0,30996.0,29439
2779128,455415,1981-11-14,4,1,,,,0.0,
2779163,455418,1989-09-21,1,1,32545.49,0.0,33045.0,32545.49,29482
2779173,450025,1999-06-29,4,1,358.63,390.5,1359.0,358.63,29926
2779194,450255,2023-09-28,1,11,12807.11,0.0,17807.0,12807.11,29585
2779286,455412,2015-10-04,4,1,53453.19,0.0,48161.0,53453.19,29414
2779358,450104,2015-10-02,2,1,6564.34,0.0,7564.0,6564.34,29579
2779389,450172,2015-10-03,2,1,42673.86,0.0,28071.0,42673.86,29206
2779411,455412,2017-09-11,0,1,,,1293.0,0.0,29401
2779424,450109,2016-10-08,1,6,237759.37,50000.0,242759.0,237759.37,29577
2779502,455413,1989-09-22,1,1,8494.34,0.0,8994.0,8494.34,29466
2779510,455412,1989-09-22,1,2,20766.87,604.23,21266.0,20766.87,29401
2779549,450109,1994-05-23,4,1,,,,0.0,29577
2779604,455415,1999-09-15,2,1,,,,0.0,29439
2779704,455412,2015-10-23,1,2,4225.08,0.0,6225.0,4225.08,29401
2779766,450104,1987-01-01,0,1,,,,0.0,29576
2779773,450256,1989-09-22,1,1,,,,0.0,29455
2779778,450110,1989-09-22,1,1,1453.03,0.0,42500.0,1453.03,29598
2779783,450250,2016-10-11,2,11,2575.61,0.0,3608.0,2575.61,29926
2779806,450109,1989-09-22,1,4,4656.09,2151.92,5206.0,4656.09,29577
2780004,450255,2017-09-11,0,1,8590.72,1989.64,9841.0,8590.72,29585
2780090,450198,2002-09-15,4,1,24833.12,5400.0,25833.0,24833.12,29662
2780137,450250,2016-10-08,1,1,1279.24,0.0,2830.0,1279.24,29928
2780168,450110,1998-08-26,4,2,,,,0.0,29582
2780195,450110,1989-09-22,1,2,61657.5,0.0,62207.0,61657.5,29582
2780225,455413,2017-09-11,0,1,43445.38,14216.2,45445.0,43445.38,29412
2780262,455416,1989-09-22,1,2,,,,0.0,29451
2780308,455415,1979-09-02,1,2,2124.4,0.0,2325.0,2124.4,29439
2780362,450025,2016-10-07,0,1,,,1782.0,0.0,29940
2780363,450087,1989-09-21,1,1,18200.0,5300.0,18700.0,18200.0,29440
2780381,455412,1989-09-21,1,1,23553.81,3837.9,25054.0,23553.81,29401
2780483,450076,2015-10-04,2,1,,,384.0,0.0,29591
2780572,450025,2016-10-08,1,1,,,1175.0,0.0,29920
2780597,450109,1999-09-15,0,4,,,,0.0,29577
2780627,450172,2015-10-04,4,13,86672.34,2000.94,87922.0,86672.34,29209
2780743,450104,2016-10-08,1,11,8803.57,1100.64,10054.0,8803.57,29576
2780913,450110,1989-09-21,1,1,5406.57,2895.0,6402.0,5406.57,29577
2780936,455416,1999-09-15,4,1,,,,0.0,29451
2780969,450104,1999-09-15,1,1,,,250.0,0.0,29576
2781224,450104,1999-09-15,4,1,15988.97,8624.83,15998.0,15988.97,29579
2781262,450085,1989-09-21,1,1,27283.3,6519.0,27783.0,27283.3,29576
2781380,450025,2016-10-08,1,1,708.01,0.0,1958.0,708.01,29920
2781416,450025,2016-10-07,1,1,895.21,0.0,2105.0,895.21,29920
2781417,455412,2016-10-08,1,1,5881.87,0.0,6804.0,5881.87,29401
2781443,450093,2015-10-04,4,1,1029.34,0.0,3029.0,1029.34,29649
2781479,450068,1999-09-28,4,1,0.0,5189.39,,0.0,29485
2781516,455418,1994-10-02,4,1,3950.9,0.0,4800.0,3950.9,29482
2781541,450025,2009-06-23,1,1,3556.1,345.57,4031.0,3556.1,29910
2781668,450064,2016-10-08,2,1,31729.05,0.0,29124.0,31729.05,29536
2781669,450025,2017-09-11,0,11,,,,0.0,29909
2781751,450110,2020-08-04,1,11,4361.55,0.0,5612.0,4361.55,29582
2781816,455418,1989-09-22,1,1,31058.92,0.0,31558.0,31058.92,29482
2781825,455417,2015-10-05,2,1,0.0,0.0,1296.0,0.0,29464
2781861,450110,1989-09-22,1,1,2577.5,4367.75,3078.0,2577.5,29582
2781876,455417,2015-10-03,4,1,8862.3,0.0,9095.0,8862.3,29464
2781911,455412,1989-09-22,1,1,,,,0.0,29403
2781938,450088,1987-01-01,2,1,3295.9,0.0,3796.0,3295.9,29440
2782035,450085,1989-09-22,1,1,2500.44,470.32,40000.0,2500.44,29576
2782044,450104,2015-10-04,4,1,2621.99,0.0,3621.0,2621.99,29572
2782064,455413,2014-07-31,4,1,,,311.0,0.0,29412
2782111,450085,1989-09-21,1,1,42272.9,14100.0,42772.0,42272.9,29585
2782161,450085,1989-09-22,1,1,129630.0,12200.0,130130.0,129630.0,29576
2782270,450085,1979-09-04,1,1,406.0,148.0,606.0,406.0,29576
2782288,450110,1987-01-01,1,1,0.0,683.36,,0.0,29582
2782386,450250,2016-10-08,0,1,,,,0.0,29926
2782424,455413,1979-08-04,1,1,,,,0.0,
2782458,455416,1989-09-22,1,1,66797.17,11900.0,67797.0,66797.17,29451
2782502,455412,1989-09-21,1,1,3168.73,0.0,3668.0,3168.73,29403
2782655,450068,2016-10-08,2,11,22031.99,0.0,21341.0,22031.99,29456
2782685,450250,1988-09-01,1,1,9655.23,301.0,10156.0,9655.23,29928
2782756,455416,1989-09-21,1,3,91800.33,0.0,27045.0,91800.33,29451
2782919,455412,2016-10-08,2,1,42502.87,11600.0,41058.0,42502.87,29414
2782942,450110,2018-11-24,1,11,18735.78,11400.16,20353.0,18735.78,29582
2783037,455412,2001-03-20,1,1,0.0,234.16,,0.0,29412
2783112,455416,1999-09-15,1,1,,,,0.0,29451
2783121,450110,1989-09-22,1,1,1474.0,0.0,2024.0,1474.0,29582
2783204,450085,1989-09-22,1,1,3179.98,0.0,3679.0,3179.98,29585
2783268,450110,2016-10-08,1,1,,,1126.0,0.0,29582
2783302,450110,1989-09-22,1,1,56965.14,0.0,57515.0,56965.14,29582
2783306,450064,2024-08-08,2,11,36656.04,0.0,35127.0,36656.04,29536
2783308,450085,2016-10-08,1,1,,,1160.0,0.0,29440
2783348,455412,1989-09-21,1,1,23700.0,0.0,24200.0,23700.0,29401
2783355,455412,1989-09-21,1,1,49382.77,0.0,49882.0,49382.77,29401
2783427,450172,2015-10-04,2,1,26574.18,0.0,23302.0,26574.18,29206
2783435,450104,2018-09-12,2,1,68515.2,27931.79,63329.0,68515.2,29568
2783458,455412,1989-09-21,1,1,18843.01,0.0,19343.0,18843.01,29401
2783570,455412,2006-08-24,4,4,33238.24,0.0,38239.0,33238.24,29403
2783666,450255,1989-09-22,1,1,14311.28,1744.6,29672.0,14311.28,29585
2783696,455412,2015-10-04,2,1,22753.09,0.0,22534.0,22753.09,29414
2783786,450085,1989-09-22,1,2,8769.0,0.0,9319.0,8769.0,29585
2783831,450110,1987-01-01,1,1,1261.5,0.0,2067.0,1261.5,29582
2783849,450068,2015-10-03,4,11,3549.58,452.08,4800.0,3549.58,29456
2783866,450250,1994-06-25,0,1,,,,0.0,29928
2783872,450085,1989-09-22,1,2,6330.2,0.0,6880.0,6330.2,29585
2783946,450109,2022-09-30,4,15,33507.32,0.0,34757.0,33507.32,29577
2784063,455412,2016-10-07,0,1,31350.08,0.0,33416.0,31350.08,29407
2784098,455415,1987-01-01,1,1,4498.37,1948.19,5048.0,4498.37,29439
2784170,450025,2016-10-08,1,1,186.25,0.0,1186.0,186.25,29907
2784209,450110,2015-10-04,1,1,6259.67,0.0,11259.0,6259.67,29582
2784210,450085,2022-09-30,1,11,30200.65,0.0,30581.0,30200.65,29585
2784257,450104,1989-09-21,1,3,,,,0.0,29576
2784318,450104,1999-09-16,1,1,9343.5,0.0,9843.0,9343.5,29588
2784360,450110,1993-09-25,4,4,49396.67,0.0,65551.0,49396.67,29582
2784372,455413,1989-09-22,2,1,,,,0.0,29455
2784375,450104,2018-09-12,2,1,82168.71,23805.38,79193.0,82168.71,29577
2784406,450025,2016-10-08,1,1,,,,0.0,29907
2784459,450110,1989-09-22,1,1,1585.0,0.0,2135.0,1585.0,29582
2784800,450172,2013-07-21,4,1,6060.56,0.0,7060.0,6060.56,29201
2784851,455413,1989-09-22,1,1,,,,0.0,29412
2784971,455412,1989-09-22,4,1,5078.35,843.75,5578.0,5078.35,29403
2784977,455412,2017-09-11,1,11,8854.8,0.0,9914.0,8854.8,29401
2784987,450110,2016-10-08,0,1,235.98,366.68,1486.0,235.98,29582
2785169,450129,1999-06-25,2,1,,,,0.0,29212
2785250,455412,2004-06-15,4,3,,,,0.0,29414
2785254,455412,2015-10-03,4,1,34418.94,0.0,31764.0,34418.94,29407
2785257,450085,2015-10-04,,15,,,,0.0,29440
2785300,455413,1989-09-22,0,1,,,,0.0,29455
2785447,450172,2015-10-04,1,1,8207.13,0.0,8389.0,8207.13,29204
2785585,455414,2016-10-07,0,11,913.3,0.0,2163.0,913.3,29438
2785592,455412,2015-10-04,0,11,,,,0.0,29412
2785612,450089,2024-09-27,2,11,20140.29,3123.04,19548.0,20140.29,29617
2785625,450110,1989-09-22,1,1,1203.86,0.0,1753.0,1203.86,29582
2785683,455416,2015-10-04,4,1,110.45,0.0,3110.0,110.45,29451
2785705,455413,2015-10-05,4,2,34660.07,824.9,36660.0,34660.07,29412
2785939,450085,1989-09-21,1,1,12352.23,0.0,12852.0,12352.23,29585
2785967,450250,1994-10-13,4,3,10738.47,0.0,11488.0,10738.47,29928
2786011,450025,1998-02-16,1,1,376.55,0.0,1267.0,376.55,29928
2786276,455412,1989-09-22,1,1,2000.0,0.0,2500.0,2000.0,29401
2786303,450065,2024-08-07,4,11,21754.7,0.0,23754.0,21754.7,29536
2786356,455412,1994-10-13,4,1,,,400.0,0.0,29407
2786725,450089,1988-06-18,2,1,1370.27,827.75,2000.0,1370.27,29650
2786742,455412,1989-09-21,1,2,,,,0.0,29401
2786757,455416,2015-10-09,4,1,7369.86,0.0,9369.0,7369.86,29451
2786771,455415,1997-09-12,4,2,0.0,5824.68,,0.0,29439
2786850,450104,2018-09-27,2,1,144923.54,9148.35,121174.0,144923.54,29588
2787064,455412,1989-09-22,1,1,,,,0.0,29412
2787151,450109,1989-09-21,1,1,5524.0,0.0,6054.0,5524.0,29577
2787157,450255,2019-09-06,1,11,8448.7,0.0,9448.0,8448.7,29585
2787204,450110,1996-09-05,1,1,,,,0.0,29582
2787331,450107,1987-01-03,1,1,,,,0.0,
2787350,450250,2017-09-11,4,1,11649.25,0.0,12899.0,11649.25,29928
2787428,450110,2020-08-03,1,11,15374.97,0.0,16676.0,15374.97,29582
2787454,455416,1989-09-21,1,1,30600.0,10000.0,31100.0,30600.0,29451
2787459,450255,2013-10-14,0,1,,,,0.0,29585
2787478,455412,2016-10-08,1,15,92089.25,0.0,87588.0,92089.25,29401
2787491,455413,1989-09-22,1,1,4400.0,0.0,4410.0,4400.0,29407
2787590,455412,2023-12-18,4,11,15741.37,1993.61,14113.0,15741.37,29401
2787703,450104,1996-09-12,0,1,1507.4,0.0,2007.0,1507.4,29526
2787739,450255,2022-09-30,1,18,21629.32,0.0,23629.0,21629.32,29585
2787757,455417,1994-10-13,4,11,,,,0.0,29466
2787851,450042,2015-10-03,2,1,46306.48,0.0,47556.0,46306.48,29406
2787908,450104,2015-10-04,4,1,11948.71,0.0,13949.0,11948.71,29526
2787953,455416,1989-09-22,1,11,19324.48,6661.0,39148.0,19324.48,29451
2788009,450104,2015-10-03,4,1,26615.05,4329.03,26445.0,26615.05,29566
2788053,455412,2016-10-08,0,1,11919.85,0.0,13920.0,11919.85,29401
2788083,450026,2014-08-11,4,11,,,,0.0,29902
2788100,450174,2013-07-21,4,1,10203.35,0.0,12204.0,10203.35,29206
2788180,450104,2000-09-18,4,1,4230.45,1378.86,4730.0,4230.45,29575
2788191,455415,1989-09-22,1,1,23886.88,1400.0,24386.0,23886.88,29483
2788216,455415,1989-09-21,1,1,19574.0,0.0,20074.0,19574.0,29439
2788344,455416,1989-09-22,1,1,,,,0.0,29451
2788428,450085,2016-10-08,1,1,31699.24,10850.31,32949.0,31699.24,29585
2788508,450068,2015-10-04,2,1,5053.23,0.0,9303.0,5053.23,29485
2788558,455415,1999-09-15,2,1,,,,0.0,29439
2788606,450110,2003-09-18,,1,,,,0.0,29582
2788655,450085,1989-09-22,1,1,42682.39,8900.0,43232.0,42682.39,29576
2788664,450110,1989-09-22,1,1,14360.83,15073.13,13648.0,14360.83,29582
2788668,450110,2015-10-04,4,6,23140.91,0.0,25140.0,23140.91,29582
2788720,455417,2015-10-04,4,1,14103.03,0.0,15103.0,14103.03,29464
2788750,455418,1989-09-21,1,1,6254.72,1308.4,6754.0,6254.72,29482
2788764,455413,1989-09-22,1,1,22829.22,0.0,23329.0,22829.22,29482
2788781,455413,1989-09-21,1,1,,,,0.0,29455
2788837,450111,2022-09-30,1,15,8281.83,0.0,13282.0,8281.83,29575
2788941,455416,1989-09-22,1,1,7407.62,0.0,8453.0,7407.62,29451
2788946,455413,1979-09-04,1,1,678.0,0.0,878.0,678.0,29407
2789051,450109,1999-09-16,4,2,5487.35,0.0,5988.0,5487.35,29577
2789082,455413,2001-07-28,4,1,12907.12,1215.83,14133.0,12907.12,29405
2789182,450104,1994-12-23,0,1,,,,0.0,29526
2789238,455412,2015-10-02,,6,,,,0.0,29414
2789276,450110,1987-01-01,1,1,1837.5,0.0,2337.0,1837.5,29582
2789308,455416,1989-09-21,1,2,41309.77,0.0,45768.0,41309.77,29451
2789361,455417,2010-08-15,4,15,21830.08,0.0,22831.0,21830.08,29464
2789461,455412,1989-09-21,1,1,10540.76,0.0,11040.0,10540.76,29401
2789469,450110,2015-10-02,4,1,24248.2,0.0,24393.0,24248.2,29582
2789486,450110,1998-08-26,4,1,,,,0.0,29582
2789585,450110,1998-08-26,2,2,,,,0.0,29582
2789638,450089,2024-09-27,2,11,49718.32,3771.41,39618.0,49718.32,29611
2789670,455417,1989-09-22,1,1,1117.67,0.0,1618.0,1117.67,29464
2789719,455414,1979-09-04,1,1,1870.0,0.0,2070.0,1870.0,29412
2789739,450025,2016-10-08,2,1,,,946.0,0.0,29907
2789879,455413,1999-09-15,0,1,,,,0.0,29482
2789918,455413,1989-09-22,1,1,,,,0.0,29412
2790064,455413,1989-09-22,1,1,,,,0.0,29412
2790134,455412,2016-10-07,1,3,0.0,12826.42,,0.0,29401
2790163,455413,1989-09-22,1,1,,,,0.0,29412
2790172,455412,2016-10-10,0,11,,,,0.0,29401
2790213,450085,2022-09-30,1,15,28635.19,0.0,29885.0,28635.19,29585
2790231,450141,2018-09-14,4,11,49500.0,21000.0,83325.0,49500.0,29574
2790297,450068,2015-10-04,4,1,11601.67,0.0,13602.0,11601.67,29472
2790319,455412,1989-09-22,1,1,5212.58,0.0,6212.0,5212.58,29407
2790329,455418,1989-09-22,1,1,22100.0,0.0,22500.0,22100.0,29482
2790476,455416,1989-09-21,1,3,250000.0,0.0,266941.0,250000.0,29451
2790646,455413,2023-09-10,0,11,,,,0.0,29438
2790695,450089,2024-09-27,2,11,28674.8,0.0,28888.0,28674.8,29617
2790699,455412,2017-09-11,2,1,38208.88,0.0,39459.0,38208.88,29414
2790715,450109,1989-09-21,0,3,,,,0.0,29577
2790723,450104,2018-09-16,2,1,43444.9,0.0,29551.0,43444.9,29527
2790746,455412,2017-09-11,2,1,28674.39,0.0,31674.0,28674.39,29401
2790773,455412,2016-10-07,2,1,,,,0.0,29412
2790785,455412,1989-09-21,1,3,,,,0.0,29412
2790825,450109,1989-09-22,1,1,8628.87,3629.85,9128.0,8628.87,29577
2790828,450250,2016-10-08,4,3,,,,0.0,29928
2790883,450111,1987-01-01,1,1,670.0,0.0,1720.0,670.0,29585
2790887,450089,1995-08-26,2,1,11275.31,17500.0,11776.0,11275.31,29615
2791014,450085,1987-01-01,1,1,3188.92,545.0,3688.0,3188.92,29576
2791185,450142,2018-09-13,4,11,105196.26,56708.78,109446.0,105196.26,29571
2791199,450113,2007-12-12,4,1,,,,0.0,29927
2791267,455415,1989-09-21,1,1,14933.0,0.0,13257.0,14933.0,29439
2791284,450104,2018-09-14,4,1,82281.33,0.0,,82281.33,29568
2791339,450172,2010-01-12,,1,,,,0.0,29204
2791354,455416,1989-09-21,1,1,29263.41,54154.88,30763.0,29263.41,29451
2791357,450085,1998-03-20,4,1,,,,0.0,29510
2791440,450073,2020-08-15,4,1,53525.1,0.0,54775.0,53525.1,29483
2791471,455412,2016-10-08,1,1,50483.94,0.0,51734.0,50483.94,29414
2791571,450085,1987-01-01,2,1,1227.8,0.0,1728.0,1227.8,29576
2791677,450111,1989-09-22,1,1,20000.0,5000.0,21747.0,20000.0,29577
2791785,455412,2015-08-31,4,1,35505.14,0.0,44395.0,35505.14,29414
2791842,455413,2015-10-03,2,1,,,,0.0,29414
2791852,450110,1996-07-12,0,3,,,,0.0,29582
2791940,455414,2005-10-06,1,1,,,,0.0,29438
2791986,450104,2016-10-08,2,1,84407.65,36260.23,85988.0,84407.65,29588
2792037,450085,1987-01-01,1,1,1708.0,0.0,2208.0,1708.0,29502
2792050,450104,2018-09-14,2,15,302364.15,0.0,291310.0,302364.15,29568
2792086,455413,1989-09-22,1,1,,,,0.0,29464
2792115,455415,1989-09-22,1,1,1075.0,0.0,1575.0,1075.0,29439
2792145,450109,2016-10-08,0,6,,,,0.0,29577
2792187,450085,2015-10-04,,15,,,,0.0,29440
2792260,450110,1999-09-15,4,4,6394.11,0.0,6895.0,6394.11,29582
2792299,455412,1989-09-21,1,1,25416.05,0.0,25916.0,25416.05,29401
2792337,450129,2015-10-05,2,6,0.0,69572.57,826.0,0.0,29210
2792440,450085,2022-09-30,1,11,8885.82,0.0,9868.0,8885.82,29576
2792441,450257,2015-10-08,4,1,,,507.0,0.0,29455
2792443,450110,2020-08-03,1,2,39414.2,0.0,44414.0,39414.2,29582
2792521,450085,1989-09-22,1,11,3130.0,4728.2,4130.0,3130.0,29585
2792526,450109,2022-09-30,,18,4200.09,0.0,6200.0,4200.09,29577
2792550,455412,2005-08-29,4,11,,,,0.0,29455
2792611,455416,1989-09-21,1,1,26615.91,0.0,30616.0,26615.91,29451
2792936,455417,1989-09-22,1,1,11660.8,0.0,12160.0,11660.8,29464
2792971,450104,2016-10-08,2,1,101888.75,21200.0,93584.0,101888.75,29588
2792987,450104,2018-09-21,2,1,83409.61,60000.0,84660.0,83409.61,29568
2793048,450172,2015-10-03,2,1,,,,0.0,29204
2793206,450076,1994-12-23,2,1,3628.68,0.0,4552.0,3628.68,29541
2793229,450250,1999-09-15,4,2,,,,0.0,29926
2793249,455412,1989-09-22,1,1,,,,0.0,29412
2793285,450104,1987-01-01,1,1,9205.25,982.08,14255.0,9205.25,29576
2793350,450073,2015-10-03,1,11,1937.5,0.0,3188.0,1937.5,29483
2793408,450085,1989-09-21,1,1,15022.02,3100.0,15522.0,15022.02,29576
2793471,450104,2018-09-25,2,1,13980.47,0.0,14355.0,13980.47,29526
2793522,450091,1987-01-01,1,1,7964.0,0.0,8500.0,7964.0,29582
2793581,450110,2016-10-07,1,1,20382.97,0.0,21632.0,20382.97,29582
2793587,450113,2009-04-02,4,1,5246.34,60.95,5747.0,5246.34,29927
2793602,450085,1989-09-21,1,2,99900.0,0.0,100450.0,99900.0,29585
2793706,450025,2015-10-03,4,1,23667.16,4934.3,24917.0,23667.16,29920
2793725,455412,2015-10-03,2,11,9532.06,0.0,9693.0,9532.06,29414
2793758,450085,1989-09-22,1,1,6906.77,668.32,7456.0,6906.77,29585
2793760,450106,1993-01-15,0,1,25568.6,1275.11,30868.0,25568.6,29526
2793802,450089,1995-08-26,2,1,1602.96,0.0,2353.0,1602.96,29687
2793810,455412,2015-10-04,4,1,,,1176.0,0.0,29401
2793822,455414,2017-09-11,0,1,,,,0.0,29438
2793889,455413,1989-09-22,1,1,587.52,0.0,1088.0,587.52,29412
2793959,450198,2004-09-07,4,1,4597.74,339.99,5097.0,4597.74,29662
2793968,455412,1989-09-22,1,1,,,,0.0,29412
2794123,455413,2016-10-07,1,11,19779.13,30084.41,20937.0,19779.13,29407
2794127,450104,1989-09-21,1,3,,,,0.0,29577
2794169,450111,2001-03-20,4,1,5496.01,0.0,5996.0,5496.01,29575
2794227,455412,1989-09-22,1,2,1945.0,0.0,2445.0,1945.0,29403
2794276,450025,1994-10-10,1,1,2922.91,1338.0,4236.0,2922.91,29928
2794445,450085,1989-09-21,1,3,,,,0.0,29598
2794500,450250,2016-10-08,0,11,3483.52,0.0,4734.0,3483.52,29928
2794536,450110,1989-09-22,1,2,4887.0,3300.0,5437.0,4887.0,29582
2794622,450110,1996-07-12,1,3,,,1.0,0.0,29582
2794659,450256,2023-12-17,1,11,13567.27,0.0,14056.0,13567.27,29455
2794777,450085,2016-10-08,1,1,25548.07,10715.64,27548.0,25548.07,29576
2794786,450085,2020-08-03,1,11,41453.85,7114.71,44293.0,41453.85,29576
2794822,450104,2015-10-04,0,1,,,,0.0,29576
2794851,455413,1989-10-04,1,1,0.0,0.0,,0.0,29464
2794857,455413,2015-10-03,0,1,,,,0.0,29407
2794881,450109,1994-12-22,4,1,2300.0,0.0,2800.0,2300.0,29577
2794922,450085,1987-01-01,1,1,2675.0,295.0,4235.0,2675.0,29576
2794957,455412,2017-09-11,0,1,5142.71,0.0,10143.0,5142.71,29401
2795062,450110,1981-11-14,4,1,1418.4,32.0,1619.0,1418.4,29582
2795071,450110,1989-09-21,1,1,10855.95,0.0,12215.0,10855.95,29582
2795076,450129,2015-09-06,4,1,8161.88,0.0,10161.0,8161.88,29210
2795195,455413,1989-09-21,1,1,,,,0.0,29412
2795205,455412,1989-09-22,1,1,,,,0.0,29403
2795233,450067,2018-09-15,4,11,2174.04,0.0,3100.0,2174.04,29565
2795276,455415,1989-09-22,1,1,,,,0.0,29439
2795291,450104,2022-09-30,4,11,22751.34,8404.8,24001.0,22751.34,29576
2795310,450076,1994-12-22,0,1,35679.36,20243.0,36790.0,35679.36,29560
2795314,450263,2016-10-08,0,11,13451.12,0.0,15451.0,13451.12,29412
2795364,455413,2015-10-05,4,11,,,399.0,0.0,29455
2795368,450112,2017-09-11,2,1,1411.83,120.56,2180.0,1411.83,29936
2795376,450042,2015-10-03,2,1,34965.13,0.0,33279.0,34965.13,29418
2795439,455417,1989-09-21,1,1,85401.12,27600.0,92401.0,85401.12,29464
2795474,455413,1989-09-22,1,1,,,,0.0,29412
2795510,450085,1989-09-22,1,1,157443.45,49807.0,157993.0,157443.45,29576
2795630,455417,1994-10-13,3,1,,,,0.0,29464
2795635,450110,2022-09-30,4,12,38085.47,4956.41,40085.0,38085.47,29582
2795655,450104,1999-09-17,4,1,19003.21,8357.55,19504.0,19003.21,29579
2795765,450087,2015-10-04,4,1,9334.82,0.0,10335.0,9334.82,29440
2795808,450109,1989-09-22,1,1,2550.13,0.0,3280.0,2550.13,29577
2796040,455412,1989-09-22,1,1,2232.5,0.0,2733.0,2232.5,29407
2796081,450110,2020-08-03,2,1,3540.36,218.08,4790.0,3540.36,29582
2796086,450110,1993-03-13,4,2,463.84,0.0,1204.0,463.84,29577
2796090,455416,1989-09-22,1,1,17786.77,0.0,18287.0,17786.77,29451
2796129,450109,1998-02-17,4,1,2165.01,0.0,3127.0,2165.01,29577
2796149,450025,2017-09-11,0,11,426.82,0.0,5427.0,426.82,29920
2796194,450085,2019-09-05,2,1,7574.18,0.0,8824.0,7574.18,29585
2796199,450110,2022-10-07,4,1,,,,0.0,29582
2796278,450085,1989-09-22,1,1,70000.0,7000.0,70550.0,70000.0,29576
2796352,450109,1999-09-16,4,3,82502.2,0.0,87502.0,82502.2,29577
2796360,450110,1989-09-22,1,3,0.0,2300.14,,0.0,29582
2796465,450110,1987-01-01,1,1,348.3,0.0,998.0,348.3,29582
2796484,450037,2015-10-03,4,1,,,,0.0,29449
2796490,450051,2015-10-04,2,1,4274.84,0.0,5134.0,4274.84,29162
2796525,450068,2015-10-05,0,2,,,,0.0,29456
2796559,450025,2016-10-07,1,1,3312.32,0.0,5312.0,3312.32,29907
2796595,455413,1991-09-16,4,1,3200.0,0.0,3700.0,3200.0,29414
2796640,455413,2008-10-24,4,1,23313.23,0.0,23814.0,23313.23,29412
2796659,455413,2008-10-24,4,1,9895.96,0.0,9896.0,9895.96,29455
2796661,450065,2018-10-14,0,18,,,,0.0,29536
2796662,450085,1989-09-22,1,3,,,,0.0,29598
2796691,450100,2013-08-19,4,1,8056.58,0.0,9056.0,8056.58,29924
2796880,450129,1989-04-29,2,1,2192.46,0.0,2990.0,2192.46,29212
2796903,450104,2022-09-30,0,13,61196.78,1163.9,62197.0,61196.78,29576
2796930,450087,1989-09-21,1,4,0.0,6012.0,,0.0,29440
2796972,450104,1989-09-22,1,3,,,,0.0,29572
2796973,455412,2008-10-25,4,1,43068.62,0.0,43569.0,43068.62,29414
2796975,450250,2016-10-08,1,1,15444.18,4374.0,12792.0,15444.18,29926
2797118,455412,2013-06-19,2,3,17215.83,0.0,22215.0,17215.83,29407
2797241,450085,1989-09-21,1,1,,,,0.0,29585
2797254,450042,1998-05-15,4,1,,,,0.0,29406
2797260,450085,1999-09-15,4,1,,,129.0,0.0,29585
2797272,455417,1989-09-22,1,1,,,,0.0,29464
2797300,450025,1987-09-06,1,3,2194.55,0.0,2744.0,2194.55,29928
2797521,450141,2018-09-22,4,1,9852.03,13812.91,10052.0,9852.03,29581
2797576,455417,1989-09-22,2,1,23110.99,0.0,23611.0,23110.99,29464
2797583,455412,1989-09-21,1,1,7740.93,0.0,8240.0,7740.93,29401
2797597,450111,1989-09-22,1,1,4497.87,0.0,5047.0,4497.87,29575
2797697,450104,2016-10-08,2,1,59667.0,0.0,60917.0,59667.0,29568
2797703,450068,2015-10-03,2,1,31000.29,0.0,31788.0,31000.29,29426
2797759,450085,2016-10-08,1,1,46666.32,4660.97,48666.0,46666.32,29576
2797795,450250,1994-10-13,1,1,11311.41,4814.0,12595.0,11311.41,29926
2797992,450085,1989-09-22,1,1,185000.0,29600.0,185500.0,185000.0,29585
2798020,455414,1979-09-04,1,1,,,,0.0,29438
2798054,455417,1989-09-21,1,2,5407.0,0.0,5907.0,5407.0,29464
2798121,455412,1989-09-21,1,1,29843.98,0.0,30343.0,29843.98,29482
2798150,450172,1988-04-01,4,2,0.0,0.0,688.0,0.0,29206
2798257,450174,2015-10-04,2,11,30162.71,1836.85,32912.0,30162.71,29206
2798260,455417,2022-04-06,0,11,0.0,0.0,0.0,0.0,29466
2798269,450250,1994-10-13,4,3,4887.61,0.0,5637.0,4887.61,29928
2798271,450110,1998-08-26,4,1,,,,0.0,29582
2798285,455417,1989-09-22,1,1,16430.51,5500.0,17430.0,16430.51,29464
2798333,450104,1989-09-22,1,3,,,,0.0,29572
2798379,455417,1989-09-22,1,2,1055.0,0.0,1555.0,1055.0,29464
2798390,450129,2015-10-04,2,1,8085.3,0.0,9606.0,8085.3,29210
2798451,450129,2015-10-04,4,1,98485.16,0.0,100485.0,98485.16,29212
2798531,455417,1989-09-21,1,1,24550.0,6143.0,25050.0,24550.0,29451
2798539,450110,1998-08-26,0,1,,,,0.0,29582
2798604,450085,2016-10-08,1,1,,,,0.0,29585
2798655,450104,2016-10-08,2,1,40817.28,728.38,42817.0,40817.28,29576
2798677,450253,2015-10-02,4,1,,,975.0,0.0,29435
2798689,450056,2015-10-04,4,11,17045.91,7602.12,18295.0,17045.91,29435
2798696,450129,2015-10-04,4,11,11217.22,0.0,13217.0,11217.22,29210
2798700,455415,1979-09-05,1,1,904.38,0.0,1105.0,904.38,29439
2798717,450250,2002-08-28,4,1,10363.83,1023.52,11364.0,10363.83,29928
2798739,450025,2017-09-11,2,11,1580.64,0.0,2831.0,1580.64,29920
2798818,450144,2018-09-18,2,11,201720.15,57821.93,196576.0,201720.15,29581
2798826,455413,2015-12-28,2,1,23233.79,0.0,25233.0,23233.79,29412
2798941,450182,2015-10-04,2,11,77862.76,18641.64,75139.0,77862.76,29154
2799053,450085,2016-10-08,1,1,,,3376.0,0.0,29576
2799070,455412,2018-07-18,0,1,,,0.0,0.0,29403
2799136,455412,1989-09-22,1,4,119041.24,0.0,125041.0,119041.24,29401
2799162,455412,2017-09-11,,18,,,,0.0,29401
2799171,455417,1989-09-22,1,1,,,,0.0,29464
2799387,455413,2016-10-07,1,18,,,,0.0,29464
2799412,450110,1989-09-22,1,1,8135.0,287.0,8685.0,8135.0,29582
2799572,455414,1999-09-15,2,1,,,,0.0,29438
2799590,450187,2016-10-08,2,11,7738.41,0.0,8988.0,7738.41,29560
2799629,455418,1989-09-21,1,1,9286.28,0.0,9786.0,9286.28,29482
2799644,450095,2013-07-16,4,1,2703.97,0.0,3703.0,2703.97,29922
2799733,455412,1992-08-15,4,1,5478.05,0.0,5978.0,5478.05,29401
2799748,450110,1989-09-22,1,1,1262.5,0.0,176250.0,1262.5,29582
2799796,450110,1993-02-07,4,3,4650.0,0.0,5150.0,4650.0,29582
2799804,450068,1989-09-21,0,1,,,,0.0,29485
2800047,450250,2016-10-08,2,11,50541.54,0.0,49076.0,50541.54,29926
2800055,450110,1999-09-15,1,11,,,800.0,0.0,29582
2800071,455417,2015-11-09,4,1,1250.47,0.0,2400.0,1250.47,29464
2800076,450042,2016-10-08,4,1,53048.43,12697.54,52842.0,53048.43,29420
2800107,450104,2000-09-02,4,1,,,,0.0,29566
2800111,455412,2010-09-01,0,1,,,,0.0,29414
2800124,450109,1999-09-16,0,4,,,,0.0,29577
2800276,450250,2016-10-08,0,3,,,,0.0,29926
2800309,455413,1989-09-21,1,1,3152.8,0.0,3112.0,3152.8,29412
2800581,455412,2016-10-08,2,15,93756.43,0.0,86449.0,93756.43,29401
2800614,450110,1989-09-22,1,1,1435.0,0.0,1985.0,1435.0,29582
2800621,450109,2015-10-03,0,11,,,,0.0,29577
2800791,450111,1989-09-21,1,3,24348.1,0.0,24848.0,24348.1,29575
2800816,455412,1989-09-21,1,4,1659.97,0.0,2659.0,1659.97,29403
2800851,455413,1989-09-22,1,1,60320.71,0.0,60820.0,60320.71,29412
2800852,450104,1989-09-21,1,4,200000.0,0.0,200500.0,200000.0,29576
2800910,455413,1989-09-21,1,1,4784.13,0.0,5284.0,4784.13,29466
2800973,455414,2016-10-07,0,2,40775.19,2159.15,42775.0,40775.19,29438
2801013,450085,1989-09-22,0,1,,,,0.0,29440
2801076,450104,1999-09-15,1,4,27249.91,0.0,28250.0,27249.91,29582
2801113,450085,1989-09-22,1,1,16410.47,0.0,19460.0,16410.47,29576
2801137,450110,1998-08-26,2,1,,,,0.0,29582
2801194,450250,1989-09-22,1,2,,,,0.0,29928
2801199,450025,1994-10-03,4,2,1895.27,0.0,20000.0,1895.27,29926
2801261,450104,1989-09-22,1,3,,,,0.0,29572
2801347,450104,2016-10-09,2,1,54669.04,17957.46,40167.0,54669.04,29526
2801527,455412,1989-09-22,1,1,0.0,2182.0,,0.0,29407
2801531,455413,2015-10-03,4,1,65923.11,22999.41,60637.0,65923.11,29414
2801609,455413,1989-09-22,1,1,1453.2,0.0,60000.0,1453.2,29412
2801783,450250,1994-10-17,4,1,2663.95,0.0,3723.0,2663.95,29928
2801815,450085,1989-09-22,1,1,,,,0.0,29585
2801827,455417,2016-10-08,2,1,,,2852.0,0.0,29464
2801831,450085,1989-09-22,1,1,18529.32,2825.0,19030.0,18529.32,29576
2801874,450087,2004-08-14,1,4,6595.89,0.0,7596.0,6595.89,29440
2801878,450184,1994-10-14,1,1,750.0,0.0,1500.0,750.0,29150
2801883,450104,1985-07-24,4,1,,,,0.0,29576
2801969,450131,2024-09-29,0,11,0.0,0.0,0.0,0.0,29033
2801984,455413,1989-09-21,1,2,25706.57,0.0,26206.0,25706.57,29403
2802022,455412,1989-09-22,1,4,13963.0,0.0,14463.0,13963.0,29401
2802025,455413,2018-07-07,4,1,8475.39,0.0,9725.0,8475.39,29412
2802054,455416,1989-09-21,1,1,22219.97,0.0,22719.0,22219.97,29451
2802110,455412,1989-09-22,1,2,5602.55,0.0,12000.0,5602.55,29401
2802182,450085,2016-10-08,1,15,29892.33,0.0,27982.0,29892.33,29585
2802281,450104,2018-09-15,4,2,4191.27,0.0,5441.0,4191.27,29576
2802337,455414,1995-01-01,1,1,870.0,0.0,1620.0,870.0,29438
2802402,455413,1989-09-22,0,1,,,,0.0,29414
2802514,455412,2015-10-02,4,1,5540.67,191.13,6105.0,5540.67,29407
2802592,455417,2017-09-11,,11,,,,0.0,29464
2802602,450085,2022-09-30,1,11,48997.22,2191.57,50004.0,48997.22,29576
2802608,455417,1994-10-05,4,1,6051.0,0.0,6551.0,6051.0,29464
2802632,450250,2016-10-08,0,11,9896.3,0.0,11146.0,9896.3,29928
2802649,450110,2016-10-08,0,1,2609.34,2237.37,3859.0,2609.34,29582
2802685,450257,2015-10-03,2,11,9628.83,0.0,8148.0,9628.83,29455
2802686,450025,2016-10-17,0,1,,,,0.0,29920
2802689,455412,1989-09-21,1,1,8835.0,0.0,9334.0,8835.0,29401
2802723,455413,2015-10-02,4,11,2018.96,0.0,3074.0,2018.96,29455
2802766,455416,1989-09-22,1,1,52200.0,0.0,60386.0,52200.0,29451
2802848,455413,2017-09-11,2,1,70718.14,17674.27,71660.0,70718.14,29412
2802909,455412,2004-08-29,4,1,9961.2,0.0,10358.0,9961.2,29403
2803192,450141,2018-09-14,4,11,63790.54,23537.38,57085.0,63790.54,29546
2803228,450085,2022-09-30,1,12,49425.24,349.0,51425.0,49425.24,29576
2803252,450104,2018-09-14,2,1,72488.54,50000.0,70521.0,72488.54,29568
2803277,450085,1987-01-01,1,1,,,,0.0,29585
2803295,450250,2016-10-06,1,11,1910.19,0.0,3160.0,1910.19,29926
2803561,455416,1989-09-21,1,2,41309.77,0.0,45768.0,41309.77,29451
2803584,450104,1989-09-21,1,3,220044.68,0.0,26045.0,220044.68,29576
2803603,455412,1989-09-22,1,1,,,,0.0,29412
2803616,450110,1999-09-15,1,1,,,200.0,0.0,29582
2803675,450042,2016-10-07,4,11,4351.31,0.0,5602.0,4351.31,29418
2803861,455418,1989-09-22,0,1,,,,0.0,29482
2803862,450109,1989-09-22,1,2,45927.6,12800.0,46427.0,45927.6,29576
2803994,455413,1989-09-21,2,1,3100.0,0.0,3600.0,3100.0,29412
2804007,450026,2017-09-11,4,1,5233.93,0.0,7234.0,5233.93,29902
2804102,455417,1989-09-22,1,1,,,,0.0,29464
2804128,455412,2017-09-11,2,1,44457.73,0.0,46458.0,44457.73,29403
2804148,450104,1999-09-16,4,1,835.28,0.0,1836.0,835.28,29576
2804170,455416,1999-09-18,4,1,,,,0.0,29451
2804192,455417,1989-09-22,1,1,1157.3,0.0,1951.0,1157.3,29464
2804309,450042,2017-09-12,1,1,3005.15,0.0,4255.0,3005.15,29405
2804443,450250,2016-10-08,1,11,5301.1,0.0,5260.0,5301.1,29928
2804472,450085,2016-10-08,2,1,51562.37,4423.85,47028.0,51562.37,29585
2804482,450250,2016-10-08,1,1,855.23,0.0,2010.0,855.23,29926
2804509,450088,1986-12-31,2,1,874.97,0.0,1963.0,874.97,29585
2804535,455417,1994-10-03,4,1,9277.7,0.0,9777.0,9277.7,29464
2804607,450109,1999-09-15,4,1,6555.9,123.5,7056.0,6555.9,29577
2804656,450110,1998-02-04,4,4,5059.53,0.0,5810.0,5059.53,29582
2804670,450110,1989-09-22,1,1,21491.34,0.0,22041.0,21491.34,29582
2804753,455416,1999-09-15,4,1,,,,0.0,29451
2804779,450110,1999-09-15,4,1,5203.77,3598.75,6204.0,5203.77,29582
2804788,450251,2024-12-28,4,11,25665.3,0.0,25820.0,25665.3,29910
2804869,450110,2020-08-03,1,1,10256.32,1647.96,13255.0,10256.32,29582
2804968,450170,1996-03-08,4,1,132.56,0.0,883.0,132.56,29210
2805151,450111,1999-09-15,2,1,,,,0.0,29575
2805259,450110,1992-11-21,4,3,4650.0,0.0,5150.0,4650.0,29582
2805306,455416,1989-09-21,1,1,13155.2,5597.27,13655.0,13155.2,29451
2805308,455412,1983-09-01,1,4,1595.92,0.0,2096.0,1595.92,29401
2805344,455415,1989-09-21,1,1,3371.0,0.0,4371.0,3371.0,29439
2805429,450184,2016-10-08,4,1,794.88,0.0,2794.0,794.88,29150
2805468,450129,2015-10-03,4,3,8010.3,0.0,13010.0,8010.3,29212
2805481,450104,2015-10-27,1,18,5672.64,0.0,7632.0,5672.64,29576
2805525,455416,2015-10-02,4,1,35103.51,11980.88,34900.0,35103.51,29451
2805598,455415,1999-09-15,4,1,,,,0.0,29439
2805641,450250,2016-10-08,0,1,,,,0.0,29926
2805700,455413,1989-09-22,1,1,7627.0,562.0,8627.0,7627.0,29407
2805713,450170,2015-10-04,2,1,11134.62,0.0,12384.0,11134.62,29229
2805747,455416,1989-09-22,1,4,0.0,17692.14,,0.0,29451
2805777,450110,1989-09-22,1,1,0.0,3282.5,3782.0,0.0,29582
2805799,455412,1997-06-06,4,2,298.44,0.0,798.0,298.44,29401
2805884,455413,1989-09-21,1,1,4838.95,1667.2,5338.0,4838.95,29412
2805908,455413,2002-10-11,1,1,197.61,0.0,697.0,197.61,29414
2806012,455418,1999-09-15,2,1,,,,0.0,29482
2806096,450129,2015-10-03,0,1,2740.3,0.0,7741.0,2740.3,29210
2806124,450115,2015-12-31,2,1,29747.93,0.0,32491.0,29747.93,29074
2806144,450110,1989-09-21,1,2,25000.27,6613.9,26584.0,25000.27,29582
2806201,450250,2016-10-08,1,15,127795.41,0.0,127752.0,127795.41,29926
2806218,455412,2016-10-08,4,1,9707.81,0.0,10845.0,9707.81,29401
2806318,450141,2018-09-18,2,1,83231.77,10384.26,84482.0,83231.77,29574
2806342,455413,1989-09-22,1,2,14052.75,0.0,14553.0,14052.75,29407
2806435,450104,1999-09-17,1,1,,,1830.0,0.0,29576
2806457,450110,2015-10-03,0,1,,,,0.0,29582
2806530,450129,2020-05-23,4,1,47892.69,0.0,49143.0,47892.69,29070
2806565,455415,1989-09-21,1,2,3845.13,5113.1,4345.0,3845.13,29439
2806688,450109,2015-10-04,1,15,8374.32,0.0,11080.0,8374.32,29577
2806782,450085,2016-10-08,4,1,27086.13,6613.57,29086.0,27086.13,29576
2806843,455416,1989-09-22,1,11,,,,0.0,29451
2806851,450250,2014-07-21,4,1,920.81,0.0,2826.0,920.81,29928
2806970,455416,1989-09-21,1,2,25596.52,0.0,26096.0,25596.52,29451
2806975,450085,1989-09-22,1,1,34402.43,18754.86,34952.0,34402.43,29577
2807026,455412,2017-09-11,2,11,5830.89,2320.53,0.0,5830.89,29407
2807069,450085,1987-01-01,1,1,8691.28,3262.76,9241.0,8691.28,29576
2807088,450109,1989-09-22,1,4,118226.19,26670.6,118775.0,118226.19,29577
2807096,450087,2015-10-03,4,12,8039.17,112.93,9289.0,8039.17,29440
2807111,450110,1987-01-01,2,1,1121.74,0.0,1622.0,1121.74,
2807121,450255,1999-09-15,2,1,,,,0.0,29585
2807243,455417,1989-09-22,4,1,52012.98,14800.0,52512.0,52012.98,29464
2807264,450184,2020-09-17,4,11,11689.53,6509.91,12690.0,11689.53,29150
2807362,450256,2017-09-11,1,11,5440.86,0.0,6690.0,5440.86,29455
2807383,455412,1989-09-21,1,1,25351.65,0.0,25851.0,25351.65,29401
2807444,450030,2016-10-08,2,1,12850.2,0.0,17850.0,12850.2,29410
2807453,450182,2015-10-04,4,1,14031.49,0.0,12156.0,14031.49,29153
2807471,450025,2016-10-08,2,11,,,349.0,0.0,29920
2807514,450109,2000-09-05,4,1,3035.83,0.0,3536.0,3035.83,29572
2807596,455412,1989-09-21,1,2,,,,0.0,29403
2807628,450250,2016-10-08,1,11,45175.35,23425.54,39661.0,45175.35,29928
2807802,450250,2017-09-11,0,1,,,767.0,0.0,29928
2807817,455412,1989-09-22,1,1,1800.0,0.0,2300.0,1800.0,29407
2807820,450255,2019-09-05,1,11,3155.57,0.0,,3155.57,29585
2807859,450085,1989-09-22,1,1,12698.73,4424.0,13248.0,12698.73,29576
2807871,455417,1989-09-21,0,1,15772.16,1582.0,16272.0,15772.16,29464
2808043,450250,2016-10-08,1,11,,,,0.0,29928
2808139,450109,2016-10-08,4,6,,,,0.0,29577
2808337,450104,1989-09-22,1,2,132700.0,0.0,133590.0,132700.0,29576
2808406,455412,2017-09-11,2,11,14523.39,0.0,15528.0,14523.39,29407
2808431,450085,1989-09-22,1,1,38640.01,15000.0,39641.0,38640.01,29576
2808438,450109,2015-10-03,4,11,9758.22,0.0,9788.0,9758.22,29572
2808533,455417,1989-09-22,1,1,1245.98,0.0,1808.0,1245.98,29464
2808567,455413,1989-09-22,0,1,35769.31,8002.06,38270.0,35769.31,29412
2808574,450255,1996-09-05,0,1,,,,0.0,29585
2808733,455418,1999-09-15,2,1,,,,0.0,29482
2808741,450104,2022-10-01,,11,0.0,0.0,0.0,0.0,29576
2808840,455412,1989-09-22,1,1,2891.0,0.0,3891.0,2891.0,29401
2808905,450104,2016-10-08,1,1,44068.68,1629.22,49069.0,44068.68,29576
2808960,450187,2015-10-07,2,1,19600.0,0.0,36942.0,19600.0,29554
2809006,455417,1989-11-07,4,2,,,,0.0,29464
2809020,450104,2015-10-04,1,1,45741.13,41423.3,42071.0,45741.13,29588
2809024,455412,2016-10-08,0,1,,,,0.0,29403
2809065,450110,1989-09-22,1,1,37298.8,1851.46,37847.0,37298.8,29582
2809140,450068,2015-10-03,4,1,,,,0.0,29485
2809173,450085,2022-09-30,2,1,6514.81,0.0,7428.0,6514.81,29585
2809254,455417,1989-09-22,1,1,,,,0.0,29464
2809308,450104,2018-10-20,0,11,,,,0.0,29588
2809358,450104,1989-09-22,0,3,,,,0.0,29577
2809405,455413,1989-09-22,1,1,,,,0.0,29412
2809406,450104,1989-09-22,1,3,,,,0.0,29572
2809423,455413,2015-10-03,4,1,,,,0.0,29407
2809521,455412,2016-10-08,4,2,,,,0.0,29401
2809555,455412,2017-09-11,2,11,10473.58,0.0,12014.0,10473.58,29401
2809657,455415,1979-09-04,1,1,2136.65,0.0,2500.0,2136.65,
2809679,455413,1989-09-22,1,1,0.0,734.0,,0.0,29407
2809689,455412,1989-09-22,1,2,1326.49,0.0,1826.0,1326.49,29401
2809764,455412,2015-10-03,1,11,8935.93,0.0,13935.0,8935.93,29414
2809818,455412,1989-09-22,1,1,9003.0,945.0,9800.0,9003.0,29407
2809833,455413,2015-10-02,4,1,6231.93,0.0,10329.0,6231.93,29412
2809836,455418,1989-09-22,1,1,45564.21,13460.24,46064.0,45564.21,29482
2809914,450110,1987-01-01,1,2,7488.2,0.0,9073.0,7488.2,29582
2809960,450219,2020-05-19,4,1,0.0,0.0,1123.0,0.0,29365
2810050,455414,2016-10-07,1,18,9654.98,0.0,10905.0,9654.98,29438
2810159,450085,1989-09-22,1,2,32421.51,10500.0,32922.0,32421.51,29576
2810226,450104,1998-07-24,2,1,,,15000.0,0.0,29526
2810268,450172,2015-10-04,2,1,250000.0,0.0,301762.0,250000.0,29206
2810304,450104,1999-10-20,2,1,447.74,0.0,448.0,447.74,29568
2810306,455414,1979-09-04,1,1,740.0,685.95,940.0,740.0,
2810318,455417,1989-09-22,1,1,,,,0.0,29464
2810400,450109,1989-09-22,1,4,20279.01,0.0,20829.0,20279.01,29577
2810562,455412,2015-10-03,4,1,15771.26,1794.05,14654.0,15771.26,29414
2810588,450110,1987-01-01,1,1,,,,0.0,29582
2810589,450109,1978-03-09,1,1,1473.29,0.0,1674.0,1473.29,29210
2810594,450109,1999-09-16,4,1,,,,0.0,29577
2810600,450104,1989-09-21,1,1,11887.07,0.0,12387.0,11887.07,29576
2810619,455413,2015-10-04,4,1,569.08,0.0,2570.0,569.08,29414
2810625,455416,1989-09-22,1,1,,,,0.0,29451
2810710,455413,2024-04-11,4,11,4745.35,0.0,6245.0,4745.35,29412
2810829,455416,1989-09-21,1,1,31129.37,0.0,31629.0,31129.37,29451
2810941,450104,2015-09-28,1,18,58295.68,0.0,60157.0,58295.68,29576
2810945,455415,2022-09-30,1,12,23749.95,4190.54,25750.0,23749.95,29439
2810979,450250,2016-10-08,4,16,,,,0.0,29926
2811174,455412,1989-09-21,1,1,1172.0,0.0,1672.0,1172.0,29401
2811266,455415,1989-09-21,1,1,10450.0,640.0,10950.0,10450.0,29439
2811325,455418,1989-09-21,1,1,2074.2,0.0,400.0,2074.2,29482
2811359,455413,2024-08-12,4,11,33002.37,0.0,30613.0,33002.37,29426
2811372,455416,2015-10-04,4,1,,,1465.0,0.0,29451
2811377,450172,1997-04-02,0,3,,,,0.0,29223
2811418,455412,1989-09-22,1,4,,,,0.0,29403
2811428,450176,2024-09-27,2,11,77154.03,0.0,76428.0,77154.03,29316
2811447,455416,1989-09-22,1,1,,,,0.0,29451
2811504,450051,2017-11-01,4,11,,,,0.0,29560
2811512,450085,1987-01-01,1,1,2071.51,0.0,2572.0,2071.51,
2811525,450111,1990-10-25,4,1,2564.65,0.0,3064.0,2564.65,29575
2811556,450109,2015-10-05,4,1,6266.9,0.0,7237.0,6266.9,29572
2811634,455412,2017-09-11,1,1,2797.39,0.0,4604.0,2797.39,29407
2811646,455412,2024-08-08,0,11,,,,0.0,29403
2811652,450110,1994-10-14,4,1,,,,0.0,29582
2811717,450198,2013-07-08,2,1,6868.29,0.0,7192.0,6868.29,29662
2811739,450110,2020-08-03,1,1,2380.25,0.0,3630.0,2380.25,29582
2811791,450025,2017-09-11,2,1,12507.55,0.0,17508.0,12507.55,29920
2811818,450104,2018-11-24,4,1,25000.0,9900.0,31570.0,25000.0,29576
2811939,450141,2013-07-05,2,1,2019.96,0.0,4020.0,2019.96,29574
2811974,450085,1989-09-22,1,1,1250.0,0.0,1750.0,1250.0,29585
2811986,450109,1994-12-23,2,1,1600.0,0.0,2200.0,1600.0,29577
2812031,450104,2018-09-24,4,1,70600.6,26836.84,67417.0,70600.6,29568
2812048,455416,2023-12-17,2,11,5181.72,0.0,6107.0,5181.72,29451
2812059,450110,1993-06-12,4,4,8379.63,0.0,9702.0,8379.63,29582
2812088,455414,1989-09-21,1,1,,,,0.0,29438
2812148,455412,1989-09-22,1,1,25268.41,11586.14,25768.0,25268.41,29401
2812184,450110,2016-10-08,0,1,34399.8,22074.03,36401.0,34399.8,29582
2812196,450085,2016-10-08,1,11,50383.98,1959.0,52383.0,50383.98,29576
2812232,450068,2016-10-08,4,6,5941.75,3400.0,6942.0,5941.75,29485
2812233,455412,1989-09-21,1,1,,,,0.0,29403
2812330,455412,1989-09-21,1,1,70754.0,4177.23,71254.0,70754.0,29401
2812377,455412,2004-06-15,4,1,32966.62,4332.5,33466.0,32966.62,29414
2812454,450029,2021-08-17,4,11,3016.37,0.0,4016.0,3016.37,29445
2812473,455416,1989-09-22,1,1,7581.2,0.0,6829.0,7581.2,29451
2812562,450110,1989-09-22,1,2,24650.0,0.0,25650.0,24650.0,29582
2812575,455412,1989-09-21,1,3,63238.65,0.0,68238.0,63238.65,29403
2812601,455412,2025-08-30,4,11,2576.24,0.0,4577.0,2576.24,29412
2812654,455412,2022-09-30,0,11,,,,0.0,29455
2812913,450030,2016-10-17,0,1,,,,0.0,29410
2812951,450085,2020-08-03,2,11,52778.5,11067.63,59046.0,52778.5,29576
2812966,455412,1989-09-21,1,2,10016.0,0.0,10516.0,10016.0,29401
2812977,455412,2015-10-04,4,1,47287.18,7789.72,48537.0,47287.18,29414
2813025,455412,1985-08-08,1,1,1283.0,645.6,1783.0,1283.0,29412
2813093,455416,2015-10-03,4,1,8849.78,0.0,10849.0,8849.78,29451
2813103,455412,1989-09-22,1,1,,,,0.0,29407
2813125,450110,1996-07-12,4,1,,,,0.0,29582
2813198,450109,1999-09-15,4,3,2797.93,0.0,3958.0,2797.93,29572
2813275,455412,2016-10-07,1,3,,,,0.0,29401
2813280,455415,1987-01-01,1,2,3057.32,0.0,3558.0,3057.32,29439
2813319,450085,1989-09-22,1,2,97350.0,34278.2,108500.0,97350.0,29576
2813321,450042,2016-10-08,2,1,6380.22,0.0,7353.0,6380.22,29405
2813355,455412,1989-09-21,1,2,55399.55,0.0,55899.0,55399.55,29401
2813381,450025,1994-10-13,4,2,,,175.0,0.0,29928
2813394,450104,1989-09-22,2,2,30088.07,10000.0,30589.0,30088.07,29576
2813481,455413,2017-09-11,4,11,30915.9,0.0,30195.0,30915.9,29412
2813522,450085,1989-09-22,1,1,3228.02,1685.04,3729.0,3228.02,29585
2813622,450085,2016-10-08,1,1,46612.32,10036.01,43912.0,46612.32,29576
2813720,450110,2016-10-07,1,11,740.54,0.0,1985.0,740.54,29582
2813722,455413,1989-09-22,1,1,3300.0,0.0,4300.0,3300.0,29412
2813723,450078,1996-08-18,4,1,6385.07,1724.68,6886.0,6385.07,29501
2813761,450141,2018-09-19,4,1,58228.3,0.0,59026.0,58228.3,29571
2813815,450042,1994-10-13,4,4,6923.01,0.0,7424.0,6923.01,29405
2813824,450170,2015-10-03,2,11,20326.83,0.0,21327.0,20326.83,29223
2813828,450028,2016-10-08,,1,,,,0.0,29935
2813833,450250,2016-10-08,0,1,,,,0.0,29928
2813904,450250,2016-10-08,2,1,63049.58,14310.73,58880.0,63049.58,29928
2813922,450025,2016-10-29,0,11,,,,0.0,29920
2813957,450170,2015-10-03,2,6,214729.07,0.0,264729.0,214729.07,29201
2814008,450197,2014-12-13,0,1,,,,0.0,29745
2814191,450089,2020-05-19,4,1,4914.82,0.0,5915.0,4914.82,29615
2814271,450110,1989-09-22,0,2,14794.49,10500.0,15795.0,14794.49,29582
2814296,455413,1989-09-21,0,1,,,,0.0,29455
2814333,455413,2024-09-27,4,11,780.86,0.0,2031.0,780.86,29455
2814334,450111,2015-10-05,4,11,2670.97,0.0,3309.0,2670.97,29575
2814386,450110,1996-10-08,1,1,6600.0,0.0,71000.0,6600.0,29582
2814398,450110,2016-10-08,1,1,10762.48,9309.23,12012.0,10762.48,29582
2814474,450110,1989-09-22,1,3,18487.25,0.0,19037.0,18487.25,29582
2814510,455412,2016-10-08,1,11,122357.09,29206.03,119489.0,122357.09,29401
2814558,455412,1998-04-01,4,1,4750.0,0.0,3828.0,4750.0,29403
2814565,455412,2017-09-11,4,18,10224.73,0.0,20224.0,10224.73,29403
2814718,450085,1999-09-15,0,2,,,,0.0,29585
2814780,450025,2016-10-08,,11,,,,0.0,29920
2814790,450085,1989-09-21,1,1,10463.74,0.0,11013.0,10463.74,29440
2814889,450025,2016-10-07,2,11,,,290.0,0.0,29920
2814890,450250,1995-08-25,0,1,,,,0.0,29926
2814895,450085,1983-03-17,4,1,,,,0.0,29855
2814976,455413,1989-09-22,1,1,,,,0.0,29456
2814980,455417,1989-09-22,1,1,,,,0.0,29464
2815191,455412,2016-10-07,2,1,5352.85,0.0,5942.0,5352.85,29401
2815326,450025,2017-09-11,2,1,35769.34,0.0,30737.0,35769.34,29941
2815347,455412,1982-07-26,4,4,0.0,659.56,,0.0,29401
2815349,455415,1995-09-07,1,1,,,,0.0,29439
2815351,455417,1996-07-12,1,1,,,,0.0,29464
2815457,450085,1989-09-22,1,1,14804.37,0.0,15304.0,14804.37,29585
2815492,450110,2020-08-03,1,11,83512.87,30000.0,85512.0,83512.87,29582
2815505,450025,2016-10-08,1,1,28300.21,0.0,38300.0,28300.21,29920
2815506,450104,1989-09-22,1,1,7367.17,2446.29,7868.0,7367.17,29582
2815617,450110,1987-01-01,1,1,,,,0.0,29582
2815699,455413,2017-09-11,1,1,17595.81,10000.0,19595.0,17595.81,29412
2815703,455416,1989-09-22,1,1,36980.58,7184.0,37481.0,36980.58,29451
2815722,455413,2017-09-11,1,11,9025.39,0.0,11025.0,9025.39,29438
2815732,455416,2017-09-11,4,11,0.0,0.0,0.0,0.0,29451
2815888,450250,2016-10-08,2,1,39660.13,5399.62,39492.0,39660.13,29928
2815894,450076,2016-10-14,2,11,,,5407.0,0.0,29555
2816020,455412,1989-09-22,1,2,,,,0.0,29403
2816044,450250,2025-05-11,4,15,16384.29,0.0,16881.0,16384.29,29926
2816153,455415,1984-11-21,2,1,443.8,0.0,944.0,443.8,
2816185,455412,2013-03-24,4,1,,,,0.0,29403
2816204,450060,1993-01-10,4,1,3330.0,0.0,4565.0,3330.0,29501
2816288,450160,2015-10-06,2,1,6516.66,550.0,5101.0,6516.66,29432
2816369,455412,2016-10-07,2,11,,,1099.0,0.0,29455
2816429,450104,2023-12-17,1,18,134915.88,0.0,136916.0,134915.88,29576
2816476,450025,2016-10-07,0,1,,,,0.0,29920
2816489,455413,2016-10-08,2,1,7972.56,213.65,8206.0,7972.56,29412
2816532,450111,1989-09-21,1,2,30103.61,10500.0,32314.0,30103.61,29575
2816539,455417,1989-09-21,2,1,1380.0,0.0,1881.0,1380.0,29464
2816681,455412,2017-09-11,1,11,10420.1,0.0,6827.0,5210.05,29414
2816720,450104,2018-11-24,1,1,15992.97,0.0,16459.0,15992.97,29576
2816790,450104,2016-10-08,2,1,4142.93,0.0,5143.0,4142.93,29526
2816812,450104,2018-09-20,0,1,38000.0,11400.0,42683.0,38000.0,29568
2816894,455417,1989-09-21,1,1,4197.0,0.0,4697.0,4197.0,29464
2816906,450172,2015-10-04,2,1,23062.8,0.0,24004.0,23062.8,29206
2816952,450088,1979-09-04,1,1,,,,0.0,
2816988,450110,2016-10-08,0,2,30314.87,0.0,35315.0,30314.87,29582
2816989,450250,2016-10-08,,1,,,,0.0,29928
2817001,450068,2020-08-15,4,1,25215.57,6233.72,20963.0,25215.57,29483
2817066,455413,1989-09-22,1,1,,,,0.0,29405
2817120,450085,1989-09-21,1,1,5722.39,1851.5,7355.0,5722.39,29585
2817254,450085,1989-09-21,1,1,29215.0,13847.0,29715.0,29215.0,29576
2817307,455412,2016-02-03,4,1,288.96,0.0,1538.0,288.96,29412
2817327,450141,2016-10-08,4,1,152746.9,100000.0,139021.0,152746.9,29581
2817349,450025,1983-01-02,1,1,,,,0.0,29920
2817401,455417,2000-09-12,1,1,,,,0.0,29464
2817406,450085,2016-10-08,0,11,,,1199.0,0.0,29440
2817429,450250,1994-10-13,1,1,11334.6,7203.95,14164.0,11334.6,29928
2817486,450104,2018-09-14,2,16,0.0,44737.93,,0.0,29568
2817499,450085,1987-01-01,1,1,752.0,0.0,1302.0,752.0,29576
2817541,450062,2016-10-07,4,1,188.81,0.0,1439.0,188.81,29550
2817557,455412,2017-09-11,2,1,11721.66,0.0,13133.0,11721.66,29401
2817632,455412,2017-09-11,1,11,173340.48,0.0,178340.0,173340.48,29401
2817733,450025,2017-09-11,1,11,8906.25,0.0,7787.0,8906.25,29909
2817834,455412,2020-04-23,4,13,90588.91,0.0,110588.0,90588.91,29403
2817903,450111,1983-03-17,1,2,3772.51,1163.0,4300.0,3772.51,
2817970,455413,2015-10-03,4,11,2975.84,0.0,4072.0,2975.84,29407
2818039,450109,1996-10-08,4,3,,,,0.0,29577
2818111,450085,1989-09-22,0,2,,,,0.0,29940
2818113,450257,2017-09-11,4,1,7164.92,0.0,8414.0,7164.92,29455
2818125,455412,1989-09-22,1,1,,,,0.0,29403
2818224,450147,2024-08-08,2,11,28557.32,0.0,30557.0,28557.32,29512
2818251,450250,2016-10-08,0,1,734.75,0.0,1985.0,734.75,29928
2818257,450110,2020-08-04,1,11,491.34,0.0,1741.0,491.34,29582
2818258,450104,2016-10-08,4,1,43598.18,0.0,41425.0,43598.18,29588
2818268,450104,1989-09-22,1,3,,,,0.0,29572
2818336,450109,1989-09-22,1,4,250000.0,84300.0,250550.0,250000.0,29577
2818475,450085,1989-09-22,4,1,95134.0,23613.73,96134.0,95134.0,29585
2818672,455412,1989-09-21,1,2,12970.0,0.0,13470.0,12970.0,29403
2818675,450085,2022-09-30,1,1,3694.34,87.79,4944.0,3694.34,29576
2818718,455413,1989-09-22,1,1,5016.91,0.0,5516.0,5016.91,29412
2818797,455412,2016-10-08,2,1,,,1897.0,0.0,29403
2818892,450206,2015-10-05,4,1,571.67,0.0,1822.0,571.67,29445
2818969,450250,2016-10-08,0,11,,,,0.0,29928
2819004,455413,1985-07-28,1,1,,,,0.0,29407
2819065,450160,2015-10-03,4,1,16809.22,20697.05,16603.0,16809.22,29048
2819085,450110,1998-08-26,4,2,,,,0.0,29598
2819153,455412,2015-10-04,4,11,15828.89,0.0,10029.0,15828.89,29414
2819176,455418,1989-09-22,1,1,3902.26,0.0,4903.0,3902.26,29482
2819213,455417,2017-09-11,4,1,13884.52,0.0,14702.0,13884.52,29464
2819222,450109,1989-09-22,0,4,20762.83,0.0,21263.0,20762.83,29575
2819230,450030,2015-10-03,2,1,14373.02,8029.0,15120.0,14373.02,29410
2819263,450115,2013-07-29,4,1,4637.39,0.0,5042.0,4637.39,29078
2819278,455415,1989-09-22,1,12,20860.39,0.0,21360.0,20860.39,29439
2819365,450085,1989-09-22,1,2,0.0,5328.1,,0.0,29602
2819368,455412,2017-09-11,2,11,1331.12,0.0,2581.0,1331.12,29414
2819449,450110,1996-07-12,1,2,,,1.0,0.0,29582
2819467,450104,2016-10-08,2,1,81306.73,0.0,75268.0,81306.73,29527
2819577,450087,2023-12-17,1,11,10168.94,0.0,9925.0,10168.94,29440
2819583,450088,1979-09-04,1,1,1154.2,0.0,1355.0,1154.2,
2819712,450042,2024-08-06,4,11,4510.22,2925.45,6510.0,4510.22,29420
2819997,450206,2021-06-07,4,11,22660.5,0.0,19525.0,22660.5,29445
2820032,450025,1987-01-01,1,1,2648.08,0.0,3497.0,2648.08,29920
2820100,455412,1989-09-22,1,4,0.0,23400.0,,0.0,29401
2820164,455415,1989-09-21,1,1,1409.0,0.0,2600.0,1409.0,29439
2820213,455415,1987-01-01,1,1,,,,0.0,29439
2820225,450251,2015-12-30,4,11,,,142.0,0.0,29910
2820324,450141,2016-10-13,2,1,15603.95,493.49,14746.0,15603.95,29546
2820327,455416,1989-09-21,1,3,,,,0.0,29451
2820414,450025,1979-09-04,4,1,,,,0.0,29938
2820450,450076,2016-10-07,2,1,6012.08,0.0,1888.0,6012.08,29506
2820594,455416,2017-09-11,4,1,20400.62,0.0,20576.0,20400.62,29451
2820642,450089,2024-09-26,2,11,20051.4,0.0,21301.0,20051.4,29687
2820654,450110,2016-10-08,3,1,24846.61,0.0,26846.0,24846.61,29582
2820777,450104,2001-03-02,4,1,,,,0.0,29572
2820816,450111,1987-01-01,1,1,,,,0.0,
2820855,455417,2025-08-25,4,11,59504.16,1311.76,60754.0,59504.16,29464
2820889,450176,2019-02-18,4,1,1222.14,0.0,2472.0,1222.14,29349
2820924,450104,2016-10-13,2,1,52340.12,23133.53,45909.0,52340.12,29588
2820958,455416,1989-09-22,1,1,1296.69,0.0,2225.0,1296.69,29451
2821080,455418,1999-09-15,4,1,,,,0.0,29482
2821133,450042,2016-10-07,0,4,119902.39,2608.49,121152.0,119902.39,29406
2821158,450111,1989-09-22,1,3,16023.91,0.0,16523.0,16023.91,29575
2821207,450085,2016-10-07,2,1,33300.0,0.0,33500.0,33300.0,29510
2821303,450104,2004-08-13,,3,,,,0.0,29572
2821319,450174,1997-07-24,4,4,,,,0.0,29204
2821331,450104,2013-07-17,4,1,362.5,0.0,1363.0,362.5,29575
2821335,450085,1989-09-22,1,1,14600.0,0.0,15150.0,14600.0,29576
2821397,455416,1989-09-21,1,1,45921.42,24503.73,46420.0,45921.42,29451
2821474,450042,1989-09-22,1,4,,,,0.0,29418
2821520,455417,1989-09-21,1,1,5270.0,0.0,5770.0,5270.0,29464
2821551,450111,1999-09-15,4,1,1947.71,0.0,2948.0,1947.71,29575
2821588,450104,2016-10-07,0,11,891.44,718.63,2141.0,891.44,29527
2821614,450058,2001-07-05,4,4,5043.15,0.0,6111.0,5043.15,29488
2821615,455415,1989-09-22,1,1,4300.0,0.0,63404.0,4300.0,29439
2821711,450104,2016-10-07,1,14,11470.15,0.0,13470.0,11470.15,29572
2821736,450030,2016-10-08,1,1,9505.02,0.0,10989.0,9505.02,29410
2821793,455417,1989-09-21,1,1,4645.0,0.0,5145.0,4645.0,29464
2821821,450114,2016-10-08,1,1,8275.16,526.91,9205.0,8275.16,29936
2821852,450104,1999-09-15,2,14,,,,0.0,29575
2821894,450250,2016-10-07,1,11,28845.13,0.0,28771.0,28845.13,29926
2821895,450068,2015-10-03,2,1,49505.4,7494.98,47643.0,49505.4,29456
2821908,455412,1999-09-15,1,1,,,,0.0,29401
2821920,450002,1998-02-04,4,1,951.75,851.5,1452.0,951.75,29831
2821987,450110,1989-09-22,1,1,13252.0,0.0,13802.0,13252.0,29582
2822029,455413,2016-10-08,4,1,21398.57,0.0,22652.0,21398.57,29414
2822039,450068,2015-06-24,4,2,9485.04,0.0,10486.0,9485.04,29485
2822085,450172,2015-10-04,2,1,175211.63,21034.04,177212.0,175211.63,29206
2822138,450110,2020-08-03,0,11,43559.5,20659.33,,43559.5,29582
2822222,450104,2016-10-08,4,6,7374.33,23249.29,9374.0,7374.33,29576
2822294,455416,1989-09-22,1,1,38514.29,0.0,39015.0,38514.29,29451
2822328,455412,1989-09-21,1,4,21627.51,0.0,22127.0,21627.51,29401
2822331,455416,1994-10-02,4,4,,,,0.0,29451
2822366,450085,1989-09-22,1,1,31535.7,4655.0,32085.0,31535.7,29576
2822389,450176,2013-10-06,4,1,6206.92,1032.4,7207.0,6206.92,29651
2822407,455413,2015-10-04,4,1,2197.83,0.0,3425.0,2197.83,29414
2822425,450110,1989-09-22,0,2,,,,0.0,29582
2822461,450025,2019-10-10,0,1,0.0,0.0,0.0,0.0,29909
2822555,450085,1989-09-22,1,1,12098.93,6249.5,12598.0,12098.93,29440
2822618,450085,2015-10-04,4,1,23512.48,0.0,22653.0,23512.48,29440
2822637,455417,1994-10-14,4,1,328.82,0.0,829.0,328.82,29464
2822750,450085,2016-10-08,2,1,29238.65,1975.5,29439.0,29238.65,29440
2822782,455415,1989-09-22,0,1,17024.87,0.0,17524.0,17024.87,29439
2822794,450111,2016-10-08,1,15,7318.03,0.0,8568.0,7318.03,29575
2822797,450141,2016-10-08,2,1,150000.0,0.0,175869.0,150000.0,29574
2822801,455416,2016-10-08,0,1,,,227.0,0.0,29451
2823022,450104,2022-09-30,4,11,18734.88,0.0,19985.0,18734.88,29576
2823076,450181,2024-09-27,4,16,31442.37,0.0,36442.0,31442.37,29307
2823087,450141,2018-09-12,2,1,34000.0,0.0,52108.0,34000.0,29574
2823145,450113,2016-10-08,0,11,,,,0.0,29909
2823176,450085,1999-09-16,2,3,,,,0.0,29587
2823268,455413,2008-10-24,4,1,26387.51,787.08,26030.0,26387.51,29407
2823311,450104,1996-08-27,4,1,,,,0.0,29576
2823380,455413,2015-10-04,4,1,4698.78,0.0,5948.0,4698.78,29455
2823542,450109,1989-09-22,1,3,294542.85,0.0,295042.0,294542.85,29572
2823683,455415,1987-01-01,1,1,4403.92,0.0,4904.0,4403.92,29439
2823843,450110,1993-03-13,4,1,,,,0.0,29582
2823895,455413,1994-10-03,4,1,,,400.0,0.0,29412
2823994,450085,1989-09-22,1,1,23626.01,30000.0,24626.0,23626.01,29576
2824182,450056,2024-08-06,4,11,57340.12,2262.46,58590.0,57340.12,29488
2824201,450025,2006-10-23,1,1,,,,0.0,29907
2824238,455415,2017-09-11,1,1,40000.0,0.0,42000.0,40000.0,29439
2824300,455412,1989-09-22,1,2,106745.84,0.0,107245.0,106745.84,29401
2824328,450110,2016-10-08,0,1,60136.36,24500.0,62136.0,60136.36,29582
2824349,450110,1987-01-01,1,1,3457.33,0.0,4566.0,3457.33,29582
2824352,450110,1989-09-22,1,1,1800.0,0.0,2350.0,1800.0,29582
2824366,455416,1989-09-21,1,3,137861.74,0.0,162736.0,137861.74,29451
2824442,450068,1986-08-14,1,2,,,,0.0,29485
2824450,455417,2017-09-11,2,1,4527.04,0.0,0.0,4527.04,29464
2824672,450110,1989-09-22,1,3,45236.75,0.0,45786.0,45236.75,29582
2824701,450110,1979-09-04,1,3,,,,0.0,29582
2824764,450110,2020-08-03,1,1,4935.92,0.0,6936.0,4935.92,29582
2824838,450110,1999-09-15,4,3,,,,0.0,29582
2824848,450172,2015-10-05,,18,,,,0.0,29209
2824850,450076,2024-08-08,4,11,24645.95,3933.18,25472.0,24645.95,29591
2824866,455416,1987-09-02,4,1,,,,0.0,29451
2825023,455418,1989-09-22,1,1,10760.14,0.0,11760.0,10760.14,29482
2825113,450172,2024-09-27,0,11,,,,0.0,29203
2825293,450104,1999-09-15,4,1,,,,0.0,29576
2825474,455412,2021-11-06,4,11,0.0,0.0,0.0,0.0,29403
2825554,450085,2022-09-30,1,16,30163.29,8976.53,35163.0,30163.29,29585
2825557,450085,2023-12-17,1,16,,,,0.0,29585
2825639,450110,2020-08-03,1,1,36041.32,4762.12,38041.0,36041.32,29582
2825698,455412,2015-10-03,4,1,15484.8,0.0,16187.0,15484.8,29414
2825717,455417,1989-09-22,1,1,104243.63,28900.0,105078.0,104243.63,29464
2825799,450111,1986-10-08,0,1,,,,0.0,29575
2825833,455413,1989-09-22,1,1,,,,0.0,29412
2825851,455417,1989-09-22,0,1,50569.45,1579.99,63517.0,50569.45,29464
2825923,455412,2016-10-08,2,1,1921.27,0.0,3921.0,1921.27,29401
2826056,455413,1989-09-22,2,1,36700.99,0.0,37200.0,36700.99,29412
2826105,450085,1989-09-22,0,1,108076.0,22000.0,108626.0,108076.0,29576
2826124,450110,1987-01-01,2,3,,,,0.0,29500
2826173,450170,2015-10-04,0,3,76960.84,0.0,78961.0,76960.84,29209
2826203,450085,1989-09-22,1,3,98608.16,0.0,99158.0,98608.16,29585
2826241,455413,1989-09-21,1,1,5802.0,0.0,6302.0,5802.0,29412
2826257,455412,1989-09-21,1,4,79500.0,0.0,81000.0,79500.0,29451
2826297,450110,2016-10-08,0,1,725.12,0.0,1975.0,725.12,29582
2826308,450085,1989-09-22,0,3,0.0,8117.89,,0.0,29440
2826347,450089,2014-08-09,2,1,63416.9,12434.25,64416.0,63416.9,29615
2826349,455415,2016-10-08,1,1,6489.57,0.0,8489.0,6489.57,29439
2826371,455413,1989-09-22,0,3,,,,0.0,29451
2826412,455412,1989-09-21,1,2,,,,0.0,29412
2826498,450250,2016-10-08,1,15,8761.22,0.0,9208.0,8761.22,29928
2826556,450110,2016-10-08,0,12,53348.4,17652.5,55348.0,53348.4,29582
2826618,455413,1989-09-22,1,4,4340.0,0.0,9230.0,4340.0,29406
2826653,450109,1989-09-22,1,1,1110.0,0.0,1660.0,1110.0,29577
2826719,450085,2022-09-30,3,15,52787.42,0.0,48685.0,52787.42,29576
2826994,450104,2018-09-25,1,1,99971.69,3400.0,86228.0,93111.85,29577
2827019,450025,2016-10-07,1,11,190320.65,100000.0,192321.0,190320.65,29920
2827055,450075,2024-09-26,4,11,0.0,0.0,,0.0,29130
2827241,450110,1999-09-16,1,1,1581.86,0.0,2083.0,1581.86,29566
2827595,450085,2003-07-24,4,1,,,,0.0,29440
2827609,450110,1996-10-08,0,3,14920.16,0.0,17441.0,14920.16,29582
2827652,455413,2018-07-19,4,1,,,4335.0,0.0,29412
2827712,455414,2017-09-11,4,11,1180.99,0.0,2431.0,1180.99,29438
2827786,450110,1989-09-22,1,3,149565.71,0.0,151965.0,149565.71,29582
2827821,450085,1989-09-21,1,3,,,,0.0,29598
2827908,455413,2015-10-04,4,11,1446.81,881.71,2437.0,1446.81,29412
2827931,455416,1989-09-21,1,1,29540.0,0.0,30040.0,29540.0,29451
2828042,450250,2016-10-08,4,15,,,334.0,0.0,29926
2828058,450109,1989-09-22,1,3,11260.0,0.0,11760.0,11260.0,29577
2828079,450025,2017-09-11,4,15,7096.66,0.0,16471.0,7096.66,29920
2828159,450110,2009-12-18,4,2,4193.2,2338.55,5194.0,4193.2,29582
2828299,455412,1982-09-19,4,1,658.85,0.0,859.0,658.85,29403
2828384,455412,2023-12-17,2,11,30992.89,17295.18,28899.0,30992.89,29403
2828425,450110,1989-09-22,1,1,6219.0,1790.0,6769.0,6219.0,29582
2828429,450089,2004-07-29,0,1,19631.24,0.0,20131.0,19631.24,29617
2828441,450141,2018-09-14,2,1,26000.0,8000.0,27993.0,26000.0,29581
2828442,450110,1989-09-22,1,1,1950.25,0.0,2500.0,1950.25,29582
2828450,450068,2016-10-08,2,1,6593.04,725.59,7579.0,6593.04,29456
2828478,450104,2016-10-08,4,1,2201.0,0.0,3295.0,2201.0,29577
2828492,455412,1989-09-21,1,1,,,,0.0,29401
2828720,450106,1998-03-06,4,1,1893.63,0.0,2393.0,1893.63,29526
2828743,450085,1989-09-22,1,1,7171.49,0.0,7720.0,7171.49,29440
2828782,450104,2015-10-03,4,1,7736.3,0.0,8305.0,7736.3,29526
2828814,455412,1987-01-01,4,1,1367.1,0.0,3119.0,1367.1,29401
2828879,450120,2009-12-25,4,4,23445.14,10281.75,23946.0,23445.14,29720
2828927,455412,2015-10-03,4,1,47762.74,0.0,42319.0,47762.74,29414
2828939,450085,1989-09-21,1,2,47533.56,3510.0,52970.0,47533.56,29576
2828996,450110,1987-01-01,1,1,3536.24,0.0,4700.0,3536.24,29582
2829041,455412,2004-06-15,4,3,23091.64,0.0,23591.0,23091.64,29407
2829091,455412,1989-09-21,1,4,21118.1,0.0,21618.0,21118.1,29401
2829334,450106,2015-10-02,2,1,25324.2,10323.97,26574.0,25324.2,29526
2829582,450250,1988-09-09,1,1,923.13,0.0,1473.0,923.13,29928
2829603,450104,2018-09-24,2,1,50000.0,20000.0,59792.0,50000.0,29588
2829704,450085,1989-09-21,1,1,29154.33,0.0,29653.0,29154.33,29576
2830046,450085,1987-01-01,1,1,2069.26,0.0,2569.0,2069.26,29556
2830145,455413,2015-10-03,0,1,0.0,836.11,,0.0,29466
2830179,455412,1989-09-21,1,1,60310.8,21760.0,60810.0,60310.8,29401
2830204,455413,1989-09-22,1,1,,,,0.0,29412
2830247,455412,2016-10-07,0,1,,,,0.0,29412
2830304,455413,2022-09-30,4,11,2292.31,0.0,4292.0,2292.31,29412
2830387,450170,1998-08-14,1,1,68.84,0.0,568.0,68.84,29209
2830465,450085,1989-09-21,1,1,64025.9,0.0,64525.0,64025.9,29585
2830574,450182,2015-10-05,0,1,,,,0.0,29150
2830610,450157,2025-05-05,0,11,0.0,0.0,0.0,0.0,29664
2830819,450089,2014-08-16,0,11,,,,0.0,29615
2830845,455417,2023-08-28,1,11,21732.73,0.0,53446.0,21732.73,29464
2830848,450085,1989-09-22,1,1,14736.82,734.47,15286.0,14736.82,29576
2830907,450129,2015-10-04,4,1,32933.51,0.0,34305.0,32933.51,29210
2831019,450013,2020-02-06,4,1,933.91,0.0,2147.0,933.91,29697
2831082,450129,2015-10-03,4,11,4000.28,0.0,5000.0,4000.28,29210
2831163,455413,1989-09-22,1,1,,,,0.0,29412
2831233,450153,1986-08-18,1,1,3320.67,0.0,4400.0,3320.67,29108
2831237,455413,1989-09-21,2,4,,,,0.0,29412
2831333,455413,1998-02-16,4,1,,,,0.0,29412
2831343,455417,2002-08-29,4,1,12378.87,656.66,12878.0,12378.87,29464
2831352,450250,2016-10-08,1,1,134046.45,28304.79,136046.0,134046.45,29928
2831366,455412,2017-09-11,1,18,177049.84,0.0,178300.0,177049.84,29414
2831428,450111,1989-09-22,1,1,,,,0.0,29575
2831434,455417,1989-09-22,1,1,6747.08,0.0,7247.0,6747.08,29464
2831464,370037,1989-09-22,2,1,,,,0.0,29582
2831480,455412,1989-09-21,1,1,27159.48,0.0,28659.0,27159.48,29401
2831559,455418,1989-09-22,1,1,12008.0,595.0,12800.0,12008.0,29482
2831605,455416,1989-09-22,1,1,8238.64,0.0,7388.0,8238.64,29451
2831607,450078,2016-10-08,2,1,5944.85,0.0,6699.0,5944.85,29501
2831671,455412,2017-09-11,2,11,61555.72,20200.19,52956.0,61555.72,29401
2831855,455416,1989-09-21,1,1,3609.5,0.0,4109.0,3609.5,29451
2831870,450026,2016-10-08,1,1,21555.78,0.0,22084.0,21555.78,29920
2831922,450061,1994-12-23,2,1,6037.28,0.0,9796.0,6037.28,29532
2831972,455412,1989-09-22,1,1,,,,0.0,29412
2832249,455412,2017-09-11,1,1,22833.94,0.0,22090.0,22833.94,29401
2832253,455412,1989-09-21,1,2,2534.59,0.0,3956.0,2534.59,29403
2832283,450025,2017-09-11,1,11,3260.84,0.0,4511.0,3260.84,29920
2832509,450085,1987-01-01,1,1,2711.0,0.0,3261.0,2711.0,29585
2832529,450085,1987-01-01,1,2,133100.0,10763.5,134150.0,133100.0,29585
2832592,450085,2022-09-30,,15,322512.6,0.0,294713.0,322512.6,29585
2832598,450068,2015-10-03,4,11,19824.08,5074.56,22108.0,19824.08,29483
2832610,450029,2024-08-08,2,11,45756.38,0.0,47006.0,45756.38,29461
2832694,450085,2022-09-30,1,11,57387.5,0.0,62388.0,57387.5,29576
2832699,450085,1986-06-22,1,1,,,,0.0,
2832728,450085,1989-09-22,1,1,8764.59,0.0,9313.0,8764.59,29440
2832775,450250,2003-09-18,2,4,,,,0.0,29928
2832778,450089,2024-09-27,4,11,50313.22,1000.0,1.0,50313.22,29687
2832779,450109,1999-09-15,4,1,1713.59,0.0,2214.0,1713.59,29577
2832794,450085,1996-09-05,4,1,,,,0.0,29585
2832827,455415,1989-09-21,1,2,32310.69,0.0,32810.0,32310.69,29439
2832899,450104,2018-09-23,2,1,115497.99,21338.08,112131.0,115497.99,29588
2833035,450025,1983-02-28,1,1,,,,0.0,29928
2833042,455412,2017-09-11,2,11,1799.95,0.0,3050.0,1799.95,29412
2833048,455415,1989-09-21,1,2,49500.0,0.0,50000.0,49500.0,29439
2833050,455413,2015-10-04,4,1,,,2991.0,0.0,29407
2833125,450110,1998-08-26,0,1,,,,0.0,29582
2833175,455412,1994-10-03,4,1,645.43,1694.4,1146.0,645.43,29412
2833233,455412,2016-10-08,4,11,24946.3,0.0,22131.0,24946.3,29401
2833247,450110,1989-09-22,1,1,21870.9,2055.8,22420.0,21870.9,29582
2833302,455416,1987-01-01,1,1,340.0,875.0,840.0,340.0,29451
2833343,450110,1989-09-22,1,3,93400.6,0.0,93950.0,93400.6,29582
2833681,450104,2003-04-19,1,1,2220.0,0.0,2720.0,2220.0,29588
2833697,450025,2017-09-11,1,15,17869.39,0.0,21858.0,17869.39,29920
2833745,455412,2016-10-08,2,11,8439.25,6301.04,10039.0,8439.25,29407
2833839,450068,2015-10-05,4,1,,,,0.0,29485
2833840,455412,2017-09-11,2,11,8902.09,0.0,10787.0,8902.09,29401
2834097,450042,2017-09-11,4,11,19369.25,3018.7,16516.0,19369.25,29418
2834141,450110,1993-03-13,1,1,125.0,0.0,625.0,125.0,29582
2834208,455412,2015-10-05,4,1,40094.28,0.0,33714.0,40094.28,29418
2834240,450091,2004-07-29,4,4,202841.41,425500.0,204619.0,202841.41,29601
2834275,450131,2015-10-04,2,11,46635.92,15100.0,44586.0,46635.92,29033
2834439,450263,2024-08-08,0,11,,,,0.0,29412
2834520,455413,2016-04-12,0,1,,,,0.0,29407
2834563,450104,2016-10-08,0,1,,,,0.0,29577
2834591,455413,1998-07-27,2,1,1969.05,0.0,2720.0,1969.05,29407
2834597,450131,1990-10-16,1,1,3825.67,0.0,4375.0,3825.67,29033
2834731,450085,1989-09-22,1,1,2148.0,0.0,2800.0,2148.0,
2834842,455414,2016-10-08,1,1,,,9507.0,0.0,29438
2834846,450104,1999-09-15,4,1,131397.09,0.0,146023.0,131397.09,29526
2834862,450025,2016-10-08,1,11,6580.49,0.0,8580.0,6580.49,29920
2834923,455416,1989-09-21,1,1,1393.0,0.0,1893.0,1393.0,29451
2834935,450115,2020-02-08,2,11,3070.13,0.0,7820.0,3070.13,29020
2835002,455414,2015-10-06,4,1,,,849.0,0.0,29438
2835092,450141,2020-11-16,2,1,15377.73,0.0,16628.0,15377.73,29574
2835259,450110,1989-09-21,1,4,200000.0,90663.4,200500.0,200000.0,29582
2835351,450085,2018-09-16,4,1,8365.56,0.0,9049.0,8365.56,29585
2835379,450042,2024-08-06,2,11,13043.37,16156.94,10551.0,13043.37,29420
2835420,455417,1989-09-21,1,1,6202.8,0.0,6702.0,6202.8,29464
2835673,450109,1999-09-15,4,1,,,,0.0,29572
2835674,450104,1996-09-05,4,1,,,,0.0,29576
2835693,455413,1983-03-21,1,1,396.53,0.0,829.0,396.53,29412
2835709,450085,1987-01-01,1,1,359.5,0.0,859.0,359.5,29576
2835743,450110,1989-09-22,1,3,250000.0,0.0,250500.0,250000.0,29582
2836103,450110,1999-09-15,2,1,,,,0.0,29582
2836119,450110,1989-09-22,0,3,,,,0.0,29582
2836134,450110,1999-09-15,1,1,7724.34,0.0,8225.0,7724.34,29582
2836277,455418,1989-09-21,1,1,30000.0,2000.0,30500.0,30000.0,29482
2836378,450109,1996-09-20,1,4,,,,0.0,29577
2836397,455415,2016-10-08,1,1,5979.45,0.0,6301.0,5979.45,29438
2836426,450085,1999-09-15,1,1,,,,0.0,29440
2836435,450104,2020-08-03,1,1,524.83,0.0,1775.0,524.83,29576
2836440,450107,1979-09-05,4,1,0.0,439.71,,0.0,29572
2836451,455416,1989-09-21,1,1,39800.0,11000.0,40300.0,39800.0,29451
2836506,455413,1989-09-22,1,1,,,,0.0,29464
2836537,455412,1979-09-04,1,1,,,,0.0,29403
2836669,455413,2015-10-03,1,1,24340.79,0.0,25263.0,24340.79,29407
2836711,450104,1985-08-09,0,4,,,,0.0,29578
2836739,455418,1989-09-22,1,1,15608.75,0.0,17000.0,15608.75,29482
2836856,455412,2005-06-19,1,1,,,,0.0,29412
2836936,450250,2016-10-08,1,15,2986.91,0.0,3960.0,2986.91,29928
2836953,450110,1991-08-12,4,1,,,240.0,0.0,29582
2836999,455415,1989-09-22,1,1,20495.06,0.0,20995.0,20495.06,29439
2837050,450085,1996-09-05,1,1,47491.16,0.0,47991.0,47491.16,29576
2837060,455417,1989-09-22,1,3,787.0,0.0,1287.0,787.0,29464
2837141,455413,2017-09-11,4,1,5527.09,0.0,7527.0,5527.09,29414
2837151,455412,2016-10-07,,6,,,,0.0,29401
2837269,450104,1989-09-22,1,1,62000.0,12800.0,62500.0,62000.0,29576
2837270,455412,2015-10-03,4,6,0.0,7878.93,,0.0,29403
2837342,450227,2021-10-07,4,11,6535.31,0.0,16535.0,6535.31,29620
2837454,450250,1995-09-26,4,1,,,361.0,0.0,29928
2837501,450025,1979-09-04,1,1,24580.45,0.0,25341.0,24580.45,29938
2837638,450064,2016-10-08,4,18,26418.32,0.0,27668.0,26418.32,29592
2837648,450025,2017-09-11,2,11,,,1588.0,0.0,29906
2837668,455412,2016-10-08,1,1,819.95,136.7,2319.0,819.95,29401
2837669,450110,1996-07-12,1,1,,,,0.0,29582
2837671,455414,1999-09-15,2,1,,,,0.0,29438
2837727,455416,1989-09-22,1,1,7231.48,0.0,7981.0,7231.48,29451
2837832,450085,2016-10-08,1,11,,,1633.0,0.0,29585
2837864,450250,2016-10-08,2,11,,,,0.0,29926
2838056,455413,2008-10-24,4,1,4995.0,0.0,4724.0,4995.0,29407
2838111,450170,2015-10-04,4,1,36089.48,0.0,38089.0,36089.48,29203
2838200,450250,2016-10-08,0,2,1007.39,0.0,2257.0,1007.39,29928
2838216,450109,2000-09-06,4,2,2422.59,0.0,3100.0,2422.59,29572
2838256,455416,1989-09-21,1,1,38780.89,5000.0,39780.0,38780.89,29451
2838297,450104,2020-05-29,2,1,0.0,0.0,181.0,0.0,29588
2838307,455413,2016-10-08,0,1,,,,0.0,29438
2838342,455412,1989-09-21,1,3,1692.0,0.0,2242.0,1692.0,29407
2838490,450104,1999-09-15,2,1,,,,0.0,29575
2838526,455415,2016-10-08,1,2,22300.9,0.0,24301.0,22300.9,29439
2838527,450104,1987-01-01,1,3,9635.0,0.0,10135.0,9635.0,29576
2838666,450104,1996-09-06,2,1,7795.21,0.0,8546.0,7795.21,29526
2838682,455413,2017-09-11,4,1,,,1952.0,0.0,29412
2838710,455412,1997-06-06,4,4,0.0,692.62,,0.0,29401
2838715,450110,1979-09-04,1,3,,,,0.0,29582
2838733,450104,1999-09-16,4,3,0.0,4351.87,,0.0,29577
2838782,450085,2022-09-30,1,15,20527.49,0.0,21740.0,20527.49,29585
2838813,450056,2024-08-08,0,14,34220.39,0.0,32658.0,34220.39,29472
2838816,450182,2015-10-02,0,4,,,,0.0,29154
2838837,455413,1989-09-21,1,4,,,,0.0,29464
2838856,450026,1994-10-02,4,1,4567.07,0.0,6038.0,4567.07,29902
2839006,450110,2022-09-30,1,11,3453.93,0.0,4704.0,3453.93,29582
2839276,455413,1989-09-22,1,1,,,,0.0,29455
2839313,450104,2016-10-08,1,15,383261.83,60024.7,320816.0,383261.83,29576
2839405,450104,2018-09-25,4,11,80396.45,3639.49,77435.0,80396.45,29588
2839449,450104,1998-02-20,2,1,21475.0,9009.0,14885.0,21475.0,29527
2839478,450025,2016-10-08,0,11,1663.98,0.0,2914.0,1663.98,29907
2839523,450085,1996-09-05,1,1,,,,0.0,29576
2839564,455412,1989-09-21,2,2,,,,0.0,29407
2839577,455413,2016-10-08,2,1,4809.68,3198.35,5010.0,4809.68,29412
2839584,450111,1979-09-05,4,1,962.0,0.0,1162.0,962.0,29575
2839586,455412,1989-09-21,1,1,14837.0,135.0,15337.0,14837.0,29401
2839658,450109,2001-07-06,2,4,,,,0.0,29577
2839666,455413,1979-08-04,4,1,,,,0.0,
2839692,455417,2016-10-08,4,12,47400.26,0.0,48650.0,47400.26,29464
2839881,455412,1997-06-06,4,2,4446.2,0.0,5196.0,4446.2,29401
2839922,450075,2015-12-31,2,14,23665.18,3753.41,25186.0,23665.18,29130
2839948,455412,2016-10-07,4,11,14154.82,0.0,16154.0,14154.82,29403
2840104,455417,1989-09-21,1,1,3273.0,0.0,4273.0,3273.0,29464
2840160,455412,2015-10-03,4,1,26216.36,1513.89,21585.0,26216.36,29407
2840197,450104,2016-10-08,1,11,16590.38,0.0,17840.0,16590.38,29576
2840202,450111,1989-09-22,1,1,,,,0.0,29575
2840206,450110,2015-10-03,0,11,6232.04,0.0,8233.0,6232.04,29582
2840233,450250,2016-10-08,4,1,,,,0.0,29928
2840249,450085,1989-09-21,1,1,21000.74,0.0,22501.0,21000.74,29585
2840307,450104,2015-10-03,2,14,,,588.0,0.0,29576
2840312,450104,2021-02-21,2,12,12870.73,0.0,14121.0,12870.73,29588
2840343,455416,1989-09-21,1,1,18387.91,31237.28,18887.0,18387.91,29451
2840373,450104,1989-09-22,1,3,,,,0.0,29572
2840416,450025,2016-10-08,1,11,24985.9,0.0,15145.0,24985.9,29920
2840531,455413,1989-09-22,1,1,2892.68,0.0,3392.0,2892.68,29412
2840555,455412,2016-10-07,1,1,10277.78,0.0,10569.0,10277.78,29401
2840679,450104,1989-09-22,1,1,50359.0,9099.0,51359.0,50359.0,29576
2840702,450109,1996-09-05,4,4,,,,0.0,29577
2840720,450250,2016-10-08,0,18,,,,0.0,29926
2840910,450250,2016-10-04,4,1,3046.71,0.0,4296.0,3046.71,29928
2840923,450026,2016-10-08,1,11,5862.82,0.0,2846.0,5862.82,29902
2840986,450089,2005-07-07,4,1,11182.42,0.0,11683.0,11182.42,29687
2841021,450172,2015-10-04,2,1,122799.26,0.0,105533.0,122799.26,29206
2841078,450250,1998-03-18,0,1,3810.0,0.0,5521.0,3810.0,29928
2841144,450172,2013-07-23,4,1,4049.21,0.0,7592.0,4049.21,29204
2841177,455416,1989-09-21,1,1,38799.93,30000.0,41000.0,38799.93,29451
2841186,450104,1999-09-15,4,1,17223.88,16830.0,19355.0,17223.88,29577
2841240,450085,2016-10-08,1,15,35594.23,0.0,32547.0,35594.23,29585
2841369,455413,1989-09-22,1,1,4402.88,0.0,4903.0,4402.88,29407
2841405,455412,1989-09-21,1,1,62305.0,0.0,62805.0,62305.0,29401
2841424,455415,1979-09-04,1,1,513.0,0.0,713.0,513.0,29439
2841455,450085,2015-10-05,2,11,,,2268.0,0.0,29440
2841480,450109,1979-09-04,1,4,,,,0.0,29577
2841516,450104,2018-11-24,0,1,29034.74,0.0,34035.0,29034.74,29576
2841667,455412,1989-09-22,1,2,,,,0.0,29407
2841888,455412,2016-10-08,4,11,,,,0.0,29403
2841921,455413,2015-10-03,2,11,15019.91,0.0,17314.0,15019.91,29407
2841950,455413,2015-10-02,4,11,3186.55,0.0,3918.0,3186.55,29412
2841991,450250,2016-10-08,2,1,18461.9,0.0,16375.0,18461.9,29928
2842163,450042,1998-01-05,4,1,,,1361.0,0.0,29418
2842174,450089,1987-07-30,4,1,,,,0.0,29681
2842193,450025,2017-09-11,0,11,5895.91,0.0,7146.0,5895.91,29920
2842338,450250,2016-10-08,2,1,1073.95,0.0,2323.0,1073.95,29928
2842419,450109,1999-09-16,4,4,,,410.0,0.0,29577
2842431,455413,2008-10-25,4,4,33246.7,6723.86,33747.0,33246.7,29466
2842458,455417,1987-01-01,1,1,2239.6,0.0,3740.0,2239.6,29464
2842499,455414,1993-02-05,1,1,2268.69,0.0,2769.0,2268.69,29438
2842506,450039,1989-09-21,1,1,27057.13,5000.0,27557.0,27057.13,29458
2842515,450085,2022-09-30,4,11,17934.12,49000.0,19934.0,17934.12,29585
2842563,455417,1999-09-15,4,3,0.0,274.04,,0.0,29464
2842597,450085,1979-09-14,1,1,,,,0.0,29576
2842706,455417,1998-02-16,4,1,6096.23,0.0,6597.0,6096.23,29464
2842721,450104,2015-10-04,4,11,6580.07,0.0,11580.0,6580.07,29579
2842926,450104,1999-09-15,2,1,1699.01,0.0,2700.0,1699.01,29575
2842937,455412,1989-09-21,1,2,,,,0.0,29407
2842991,455416,1999-09-15,4,1,,,,0.0,29451
2843009,455418,1989-09-22,1,1,92914.98,40800.0,185322.0,92914.98,29482
2843035,450104,2013-06-14,4,1,,,,0.0,29577
2843049,450110,1979-09-04,1,1,2093.22,933.8,2300.0,2093.22,29732
2843122,455412,2016-10-08,1,11,17959.08,0.0,19548.0,17959.08,29401
2843150,450085,1987-01-01,1,1,2191.0,0.0,2741.0,2191.0,29585
2843368,450013,2020-02-06,4,1,9668.5,8385.74,0.0,9668.5,29627
2843457,450104,2018-09-13,2,11,2411.92,0.0,7113.0,2411.92,29588
2843499,450110,1999-09-15,4,1,,,,0.0,29582
2843556,455418,1994-10-13,4,1,,,,0.0,29482
2843585,450068,2015-10-03,4,1,5680.68,0.0,6823.0,5680.68,29456
2843598,450110,2020-08-04,1,2,34864.64,0.0,39865.0,34864.64,29582
2843609,455415,1989-09-21,1,1,618.16,2654.7,4618.0,618.16,29439
2843663,455412,2021-07-08,4,1,1951.44,0.0,6923.0,1951.44,29403
2843806,450042,1987-09-05,4,3,6141.5,0.0,6642.0,6141.5,29418
2843904,455416,1999-09-15,2,1,,,,0.0,29451
2843912,455412,1989-09-21,1,4,8726.37,0.0,9226.0,8726.37,29401
2843965,455414,2016-10-08,1,1,6963.9,0.0,9963.0,6963.9,29438
2843982,450110,1998-08-26,4,1,,,,0.0,29582
2844142,455412,1989-09-21,1,1,4660.6,0.0,5160.0,4660.6,29401
2844163,455413,1989-09-21,1,1,,,,0.0,29439
2844235,450184,2015-10-04,4,1,11389.1,0.0,11321.0,11389.1,29150
2844367,455412,1989-09-21,1,1,20586.5,0.0,21086.0,20586.5,29401
2844394,450085,2015-10-03,4,11,2681.47,0.0,3931.0,2681.47,29440
2844436,450104,2019-09-05,4,11,,,337.0,0.0,29576
2844517,455413,1985-10-01,1,1,,,,0.0,29412
2844623,455413,1989-09-05,4,1,1859.63,257.0,2359.0,1859.63,29406
2844702,450068,2016-10-08,2,1,0.0,5785.6,,0.0,29418
2844866,455416,1989-09-22,1,1,5969.73,0.0,6470.0,5969.73,29451
2844909,455413,1989-09-22,1,1,14787.5,3876.8,15287.0,14787.5,29407
2844924,455413,1989-09-22,1,1,274.75,0.0,774.0,274.75,29439
2844981,455416,1989-09-21,1,1,2050.0,0.0,2550.0,2050.0,29451
2845020,455417,2015-10-03,4,2,0.0,819.13,,0.0,29464
2845044,455415,1989-09-21,2,1,10740.0,0.0,11740.0,10740.0,29407
2845170,455415,2024-08-26,,11,0.0,0.0,0.0,0.0,29439
2845190,450109,1989-09-22,0,1,,,,0.0,29577
2845194,450110,2004-08-14,1,1,1507.8,0.0,2508.0,1507.8,29582
2845209,455412,2017-09-11,2,1,11492.83,0.0,13382.0,11492.83,29401
2845338,450109,2016-01-03,0,1,,,,0.0,29588
2845352,450089,1997-07-24,1,1,795.89,0.0,1295.0,795.89,29615
2845583,450110,2001-07-02,4,4,0.0,29373.16,,0.0,29582
2845591,450110,1989-09-22,1,4,8822.5,0.0,9372.0,8822.5,29582
2845729,450110,2018-09-16,0,15,,,,0.0,29582
2845748,450172,2015-10-04,2,1,175108.88,0.0,150772.0,175108.88,29206
2845769,455412,1989-09-21,1,1,,,,0.0,29401
2845782,450104,2023-08-30,1,12,10223.37,0.0,12223.0,10223.37,29576
2845796,455416,1989-09-21,1,1,71135.8,20000.0,71635.0,71135.8,29451
2845839,455412,2015-10-04,4,1,,,3210.0,0.0,29401
2845919,450025,2017-09-11,0,11,831.8,262.98,2082.0,831.8,29920
2845990,455418,1989-09-21,1,1,77535.74,0.0,83208.0,77535.74,29482
2845994,450085,1989-09-22,1,1,18424.14,0.0,19425.0,18424.14,29576
2846055,450007,1995-06-06,4,1,,,,0.0,29841
2846119,450068,2015-10-03,4,1,1208.98,0.0,2452.0,1208.98,29485
2846334,450104,2022-09-30,4,14,32517.13,6914.78,33517.0,32517.13,29526
2846340,450106,2015-10-13,2,11,11837.19,0.0,13087.0,11837.19,29526
2846375,450129,2015-10-04,2,1,16463.18,0.0,21463.0,16463.18,29210
2846390,455416,1989-09-22,1,1,1480.0,0.0,1980.0,1480.0,29451
2846539,450140,2015-10-02,4,1,3033.09,0.0,4030.0,3033.09,29169
2846542,450109,1985-11-03,2,1,4755.84,0.0,5500.0,4755.84,29577
2846587,455413,1989-09-22,1,1,,,,0.0,29407
2846596,450250,2016-10-06,0,1,3498.12,0.0,4748.0,3498.12,29928
2846604,450095,2023-08-30,4,11,11668.93,8677.34,12982.0,11668.93,29924
2846608,450129,2015-10-04,4,1,1258.32,0.0,2508.0,1258.32,29212
2846617,450140,2015-10-04,2,12,,,1035.0,0.0,29169
2846621,450030,2016-10-07,2,1,7167.47,0.0,8927.0,7167.47,29410
2846629,450110,1999-09-15,1,2,,,,0.0,29582
2846738,450104,2022-09-30,1,15,119997.07,0.0,129191.0,119997.07,29576
2846777,450025,2016-10-07,1,11,231.34,0.0,1481.0,231.34,29926
2846792,450110,1989-09-22,1,4,8771.32,0.0,9821.0,8771.32,29582
2847001,455413,1998-03-25,1,1,,,,0.0,29412
2847005,450250,2007-07-30,4,4,,,,0.0,29928
2847007,450085,2015-10-04,4,11,,,1239.0,0.0,29585
2847008,455415,1989-09-21,1,1,2536.0,0.0,3036.0,2536.0,29439
2847164,450172,1997-07-23,2,1,3025.37,0.0,3776.0,3025.37,29206
2847183,450172,2015-10-04,2,1,218124.81,37608.24,184107.0,218124.81,29206
2847324,450104,2018-09-21,2,11,5081.69,0.0,6332.0,5081.69,29568
2847432,450110,1989-09-22,1,1,5103.0,0.0,5603.0,5103.0,29582
2847493,450110,2016-10-08,2,11,13000.08,0.0,14509.0,13000.08,29582
2847527,450255,1998-08-26,0,1,,,,0.0,29585
2847645,455412,2017-09-12,1,11,31714.06,0.0,31762.0,31714.06,29401
2847653,450111,2016-10-08,1,15,3947.26,0.0,5197.0,3947.26,29575
2847695,450104,1996-09-05,4,1,1672.86,0.0,2423.0,1672.86,29526
2847696,450250,1996-10-07,1,1,1419.4,0.0,2128.0,1419.4,29926
2847737,450085,1987-01-01,1,1,2361.1,0.0,2870.0,2361.1,29576
2847843,455412,2016-10-09,2,1,0.0,12777.84,,0.0,29414
2848221,455412,2007-06-21,4,4,,,,0.0,29403
2848246,455412,1989-09-21,2,1,,,,0.0,29407
2848272,450104,2018-09-17,0,1,8110.79,0.0,9361.0,8110.79,29526
2848323,450089,2024-09-28,4,11,0.0,0.0,,0.0,29615
2848368,450110,1989-09-22,1,1,9182.8,0.0,9732.0,9182.8,29582
2848491,455413,1989-09-21,1,1,11656.61,0.0,12156.0,11656.61,29407
2848611,450042,1989-09-22,1,1,,,400.0,0.0,29418
2848715,450104,2020-08-04,1,11,225.72,0.0,1475.0,225.72,29576
2848728,450091,1984-07-13,1,1,,,,0.0,29615
2848743,450025,2025-08-22,4,11,2555.52,0.0,7556.0,2555.52,29920
2848778,450109,1999-09-16,4,3,,,,0.0,29577
2848783,455412,1997-06-06,1,1,,,700.0,0.0,29401
2848850,450109,1999-09-16,4,3,79522.84,0.0,84522.0,79522.84,29577
2849057,455412,2015-10-07,4,2,,,1114.0,0.0,29407
2849139,450104,1999-09-15,4,1,,,,0.0,29588
2849167,455412,2015-10-03,4,1,7247.9,0.0,7947.0,7247.9,29407
2849180,450104,1999-09-16,2,1,,,,0.0,29526
2849192,450104,1989-09-22,0,3,,,,0.0,29577
2849296,450042,2015-10-05,2,12,8328.47,0.0,9328.0,8328.47,29418
2849313,455416,1989-09-21,1,1,12991.0,0.0,14408.0,12991.0,29451
2849325,450250,2016-10-08,1,1,912.45,0.0,2162.0,912.45,29928
2849373,450085,1989-09-22,1,3,0.0,10081.41,,0.0,29585
2849423,450109,1999-06-15,4,1,3390.01,0.0,3900.0,3390.01,29572
2849457,450172,2015-10-02,2,2,17919.33,0.0,18919.0,17919.33,29206
2849610,450025,2016-10-07,2,1,104420.11,51828.8,108657.0,104420.11,29906
2849627,455412,1996-10-08,4,1,6711.27,0.0,7462.0,6711.27,29403
2849746,450110,1998-08-26,0,1,,,,0.0,29582
2849748,450026,2017-09-11,2,18,778.45,0.0,2028.0,778.45,29902
2849797,450250,2016-10-08,1,11,,,,0.0,29926
2849833,455417,1989-09-21,1,4,,,,0.0,29464
2849917,450079,2015-10-07,4,1,6375.05,0.0,8471.0,6375.05,29560
2849938,450104,1999-09-16,4,1,,,165.0,0.0,29576
2849966,450250,2016-10-08,0,11,2674.64,0.0,3925.0,2674.64,29928
2849968,455413,2008-10-24,4,1,962.55,0.0,1963.0,962.55,29405
2850004,450085,1994-12-24,1,1,,,443.0,0.0,29585
2850031,450068,2015-10-05,0,2,,,,0.0,29456
2850077,455412,1989-09-22,2,1,5346.74,0.0,5846.0,5346.74,29403
2850145,450129,2015-10-04,1,1,39500.0,15000.0,61286.0,39500.0,29212
2850253,450068,2015-10-05,4,15,8755.46,0.0,9869.0,8755.46,29485
2850298,450174,1998-08-15,1,1,,,200.0,0.0,29206
2850396,455413,1989-09-21,1,1,,,,0.0,29455
2850471,450129,2015-10-03,4,4,34401.59,11933.13,39401.0,34401.59,29212
2850472,455416,1996-10-07,4,1,7881.4,0.0,8881.0,7881.4,29451
2850504,450224,2003-07-11,1,1,2832.46,0.0,3332.0,2832.46,29127
2850937,455416,2015-10-04,4,1,,,2257.0,0.0,29451
2851097,455412,2009-07-08,4,2,30306.66,0.0,31307.0,30306.66,29403
2851146,450141,1993-01-11,2,1,342.23,0.0,843.0,342.23,29574
2851330,450068,2016-10-13,2,1,9296.53,0.0,10546.0,9296.53,29437
2851331,450025,2017-09-09,1,11,,,3552.0,0.0,29920
2851394,450172,2015-10-04,2,1,29121.73,0.0,32122.0,29121.73,29206
2851434,450111,1989-09-22,0,1,7671.49,2401.5,8556.0,7671.49,29575
2851449,455413,1989-09-21,1,1,15000.0,5000.0,15500.0,15000.0,29412
2851477,450110,1989-09-22,1,3,21338.0,0.0,23058.0,21338.0,29582
2851482,455413,2004-08-29,4,1,14821.16,0.0,15822.0,14821.16,29464
2851491,450085,1999-09-15,4,11,,,1000.0,0.0,29576
2851694,450104,1998-04-06,4,1,,,,0.0,29566
2851731,450068,2015-10-03,2,1,16525.24,4808.28,17097.0,16525.24,29483
2851801,450198,2013-07-08,4,11,8077.06,0.0,7599.0,8077.06,29662
2851984,450256,2023-12-17,1,11,3589.59,0.0,4838.0,3589.59,29455
2852018,455412,1989-09-22,1,2,,,,0.0,29407
2852022,450250,2016-10-08,4,11,,,2005.0,0.0,29928
2852069,450085,1989-09-22,1,1,3159.41,0.0,3660.0,3159.41,29585
2852163,450085,2015-10-04,4,1,9867.56,0.0,11868.0,9867.56,29440
2852251,455415,1989-09-22,1,1,35495.32,6100.0,35996.0,35495.32,29439
2852289,450111,1989-09-22,1,3,113656.39,0.0,114205.0,113656.39,29577
2852352,450172,2015-10-04,2,11,23864.87,3159.93,25114.0,23864.87,29206
2852354,450104,2016-10-08,2,1,,,3343.0,0.0,29576
2852549,450030,2008-10-24,4,1,7982.75,0.0,7767.0,7982.75,29410
2852559,455414,1989-09-21,1,1,1753.0,0.0,2253.0,1753.0,29438
2852756,450104,2016-10-08,0,12,,,1123.0,0.0,29576
2852994,450104,1989-09-22,1,3,,,,0.0,29572
2853050,450029,2015-03-19,4,11,1622.1,0.0,2494.0,1622.1,29431
2853062,450085,1989-09-22,1,1,55496.11,8743.28,56046.0,55496.11,29440
2853112,455412,2016-10-08,1,18,250000.0,11626.63,256302.0,250000.0,29414
2853139,450030,2008-10-24,4,1,2263.99,0.0,3264.0,2263.99,29410
2853312,450110,2016-10-08,1,1,3448.97,238.04,8448.0,3448.97,29582
2853359,450111,1987-01-01,1,1,1212.69,805.0,1762.0,1212.69,29576
2853421,450026,2021-09-08,4,11,3167.89,0.0,3930.0,3167.89,29902
2853452,450110,1998-08-26,4,1,,,,0.0,29526
2853527,450250,2016-10-08,1,11,86726.87,12645.17,85377.0,86726.87,29928
2853598,455412,1989-09-22,1,1,3521.0,0.0,4521.0,3521.0,29401
2853662,450076,2010-09-29,4,1,539.14,0.0,1600.0,539.14,29555
2853718,450104,2016-10-08,1,2,45619.39,21500.0,48916.0,45619.39,29575
2853753,450085,1989-09-21,1,3,,,,0.0,29598
2853845,455414,1989-09-22,3,1,5739.75,0.0,6240.0,5739.75,29150
2853856,450085,1996-09-05,1,1,,,,0.0,29576
2853880,450025,2013-04-18,4,1,,,,0.0,29909
2853975,455416,1989-09-22,1,1,4135.01,0.0,4635.0,4135.01,29451
2854136,450104,1999-09-16,2,3,102132.65,0.0,102633.0,102132.65,29568
2854138,450250,2016-10-08,0,11,5183.11,2819.13,6433.0,5183.11,29926
2854207,455412,1989-09-21,1,1,11709.76,2054.0,12209.0,11709.76,29412
2854318,450065,2018-09-17,4,18,102042.89,26581.86,103293.0,102042.89,29536
2854336,450085,1989-09-21,1,1,45873.77,15118.0,51031.0,45873.77,29576
2854444,450109,2015-10-03,1,15,114785.34,0.0,103255.0,114785.34,29572
2854459,450104,2015-10-03,1,1,,,661.0,0.0,29576
2854470,455412,1989-09-21,1,2,16060.0,0.0,16560.0,16060.0,29401
2854717,450104,2016-10-08,0,1,11936.25,4532.55,13186.0,11936.25,29526
2854721,455412,1987-01-01,2,1,,,,0.0,29401
2854746,450170,2015-10-05,4,1,2759.79,0.0,2726.0,2759.79,29061
2854747,450110,1999-09-16,4,1,,,836.0,0.0,29582
2854766,455417,1989-09-22,1,1,6641.94,0.0,7141.0,6641.94,29464
2854877,450104,2018-09-20,2,11,11231.78,0.0,11390.0,11231.78,29526
2854916,450025,2002-06-25,4,1,1583.4,6377.87,2084.0,1583.4,29920
2854996,450085,2015-10-02,2,11,250000.0,100000.0,227184.0,250000.0,29440
2855075,455412,1989-09-22,1,1,12903.81,0.0,13403.0,12903.81,29412
2855099,455413,2015-10-02,4,1,15281.46,0.0,14536.0,15281.46,29412
2855247,450110,1996-07-12,1,1,,,125.0,0.0,29582
2855273,455415,1997-09-12,4,1,2446.54,2461.96,3197.0,2446.54,29439
2855357,455414,1996-09-05,4,1,,,,0.0,29438
2855387,450141,2018-09-18,4,1,185696.75,0.0,168508.0,185696.75,29581
2855392,455412,2015-10-02,4,1,7664.73,6205.55,8197.0,7664.73,29412
2855558,450075,2024-09-27,4,11,5598.17,0.0,7598.0,5598.17,29130
2855570,450104,2018-09-28,2,1,38067.43,0.0,39317.0,38067.43,29588
2855573,450025,1994-10-13,4,1,1653.48,0.0,2466.0,1653.48,29928
2855658,450255,1996-09-05,1,1,,,,0.0,29585
2855702,455413,2017-09-09,1,1,1712.03,0.0,2962.0,1712.03,29412
2855779,450182,2020-09-17,4,11,48387.81,2218.8,45605.0,48387.81,29154
2855843,455412,1989-09-21,1,1,8606.8,0.0,9106.0,8606.8,29401
2855880,455413,2004-08-29,4,4,0.0,2376.35,,0.0,29464
2855893,450104,2018-09-25,2,1,8000.0,0.0,13754.0,8000.0,29526
2856004,455413,1989-09-21,1,2,62825.22,0.0,67182.0,62825.22,29401
2856140,455416,1989-09-21,1,1,12693.67,0.0,13193.0,12693.67,29451
2856218,450104,1999-09-16,2,3,115081.07,0.0,115581.0,115081.07,29568
2856275,450255,1989-09-22,1,1,16094.5,4400.0,18069.0,16094.5,29585
2856284,450025,1994-10-03,4,1,12022.23,0.0,12523.0,12022.23,29926
2856452,450109,1999-09-16,1,1,,,,0.0,29577
2856554,455417,1989-09-21,1,1,9632.8,0.0,10132.0,9632.8,29464
2856665,455413,1989-09-22,1,1,,,,0.0,29412
2856723,450110,1989-09-22,3,1,3367.4,1325.0,386740.0,3367.4,29582
2856750,450255,1996-09-05,1,1,,,,0.0,29585
2856758,450085,1989-09-22,1,1,5003.66,0.0,5800.0,5003.66,29557
2856770,455416,2004-08-29,9,1,,,1.0,0.0,29451
2856773,455413,1989-09-22,0,1,,,,0.0,29405
2856780,455413,1989-09-22,1,1,10098.95,0.0,11098.0,10098.95,29429
2856792,450085,1989-09-21,1,1,67678.27,9485.0,68178.0,67678.27,29576
2856839,450087,2016-10-08,1,11,1497.25,0.0,2747.0,1497.25,29440
2856846,455412,1994-09-01,4,1,,,,0.0,29403
2856915,450104,1989-09-22,1,1,2110.0,0.0,2660.0,2110.0,29566
2856970,455412,2016-10-08,1,1,66769.58,25533.87,61851.0,66769.58,29412
2857000,450172,2015-10-04,4,1,5749.48,0.0,6572.0,5749.48,29206
2857017,450025,2017-09-11,1,15,,,2673.0,0.0,29926
2857108,455413,1987-10-01,4,1,900.0,0.0,1400.0,900.0,29412
2857129,455412,2004-06-15,4,3,13638.39,0.0,14139.0,13638.39,29407
2857143,450111,1989-09-22,1,1,20797.39,0.0,21347.0,20797.39,29577
2857178,450089,2024-09-26,2,11,23743.43,0.0,17969.0,23743.43,29615
2857179,450087,2015-10-05,2,1,5863.34,0.0,7484.0,5863.34,29440
2857234,450129,2015-05-25,4,1,,,,0.0,29210
2857312,450085,1987-01-01,1,1,4534.06,0.0,5034.0,4534.06,29606
2857378,455412,2016-10-07,1,1,103894.59,0.0,88054.0,103894.59,29401
2857392,455412,1989-09-22,1,11,1193.16,2468.36,1693.0,1193.16,29412
2857393,455416,1989-09-22,1,1,5371.59,0.0,5871.0,5371.59,29451
2857413,450104,2018-09-14,2,1,116369.33,41087.6,108961.0,116369.33,29527
2857534,455414,2016-10-08,1,1,,,,0.0,29438
2857537,450104,2018-09-26,2,1,,,,0.0,29588
2857546,455417,2004-08-29,1,2,,,350.0,0.0,29464
2857585,455413,1989-09-21,1,1,21474.6,0.0,21974.0,21474.6,29412
2857716,455412,2020-05-20,4,12,5378.01,0.0,7378.0,5378.01,29403
2857736,450089,2022-12-14,4,11,10802.2,0.0,11802.0,10802.2,29687
2857780,450085,1989-09-21,1,3,,,,0.0,29598
2857808,450110,1989-09-22,1,1,5293.86,3640.2,5843.0,5293.86,29582
2857886,450104,2015-10-02,0,11,42674.5,14275.98,43925.0,42674.5,29566
2858080,455413,2015-10-03,4,11,11073.11,0.0,12338.0,11073.11,29412
2858203,455416,1989-09-21,1,1,185000.0,26400.0,186000.0,185000.0,29451
2858240,455412,2017-09-11,4,11,51573.51,5782.66,49152.0,51573.51,29407
2858329,455413,1989-09-22,1,1,,,,0.0,29455
2858355,450250,1989-09-21,0,11,,,,0.0,29928
2858372,455413,1989-09-22,1,1,,,,0.0,29414
2858379,455416,1989-09-21,1,1,45721.18,13400.0,46221.0,45721.18,29451
2858404,455412,1989-09-22,1,2,,,3.0,0.0,29401
2858422,450250,2016-10-08,1,1,6138.7,285.71,8138.0,6138.7,29928
2858454,455417,1998-03-20,1,1,459.97,84.96,959.0,459.97,29464
2858458,450110,1989-09-22,1,1,3537.0,534.0,4087.0,3537.0,29582
2858504,450085,2020-08-03,1,11,4766.98,11820.14,5837.0,4766.98,29576
2858508,450110,2022-09-30,4,11,30903.5,0.0,32904.0,30903.5,29582
2858547,450250,2016-10-08,4,15,,,334.0,0.0,29926
2858559,450104,2015-10-04,2,11,,,,0.0,29526
2858643,450108,2004-08-29,4,3,60000.0,0.0,85888.0,60000.0,29569
2858741,450085,1989-09-22,1,1,,,,0.0,29585
2858757,455413,2005-03-27,1,1,,,580.0,0.0,29405
2858803,450085,1987-01-01,1,1,3500.02,0.0,4160.0,3500.02,29585
2858884,455415,1989-09-22,1,1,2756.2,0.0,3257.0,2756.2,29439
2858895,450085,1989-09-21,1,1,5270.0,8190.0,5770.0,5270.0,29576
2858914,450120,2012-09-16,4,11,,,1911.0,0.0,29720
2858953,450255,2022-09-30,1,15,56534.29,0.0,55058.0,56534.29,29585
2858995,450085,2016-10-08,0,1,,,399.0,0.0,29585
2858998,450104,1999-09-15,2,1,,,,0.0,29576
2859033,450110,2016-10-07,1,1,73334.56,40747.91,66150.0,73334.56,29582
2859115,455416,1989-09-22,1,1,8673.28,0.0,9174.0,8673.28,29451
2859177,455413,1996-09-05,4,4,,,,0.0,29405
2859221,455416,1989-09-22,1,1,54606.31,0.0,55606.0,54606.31,29451
2859229,450089,2024-09-26,2,11,12444.01,31.6,12185.0,12444.01,29615
2859269,450110,2022-09-28,1,11,790.75,0.0,2041.0,790.75,29582
2859279,450110,2016-10-08,0,1,,,1081.0,0.0,29582
2859300,450085,2016-10-07,1,15,174685.59,0.0,160746.0,174685.59,29576
2859447,455413,1989-09-22,1,1,3500.0,0.0,4000.0,3500.0,29412
2859448,455416,1989-09-22,1,1,43292.5,3857.0,44000.0,43292.5,29451
2859532,455412,1989-09-21,1,1,23101.64,538.86,28101.0,23101.64,29401
2859616,455415,2015-10-03,4,2,29980.12,0.0,34980.0,29980.12,29439
2859675,450025,1987-01-01,1,3,193.17,0.0,693.0,193.17,29920
2859685,450085,2022-09-30,1,15,9554.82,0.0,11199.0,9554.82,29585
2859861,455412,1989-09-22,1,1,1600.0,0.0,2100.0,1600.0,29407
2859863,455417,1989-09-21,1,1,36899.7,0.0,37399.0,36899.7,29464
2859895,450104,2020-08-10,1,15,33974.02,0.0,35974.0,33974.02,29576
2859923,455412,1989-09-21,1,2,,,,0.0,29407
2859950,455416,2015-10-03,4,11,2969.87,0.0,4219.0,2969.87,29451
2859997,450250,2016-10-08,4,1,,,,0.0,29926
2860039,455412,1979-09-04,1,4,448.1,0.0,649.0,448.1,29401
2860105,450250,1994-10-13,4,1,4039.41,0.0,5272.0,4039.41,29926
2860117,455412,2016-10-08,0,18,68730.29,2538.97,70730.0,68730.29,29401
2860386,455413,1989-09-22,1,1,,,,0.0,29414
2860530,450110,2016-10-08,1,15,126922.82,0.0,93970.0,126922.82,29582
2860570,450042,2008-10-24,4,3,50927.87,0.0,51428.0,50927.87,29405
2860571,455412,1989-09-21,1,1,178767.54,14100.0,197050.0,178767.54,29401
2860660,455412,1989-09-22,1,4,99081.65,134100.0,111082.0,99081.65,29401
2860682,450104,1989-09-22,0,3,,,,0.0,29577
2860711,455413,1989-09-22,1,1,,,,0.0,29455
2860747,450085,1996-09-05,1,1,,,,0.0,29576
2860748,455413,2016-10-08,4,1,19138.08,0.0,21019.0,19138.08,29455
2860803,450111,2016-10-08,0,15,991.53,0.0,2242.0,991.53,29575
2860929,450110,1989-09-22,1,1,3640.0,0.0,243000.0,3640.0,29582
2861011,450085,1989-09-22,1,1,6323.0,0.0,6873.0,6323.0,29576
2861089,450111,1989-09-22,1,1,6890.24,0.0,7891.0,6890.24,29583
2861099,455413,1994-10-13,4,1,3043.38,0.0,3545.0,3043.38,29412
2861194,455416,1989-09-21,1,1,,,,0.0,29451
2861263,450085,1989-09-22,1,1,90679.89,14628.29,92180.0,90679.89,29585
2861297,455415,1989-09-21,1,1,23572.35,0.0,24071.0,23572.35,29439
2861298,450109,1999-09-16,4,1,22294.63,0.0,25000.0,22294.63,29572
2861554,455417,2023-12-17,4,11,4168.83,2021.96,6169.0,4168.83,29464
2861562,450104,1996-09-05,4,1,6551.17,77.81,7052.0,6551.17,29566
2861587,450085,1987-01-01,1,1,1209.36,0.0,1729.0,1209.36,29585
2861591,450025,2016-10-08,2,1,,,826.0,0.0,29920
2861776,450025,2017-09-11,1,6,,,,0.0,29920
2861782,450104,2020-02-17,0,1,5824.8,0.0,7075.0,5824.8,29588
2861798,450104,2018-09-24,2,1,149906.25,33728.36,151155.0,149906.25,29588
2861806,455413,2016-10-08,1,1,6076.16,0.0,7020.0,6076.16,29455
2861810,455417,1998-09-22,4,1,15138.61,0.0,15639.0,15138.61,29464
2861977,450109,1989-09-22,1,4,19524.84,9977.58,20074.0,19524.84,29577
2862053,450110,2020-08-03,1,1,18331.48,2729.4,20331.0,18331.48,29582
2862089,455412,1989-09-21,1,1,14301.26,0.0,14802.0,14301.26,29407
2862205,455412,1994-10-13,4,2,7489.2,0.0,7989.0,7489.2,29405
2862219,455412,1989-09-21,1,2,12360.7,0.0,12860.0,12360.7,29401
2862247,450089,2024-09-27,4,11,2653.03,0.0,3849.0,2653.03,29609
2862269,455418,1989-09-22,1,1,60350.11,25012.38,60850.0,60350.11,29482
2862292,455412,1989-09-21,1,1,,,,0.0,29401
2862347,450129,2009-07-22,4,1,10018.86,0.0,10356.0,10018.86,29212
2862374,455412,1989-09-22,1,1,17937.98,0.0,19938.0,17937.98,29401
2862446,450170,2015-10-04,2,1,24202.4,0.0,23210.0,24202.4,29223
2862455,450085,2022-09-30,4,11,29002.21,0.0,39002.0,29002.21,29576
2862554,455413,1989-09-22,1,1,,,,0.0,29429
2862616,450110,2015-10-03,4,11,,,,0.0,29582
2862706,450042,1987-09-05,2,1,309.4,0.0,950.0,309.4,29405
2862718,450110,1989-09-22,0,2,,,,0.0,29582
2862734,450085,1989-09-22,1,1,,,,0.0,29585
2862906,450089,1995-08-27,2,1,4403.39,0.0,5108.0,4403.39,29687
2862947,450085,2022-09-30,2,11,4026.22,0.0,8081.0,4026.22,29585
2862955,455418,1989-09-21,1,1,31000.0,0.0,31500.0,31000.0,29482
2863118,450111,1986-10-08,4,1,,,,0.0,29575
2863144,450250,2016-10-08,0,2,16241.29,0.0,17385.0,16241.29,29928
2863214,450068,2024-08-06,4,11,8367.49,3497.23,9617.0,8367.49,29456
2863242,450110,1989-09-21,1,3,183296.31,0.0,357142.0,183296.31,29582
2863314,450007,2017-09-24,0,11,,,,0.0,29841
2863446,450250,2016-10-08,0,11,2497.99,0.0,3748.0,2497.99,29926
2863449,450184,1979-02-19,1,1,,,,0.0,29150
2863463,450104,1999-09-15,4,1,,,,0.0,29576
2863720,450110,1989-09-22,1,1,4609.19,3437.2,5159.0,4609.19,29582
2863830,450131,2015-10-01,2,11,,,1556.0,0.0,29033
2863934,450109,1999-09-16,1,1,6861.42,0.0,7361.0,6861.42,29572
2863937,455413,1989-09-22,1,1,,,,0.0,29464
2863976,455416,1989-09-21,1,2,2608.42,0.0,3110.0,2608.42,29451
2864059,450089,2005-07-06,4,1,1061.41,0.0,1561.0,1061.41,29615
2864085,450050,1982-06-03,4,1,215.0,0.0,415.0,215.0,29520
2864110,450042,2016-10-08,,6,,,,0.0,29405
2864195,455412,2023-05-17,4,18,3976.26,0.0,5976.0,3976.26,29401
2864207,450110,1989-09-22,1,1,26761.39,7800.0,27311.0,26761.39,29582
2864247,450133,2015-10-04,4,11,,,73.0,0.0,29063
2864271,455416,1989-09-22,1,1,26356.28,0.0,26857.0,26356.28,29451
2864278,455416,1989-09-21,1,1,27083.88,0.0,27583.0,27083.88,29451
2864370,450085,2016-10-08,1,1,11518.99,0.0,16518.0,11518.99,29576
2864371,455416,2015-10-04,1,1,3492.19,0.0,5241.0,3492.19,29451
2864375,455417,1989-09-22,1,1,756.32,0.0,1257.0,756.32,29464
2864474,450111,1989-09-22,1,1,39605.03,4775.5,40155.0,39605.03,29575
2864523,455413,1989-09-21,1,1,3952.5,0.0,4886.0,3952.5,29412
2864525,450104,2015-10-06,4,1,2031.34,0.0,3007.0,2031.34,29526
2864571,450224,2015-10-04,0,11,,,,0.0,29127
2864688,450076,1995-01-06,1,1,,,,0.0,29505
2864846,450110,1987-01-17,1,1,,,,0.0,29582
2864858,455416,1989-09-21,1,1,78500.0,0.0,79000.0,78500.0,29451
2864977,455418,1989-09-21,1,4,7264.17,0.0,7764.0,7264.17,29482
2865017,450088,1979-09-04,1,1,1801.65,3940.0,2002.0,1801.65,
2865027,455415,2015-10-03,2,2,47625.85,0.0,52626.0,47625.85,29439
2865219,450085,1999-09-15,2,1,,,,0.0,29576
2865291,450025,1994-10-12,4,2,1519.63,0.0,2019.0,1519.63,29920
2865345,450110,2020-08-03,2,1,20743.4,0.0,29637.0,20743.4,29582
2865399,455413,1994-10-13,4,4,3763.62,0.0,4834.0,3763.62,29418
2865489,455416,1989-09-22,1,1,6269.72,0.0,7269.0,6269.72,29451
2865569,455412,2016-10-08,2,1,33000.0,0.0,38260.0,33000.0,29414
2865727,450104,2016-10-08,1,1,767.54,0.0,2267.0,767.54,29576
2865790,450110,2020-08-03,1,1,2627.75,0.0,4628.0,2627.75,29582
2865843,450088,1986-12-31,2,1,,,,0.0,
2865846,450109,1999-09-15,4,1,32491.04,801.41,32991.0,32491.04,29579
2865860,450250,2016-10-08,0,1,,,,0.0,29926
2865913,455415,1990-09-22,1,1,9700.0,0.0,10200.0,9700.0,29439
2865962,450085,1989-09-21,1,1,16000.0,0.0,16500.0,16000.0,29585
2865965,450250,2017-09-11,1,15,13805.31,0.0,13436.0,13805.31,29928
2866016,450110,1986-12-02,0,1,,,,0.0,29582
2866020,450224,2015-10-03,2,1,10312.8,0.0,11793.0,10312.8,29127
2866034,455418,1989-09-22,1,1,16160.0,5300.0,16660.0,16160.0,29482
2866043,450085,2015-10-07,2,11,166969.14,0.0,166143.0,166969.14,29440
2866044,450085,1983-02-13,1,1,1239.0,0.0,1739.0,1239.0,29576
2866098,455415,1987-01-01,1,1,11922.88,0.0,12422.0,11922.88,29439
2866121,450085,1989-09-21,1,1,103420.0,0.0,103920.0,103420.0,29576
2866158,450110,1999-09-16,0,1,,,,0.0,29582
2866163,455412,2017-09-11,1,1,2953.67,0.0,4204.0,2953.67,29412
2866203,450085,2022-09-30,1,15,51027.32,0.0,48187.0,51027.32,29585
2866237,455412,2017-09-11,0,1,,,,0.0,29492
2866349,450025,2017-09-11,1,11,29414.77,10865.74,31415.0,29414.77,29920
2866459,455413,2024-08-05,4,11,21008.97,0.0,19337.0,21008.97,29414
2866603,455418,1989-09-21,1,1,30956.15,0.0,29318.0,30956.15,29482
2866764,450025,2016-10-08,4,1,979.0,0.0,2229.0,979.0,29920
2866772,450037,2016-10-08,4,11,11852.18,0.0,13053.0,11852.18,29449
2866817,455415,1989-09-21,1,1,1527.0,0.0,2027.0,1527.0,29439
2866955,450085,2016-10-07,0,1,,,1236.0,0.0,29576
2866969,450110,1996-07-12,4,1,,,125.0,0.0,29582
2867040,450025,2016-10-07,1,11,31953.59,100000.0,32480.0,31953.59,29920
2867113,455417,1989-09-22,1,1,5407.86,0.0,6407.0,5407.86,29464
2867145,450025,2016-10-08,0,1,13433.05,0.0,14683.0,13433.05,29920
2867159,455416,1989-09-22,1,1,731.5,646.4,1231.0,731.5,29451
2867236,450025,2017-09-11,0,1,1589.11,0.0,2839.0,1589.11,29920
2867239,450110,1979-09-05,1,1,,,,0.0,29582
2867336,455415,1989-09-21,1,1,,,,0.0,29436
2867374,450110,1989-09-21,1,1,1430.56,0.0,1931.0,1430.56,29582
2867415,450104,1989-09-22,1,3,,,,0.0,29572
2867445,450085,2016-10-15,2,1,5033.66,0.0,5234.0,5033.66,29440
2867542,450250,2016-10-08,1,11,9779.75,0.0,10527.0,9779.75,29926
2867614,455414,2023-08-30,4,15,19063.37,0.0,20313.0,19063.37,29438
2867687,455412,2016-10-08,1,1,60779.18,5686.17,62637.0,60779.18,29414
2867880,450085,2022-09-30,1,15,216505.31,0.0,213675.0,216505.31,29585
2867917,450250,2016-10-08,4,1,0.0,12491.11,,0.0,29926
2867925,455412,1989-09-21,1,1,45744.0,46400.0,46244.0,45744.0,29401
2867939,450140,2015-10-04,4,11,,,,0.0,29169
2867956,450085,1989-09-21,1,1,7797.94,0.0,8297.0,7797.94,29585
2867959,450085,1989-09-22,1,1,24536.98,2020.0,25086.0,24536.98,29577
2868013,455416,1989-09-22,0,1,5506.8,530.0,6007.0,5506.8,29451
2868028,450066,2008-08-26,4,1,39610.47,1693.64,40111.0,39610.47,29563
2868048,450104,2021-02-17,4,14,3767.22,0.0,4767.0,3767.22,29588
2868076,455415,1999-09-15,2,1,,,,0.0,29439
2868139,450089,2005-07-07,2,1,11317.64,9964.2,11819.0,11317.64,29615
2868194,450110,1989-09-22,1,3,155200.0,9800.0,160250.0,155200.0,29582
2868215,455417,1989-09-22,1,3,658.3,0.0,1159.0,658.3,29464
2868270,450250,2016-10-08,2,1,,,384.0,0.0,29926
2868310,450104,2016-10-09,2,1,140974.27,7000.0,138733.0,140974.27,29526
2868388,455413,1989-09-21,1,1,,,,0.0,29455
2868467,455412,2018-02-04,,11,,,,0.0,29403
2868534,450042,1989-09-21,1,1,,,,0.0,29405
2868543,455413,1989-09-22,1,3,,,,0.0,29407
2868585,455415,1989-09-22,1,2,28480.0,0.0,28980.0,28480.0,29439
2868600,455416,1989-09-21,1,1,2263.18,0.0,2763.0,2263.18,29451
2868603,450110,1987-01-01,1,3,,,,0.0,29582
2868636,450026,2017-09-11,2,11,,,7042.0,0.0,29902
2868639,450129,2015-10-04,4,1,79900.0,19352.34,85157.0,79900.0,29212
2868744,450110,1996-10-08,4,1,381.45,74.05,1381.0,381.45,29582
2868801,450085,1989-09-22,1,1,18213.98,4695.0,18713.0,18213.98,29585
2868944,450104,2016-10-08,0,1,15058.51,0.0,16309.0,15058.51,29579
2869096,450250,1999-06-29,2,2,,,,0.0,29928
2869201,450198,1995-08-27,4,1,12100.0,0.0,12850.0,12100.0,29662
2869225,455412,2024-09-27,4,11,3537.52,0.0,5537.0,3537.52,29407
2869298,450141,2018-09-16,4,11,5935.18,0.0,5929.0,5935.18,29574
2869330,450025,2016-10-08,4,11,2711.3,0.0,3750.0,2711.3,29926
2869371,450085,1989-09-21,1,1,33485.0,4607.0,36314.0,33485.0,29576
2869373,450250,2016-10-07,1,1,,,,0.0,29928
2869377,455413,1994-10-13,4,1,,,,0.0,29464
2869518,450068,2015-10-03,2,1,2366.91,0.0,3392.0,2366.91,29485
2869528,450141,2018-09-14,2,11,83651.89,38464.55,83410.0,83651.89,29581
2869531,450088,1983-02-06,1,1,610.0,0.0,1415.0,610.0,29576
2869551,450025,2024-09-27,1,11,59322.98,0.0,60573.0,59322.98,29941
2869614,455416,1999-09-15,4,1,,,,0.0,29451
2869761,450042,2015-10-02,4,11,36328.87,0.0,34330.0,36328.87,29405
2869765,450073,1982-06-17,4,1,79.12,0.0,280.0,79.12,29483
2869819,455413,1989-09-21,1,1,11794.0,0.0,12294.0,11794.0,29407
2869855,450110,2016-10-08,0,11,13421.99,3164.52,14672.0,13421.99,29582
2869860,450250,2016-10-08,1,18,50361.43,27616.3,60361.0,50361.43,29928
2869888,450104,2018-09-19,2,1,103604.69,40070.18,93231.0,103604.69,29568
2869889,450109,1987-01-01,1,4,0.0,25219.33,,0.0,29577
2869922,450089,2024-09-27,4,11,14788.0,0.0,15788.0,14788.0,29617
2869943,455412,2025-08-22,0,18,,,,0.0,29401
2869975,455412,1989-09-21,1,1,58940.95,10266.0,59440.0,58940.95,29401
2870006,450085,1989-09-21,1,3,,,,0.0,29598
2870042,450110,1989-09-22,1,2,18452.42,1637.5,19002.0,18452.42,29582
2870050,450104,2016-10-12,2,1,12494.8,0.0,13745.0,12494.8,29588
2870082,450025,2016-10-07,1,11,,,231.0,0.0,29920
2870187,455412,2016-10-09,0,1,5103.27,0.0,6230.0,5103.27,29407
2870231,450109,1998-08-26,4,1,,,,0.0,29577
2870262,455417,1989-09-22,1,1,2578.75,0.0,3079.0,2578.75,29464
2870377,450109,1996-10-08,4,3,,,,0.0,29577
2870475,455412,2015-10-03,4,1,2197.85,0.0,4198.0,2197.85,29403
2870540,450042,2015-10-01,4,1,7915.64,0.0,9166.0,7915.64,29405
2870542,455412,1989-09-21,1,1,27879.4,4830.0,28879.0,27879.4,29401
2870554,450153,1982-04-15,4,1,902.16,3418.3,1103.0,902.16,29108
2870581,455412,1989-09-22,1,2,49099.43,0.0,49599.0,49099.43,29401
2870602,455413,1989-09-22,1,1,6036.58,0.0,6537.0,6036.58,29412
2870623,450025,1994-10-03,4,2,,,10000.0,0.0,29926
2870627,450051,2024-08-07,2,11,,,,0.0,29148
2870797,450110,1989-09-22,1,1,3150.0,0.0,3700.0,3150.0,29582
2870952,455412,2015-10-03,2,1,,,2043.0,0.0,29414
2870979,450085,1989-09-22,2,1,22510.81,3400.0,23511.0,22510.81,29585
2871039,450250,2016-10-08,4,11,1495.76,0.0,2647.0,1495.76,29928
2871111,450030,2019-09-05,0,11,,,,0.0,29410
2871129,450025,1979-09-04,1,1,9211.97,5871.8,9412.0,9211.97,29902
2871170,450025,2016-10-08,1,1,4533.11,0.0,5365.0,4533.11,29920
2871248,450257,2016-10-08,4,11,1449.56,0.0,2699.0,1449.56,29455
2871304,455413,1989-09-21,1,1,,,,0.0,29455
2871334,450250,2004-07-07,4,1,,,,0.0,29926
2871352,455413,2016-10-12,1,1,44450.64,0.0,46451.0,44450.64,29407
2871395,450250,2016-10-08,,1,,,,0.0,29928
2871397,450025,2022-08-21,1,1,,,,0.0,29906
2871554,455412,2015-10-04,0,1,,,,0.0,29403
2871591,455412,1989-09-21,1,1,26600.0,5900.0,27100.0,26600.0,29401
2871613,450104,1999-09-16,2,1,0.0,1610.1,,0.0,29577
2871629,455417,1989-09-22,1,1,,,,0.0,29464
2871713,455412,1989-09-22,1,1,,,,0.0,29403
2871751,455417,1989-09-22,1,1,4058.46,0.0,4558.0,4058.46,29464
2871778,450198,2013-07-08,2,1,60500.0,0.0,62850.0,60500.0,29662
2871863,450172,2015-10-04,0,1,248963.07,0.0,250964.0,248963.07,29206
2872073,450111,1989-09-22,1,1,11426.86,10810.5,11976.0,11426.86,29575
2872146,450025,2016-10-08,4,1,65524.95,38228.03,61726.0,65524.95,29910
2872283,450184,2020-09-17,4,18,106257.06,90310.23,107507.0,106257.06,29150
2872323,455414,1979-09-04,1,1,2206.2,835.0,3060.0,2206.2,
2872423,455412,2017-09-11,2,6,9027.32,0.0,11027.0,9027.32,29407
2872442,450187,2015-10-05,2,11,171043.92,0.0,157249.0,171043.92,29556
2872570,455413,1989-09-21,1,1,,,,0.0,29455
2872577,455416,1999-09-15,2,1,,,,0.0,29451
2872727,450085,1989-09-22,1,1,0.0,14100.0,,0.0,29440
2872766,450104,2023-12-17,4,11,4816.98,7817.07,6524.0,4816.98,29526
2872803,455412,2016-10-08,1,1,27270.16,10718.08,26665.0,27270.16,29414
2872813,455413,1980-08-01,1,1,,,,0.0,29412
2872865,450250,2017-09-11,0,1,123632.15,49590.39,125632.0,123632.15,29928
2872928,450025,2016-10-08,2,1,7291.82,4818.5,7385.0,7291.82,29906
2872974,455418,1989-09-21,1,1,17917.46,0.0,18417.0,17917.46,29482
2873029,450110,1989-09-22,1,1,13096.99,0.0,13646.0,13096.99,29582
2873063,450182,2015-10-04,4,1,32489.89,0.0,33490.0,32489.89,29150
2873108,455412,1989-09-21,0,1,19537.3,0.0,20038.0,19537.3,29401
2873119,455412,2015-08-31,2,1,15181.56,0.0,16432.0,15181.56,29414
2873239,450104,1996-10-07,1,1,1533.91,633.45,2366.0,1533.91,29576
2873280,450129,2015-10-04,4,4,1166.11,0.0,2166.0,1166.11,29210
2873575,450042,2017-09-12,4,1,9308.29,0.0,11308.0,9308.29,29405
2873584,450110,2022-09-30,1,16,5642.77,0.0,6893.0,5642.77,29582
2873595,450042,2008-10-24,4,1,24713.55,0.0,25714.0,24713.55,29405
2873646,450110,1989-09-22,4,1,1185.0,276.4,1685.0,1185.0,29582
2873692,450190,2015-10-04,0,1,,,,0.0,29556
2873762,455412,2015-12-17,,1,,,,0.0,29401
2873824,455413,1989-09-22,1,1,2108.0,0.0,2608.0,2108.0,29412
2873859,455415,1979-09-04,1,1,,,,0.0,
2873873,455413,1981-08-19,4,4,,,,0.0,29418
2873893,450140,2015-10-02,2,11,4135.17,0.0,7478.0,4135.17,29169
2873998,450263,2016-10-08,2,11,14331.73,2057.28,16332.0,14331.73,29412
2874006,450093,2015-10-04,2,11,19871.0,5814.01,21871.0,19871.0,29649
2874026,450030,1989-09-22,1,1,,,,0.0,29410
2874031,455417,1989-09-21,1,1,3044.0,0.0,4544.0,3044.0,29464
2874039,450104,1993-01-18,4,1,,,,0.0,29526
2874095,450110,1993-03-13,0,1,,,,0.0,29582
2874142,450085,1989-09-22,3,1,20570.84,2127.27,22000.0,20570.84,29585
2874188,455413,2016-10-08,2,1,11333.84,0.0,12954.0,11333.84,29412
2874292,450110,2020-08-04,4,1,0.0,0.0,0.0,0.0,29582
2874300,450042,2022-09-30,1,11,20785.07,0.0,20887.0,20785.07,29420
2874317,450104,1989-09-22,1,4,10554.55,2609.07,11104.0,10554.55,29576
2874361,455416,1989-09-22,1,1,5681.1,0.0,6182.0,5681.1,29451
2874395,450085,2022-09-30,1,11,17413.77,0.0,25994.0,17413.77,29576
2874425,450025,2017-09-11,0,11,842.68,0.0,2093.0,842.68,29920
2874493,450025,1994-10-13,4,1,2051.14,0.0,3051.0,2051.14,29902
2874529,455412,2017-09-11,2,18,28264.18,0.0,29514.0,28264.18,29407
2874564,450110,1989-09-22,1,1,17999.92,13956.0,18549.0,17999.92,29582
2874626,450085,1989-09-22,4,11,15589.84,0.0,16090.0,15589.84,29585
2874773,455416,1999-09-15,4,1,,,,0.0,29451
2874852,450025,2017-09-16,4,11,,,143.0,0.0,29920
2874857,450107,1979-09-05,1,1,1095.4,0.0,1681.0,1095.4,29577
2874917,455413,2016-10-07,0,1,,,,0.0,29414
2874982,450110,2015-10-04,0,2,6593.58,0.0,8594.0,6593.58,29582
2874984,450110,1998-08-26,0,2,,,,0.0,29582
2875135,450104,1989-09-22,1,1,1183.54,0.0,2184.0,1183.54,29576
2875207,455412,2015-10-04,4,1,9641.87,0.0,10604.0,9641.87,29414
2875238,450025,2017-09-11,1,15,,,4352.0,0.0,29926
2875253,455412,1989-09-21,1,1,9072.08,0.0,9572.0,9072.08,29401
2875396,450104,2004-08-13,4,1,2159.1,2682.56,2660.0,2159.1,29566
2875413,450110,1989-09-22,1,2,21778.96,2904.0,2847.0,21778.96,29582
2875631,450172,1997-07-23,4,1,6552.16,0.0,8553.0,6552.16,29205
2875689,455417,2017-09-17,2,1,,,7387.0,0.0,29464
2875704,455417,2017-09-11,1,11,19516.3,0.0,16156.0,19516.3,29464
2875724,450104,2001-09-03,4,1,532.5,0.0,1032.0,532.5,29576
2875790,450042,2015-10-01,0,1,,,,0.0,29420
2875902,450110,1989-09-22,1,2,6798.78,3204.0,7348.0,6798.78,29582
2875921,450104,2015-10-05,2,1,,,,0.0,29526
2875966,455416,1989-09-21,1,1,50510.17,35000.0,49012.0,50510.17,29451
2876060,450250,2016-10-08,2,15,,,,0.0,29928
2876167,455416,1989-09-21,0,1,225.0,0.0,750.0,225.0,29451
2876197,455413,1989-09-21,1,1,,,,0.0,29418
2876216,450110,1989-09-22,1,1,1145.0,0.0,1695.0,1145.0,29582
2876276,450109,1989-09-22,2,1,18719.75,0.0,19219.0,18719.75,29577
2876292,450110,1989-09-22,1,1,3184.0,0.0,3734.0,3184.0,29582
2876310,455412,1994-10-02,4,2,3997.66,0.0,4498.0,3997.66,29401
2876360,450104,2018-09-11,2,11,6348.33,0.0,7322.0,6348.33,29526
2876404,450085,1989-09-22,1,1,20130.31,14708.62,20680.0,20130.31,29576
2876428,455412,2024-08-06,2,11,48949.77,5758.32,49075.0,48949.77,29407
2876463,455415,1989-09-21,1,1,0.0,0.0,,0.0,29439
2876490,450104,2016-10-08,2,1,159109.04,41252.98,157141.0,159109.04,29588
2876577,450104,2018-09-19,4,11,20704.54,0.0,21955.0,20704.54,29526
2876640,450255,1996-09-05,4,1,,,,0.0,29576
2876677,450110,1987-01-01,1,2,7777.0,0.0,8277.0,7777.0,29582
2876692,450170,2015-10-03,4,1,12058.44,1353.5,11767.0,12058.44,29210
2876713,455413,1989-09-21,1,1,,,,0.0,29412
2876831,450129,2015-10-04,2,11,73411.66,3744.12,67463.0,73411.66,29210
2876849,450013,2005-07-07,4,1,9844.68,0.0,10345.0,9844.68,29673
2876852,450104,1996-09-05,4,1,6471.79,0.0,6972.0,6471.79,29526
2876855,455413,1989-09-22,1,1,,,,0.0,29455
2876981,450085,1989-09-22,1,1,18904.21,546.87,19454.0,18904.21,29200
2877151,455412,2016-10-08,4,12,16149.79,0.0,18149.0,16149.79,29401
2877299,450110,1987-01-01,1,1,2131.75,0.0,3325.0,2131.75,29582
2877474,455417,1989-09-22,1,3,,,,0.0,29464
2877492,450250,2016-10-07,0,1,,,,0.0,29928
2877524,450141,2018-09-17,2,1,11453.03,1860.15,11653.0,11453.03,29571
2877531,450087,2023-12-16,4,11,114443.91,40017.46,124444.0,114443.91,29440
2877578,455412,1979-09-04,1,1,,,,0.0,29402
2877579,455412,1989-09-21,1,1,4345.68,0.0,4845.0,4345.68,29407
2877605,455417,1989-09-22,1,2,,,,0.0,29464
2877620,450104,1989-09-22,1,1,23417.61,3600.0,26732.0,23417.61,29576
2877628,455413,1989-09-22,1,1,8644.94,1143.6,13154.0,4635.47,29412
2877632,450085,2015-10-02,2,11,27232.2,0.0,22776.0,27232.2,29440
2877651,450091,2024-09-27,1,18,150899.5,0.0,160900.0,150899.5,29601
2877653,450087,2016-10-08,0,6,36592.1,18142.54,38592.0,36592.1,29440
2877660,450085,2020-08-04,1,15,38217.51,0.0,38927.0,38217.51,29585
2877683,455415,1989-09-22,2,1,29300.0,3600.0,30300.0,29300.0,
2877712,450110,1989-09-22,1,4,113331.55,17687.95,113881.0,113331.55,29582
2877716,450170,2015-10-04,4,1,250000.0,100000.0,278624.0,250000.0,29206
2877767,450110,2023-08-30,1,12,10052.18,0.0,15052.0,10052.18,29582
2877781,450104,2018-09-15,1,11,87201.91,0.0,88451.0,87201.91,29577
2877797,450110,2022-09-28,1,11,0.0,0.0,0.0,0.0,29582
2877857,455412,2012-09-29,1,1,,,,0.0,29401
2877929,455413,1989-09-22,1,1,,,,0.0,29414
2877955,450170,2015-10-03,4,6,300000.0,0.0,314892.0,300000.0,29203
2878018,455417,2019-09-04,0,11,,,,0.0,29464
2878046,455412,1979-09-04,1,1,60.5,0.0,278.0,60.5,29401
2878198,450085,1987-01-01,1,2,7376.5,6233.82,7876.0,7376.5,29585
2878313,455412,1989-09-21,1,4,,,,0.0,29401
2878362,455412,2014-08-09,4,1,,,665.0,0.0,29407
2878449,450172,2015-10-04,4,11,9927.86,1623.88,10928.0,9927.86,29209
2878518,455413,2015-10-03,4,1,2725.89,0.0,4485.0,2725.89,29414
2878552,450256,2017-09-11,1,11,3356.43,0.0,4606.0,3356.43,29455
2878558,455418,1989-09-21,1,1,45539.83,5000.0,46040.0,45539.83,29482
2878566,450089,2004-07-29,0,1,1001.48,4064.0,1501.0,1001.48,29617
2878605,455412,1979-09-20,1,1,482.91,0.0,794.0,482.91,29407
2878676,450133,2015-10-04,4,1,,,413.0,0.0,29063
2878694,450104,2018-09-24,2,14,100000.0,10015.41,103156.0,100000.0,29526
2878713,455412,2015-08-31,4,1,41681.19,11000.0,39358.0,41681.19,29414
2878735,450255,2016-10-08,1,1,,,2751.0,0.0,29585
2878841,450087,2023-12-17,4,11,88436.16,0.0,89686.0,88436.16,29440
2878873,455412,2015-10-04,4,4,16788.8,0.0,21788.0,16788.8,29401
2878958,455416,1994-10-12,1,1,,,564.0,0.0,29451
2879004,450170,1998-01-12,4,1,576.14,0.0,1326.0,576.14,29210
2879047,450104,2015-10-03,0,1,7836.67,0.0,8837.0,7836.67,29579
2879051,450104,1998-08-27,1,1,634.5,0.0,634.0,634.5,29566
2879082,450111,1989-09-22,1,1,6071.83,0.0,657183.0,6071.83,29575
2879138,450076,2016-10-08,4,1,14001.99,11699.03,13194.0,14001.99,29505
2879292,455417,1989-09-21,1,4,6406.0,0.0,6906.0,6406.0,29464
2879362,450026,1979-09-04,1,4,379.52,0.0,640.0,379.52,29901
2879383,450181,1984-07-16,2,1,2547.95,1654.77,5000.0,2547.95,29301
2879441,450138,2015-10-03,4,1,7349.3,19.66,7383.0,7349.3,29170
2879467,455413,1989-09-22,1,1,,,,0.0,29455
2879579,450104,1989-09-21,1,1,2020.0,0.0,2520.0,2020.0,29576
2879605,455414,2002-10-10,4,1,416.28,737.87,917.0,416.28,29438
2879659,450085,1989-09-21,1,1,13206.88,2022.5,13706.0,13206.88,29440
2879792,455418,1989-09-22,1,1,12319.72,0.0,12819.0,12319.72,29482
2880040,455415,1989-09-21,1,1,3468.87,2386.45,3968.0,3468.87,29439
2880141,450109,1994-10-05,4,4,,,,0.0,29577
2880344,455412,1989-09-22,1,1,,,400.0,0.0,29403
2880384,450109,1998-02-05,4,1,22873.8,4369.1,23623.0,22873.8,29577
2880566,455416,1989-09-22,1,1,9058.0,0.0,9558.0,9058.0,29451
2880589,455412,2016-10-08,0,11,26431.57,0.0,31432.0,26431.57,29401
2880593,455418,1999-09-15,2,1,,,,0.0,29482
2880636,450160,2018-12-05,0,11,,,0.0,0.0,29115
2880714,450104,1989-09-21,1,1,2886.76,0.0,3386.0,2886.76,29576
2880726,455417,1989-09-22,1,1,,,,0.0,29464
2880848,450110,1998-08-26,0,1,,,,0.0,29582
2880878,455416,1989-09-21,1,1,9329.09,0.0,9829.0,9329.09,29451
2880896,450110,1989-09-22,1,4,53423.65,27585.63,53973.0,53423.65,29582
2880949,450040,2023-12-17,1,11,9209.71,0.0,4782.0,9209.71,29449
2881003,450109,1989-09-22,1,3,32431.27,20000.0,32981.0,32431.27,29576
2881063,450104,2016-10-07,2,1,,,587.0,0.0,29575
2881112,455415,2015-10-03,4,11,14782.75,0.0,16783.0,14782.75,29439
2881124,450025,1995-08-17,1,1,,,,0.0,29926
2881195,450170,2015-10-04,4,1,30792.03,0.0,32792.0,30792.03,29206
2881234,455418,1989-09-22,1,1,4611.0,0.0,5111.0,4611.0,29482
2881267,455413,1989-09-22,1,1,,,,0.0,29455
2881342,450085,1987-01-01,1,3,5650.0,0.0,6200.0,5650.0,29585
2881395,455416,1989-09-22,1,1,64172.25,9783.45,65172.0,64172.25,29451
2881627,455412,1989-09-22,1,1,,,,0.0,29412
2881672,455412,2018-07-20,4,1,49737.9,0.0,51468.0,49737.9,29403
2881673,455418,1989-09-21,1,1,9244.87,0.0,9744.0,9244.87,29482
2881792,455413,2015-10-03,4,1,63884.81,14741.23,56930.0,63884.81,29412
2881826,455416,1989-09-21,1,1,45661.34,0.0,46161.0,45661.34,29451
2881978,450085,1996-09-05,4,1,,,1.0,0.0,29576
2881996,455416,1989-09-21,1,1,51770.2,0.0,52270.0,51770.2,29451
2882059,450111,2015-10-04,4,18,73076.11,8607.63,75076.0,73076.11,29575
2882080,450110,1999-05-25,2,1,4587.0,0.0,5600.0,4587.0,29582
2882120,450257,2017-09-11,0,11,799.04,0.0,2050.0,799.04,29455
2882127,450091,1984-07-14,2,1,,,,0.0,29607
2882150,450250,1989-09-21,0,2,,,,0.0,29928
2882153,450110,2022-09-30,1,11,146454.24,10528.77,148454.0,146454.24,29582
2882192,450085,1989-09-22,1,1,12100.0,0.0,12600.0,12100.0,29576
2882306,450025,2017-09-11,4,11,23463.34,1135.52,25463.0,23463.34,29906
2882318,455412,2016-10-08,1,11,21097.45,0.0,15384.0,21097.45,29401
2882337,455412,1989-09-22,1,2,,,,0.0,29407
2882387,455412,2016-10-08,1,1,12000.0,12000.0,67409.0,12000.0,29401
2882388,450085,1999-09-15,4,1,,,,0.0,29440
2882407,450109,1989-09-21,1,3,3982.0,0.0,4482.0,3982.0,29577
2882411,450104,2022-09-30,1,6,4667.38,9851.17,6667.0,4667.38,29576
2882412,455416,1999-09-15,4,1,,,,0.0,29451
2882529,455412,1989-09-22,1,1,,,,0.0,29412
2882645,455416,1989-09-21,1,1,51000.0,0.0,52500.0,51000.0,29451
2882670,450104,2008-04-04,4,1,,,,0.0,29576
2882715,450250,2016-10-08,0,11,33963.45,6200.0,35963.0,33963.45,29928
2882767,455412,1989-09-22,1,1,27500.4,0.0,28050.0,27500.4,29401
2882811,455416,1989-09-22,1,1,10029.99,0.0,11431.0,10029.99,29451
2882820,455416,1989-09-22,1,1,1553.25,0.0,2054.0,1553.25,29451
2882831,455412,1989-09-21,1,1,37850.39,0.0,38850.0,37850.39,29401
2883004,455413,1989-09-22,1,1,,,,0.0,29412
2883014,450104,2018-09-24,2,1,26922.01,11115.73,27049.0,26922.01,29588
2883044,455412,1989-09-22,1,2,,,,0.0,29407
2883055,450170,2015-10-03,2,1,12078.92,0.0,17079.0,12078.92,29209
2883085,450110,2020-08-04,1,11,2101.27,0.0,7005.0,2101.27,29582
2883096,450109,1989-09-22,1,3,,,,0.0,29572
2883106,455412,2015-10-03,4,1,32511.16,0.0,30485.0,32511.16,29407
2883142,455412,2016-10-08,4,1,15860.99,0.0,16632.0,15860.99,29401
2883346,450104,2021-02-25,4,1,84579.89,35157.63,77911.0,84579.89,29588
2883414,455412,1998-02-16,4,1,1904.13,0.0,2405.0,1904.13,29412
2883517,455412,1989-09-22,0,2,22236.26,0.0,22736.0,22236.26,29403
2883572,450107,1979-09-05,1,4,12834.14,4000.0,15922.0,12834.14,29576
2883762,455412,2022-09-30,4,11,2707.47,1535.3,4207.0,2707.47,29407
2883824,450085,1989-09-21,1,3,,,,0.0,29598
2883831,450111,1989-09-21,1,3,54497.68,0.0,54997.0,54497.68,
2883958,450068,2015-10-03,4,1,45499.16,8406.73,44335.0,45499.16,29485
2884062,450064,2018-09-16,2,1,15918.46,0.0,17168.0,15918.46,29565
2884070,455416,1989-09-21,1,1,28774.7,0.0,29274.0,28774.7,29451
2884083,455413,2015-10-03,4,1,16502.54,0.0,18503.0,16502.54,29414
2884115,455412,1989-09-21,1,1,5811.96,0.0,6311.0,5811.96,29407
2884342,450104,1999-09-16,4,1,,,1.0,0.0,29576
2884353,450110,1999-09-16,1,1,1077.71,1184.5,2078.0,1077.71,29582
2884703,450025,2016-10-08,4,11,,,1204.0,0.0,29940
2885027,450106,2018-09-23,2,11,5985.74,0.0,6637.0,5985.74,29526
2885199,455417,1998-09-21,4,1,,,445.0,0.0,29464
2885236,450104,2016-10-08,2,1,33164.78,63.52,28432.0,33164.78,29588
2885248,455412,1988-08-28,4,3,,,150.0,0.0,29414
2885301,450104,2016-10-08,1,1,83119.97,36438.6,53474.0,83119.97,29588
2885338,450110,1999-09-15,0,1,,,,0.0,29582
2885434,455412,2015-10-04,2,1,,,1012.0,0.0,29412
2885585,450182,2015-10-03,4,11,291.21,0.0,1221.0,291.21,29154
2885693,450085,1987-01-01,1,1,610.0,1516.5,1160.0,610.0,29585
2885715,455415,1987-01-01,1,1,1820.0,0.0,2320.0,1820.0,29439
2885751,455416,2015-10-03,4,1,10027.12,0.0,12027.0,10027.12,29451
2885842,450110,1989-09-22,1,1,8484.2,740.0,9034.0,8484.2,29582
2885924,455412,1989-09-21,1,1,185000.0,19309.0,185500.0,185000.0,29401
2886021,450250,1998-02-17,2,1,,,,0.0,29926
2886026,455416,1989-09-22,1,1,12856.0,0.0,13356.0,12856.0,29451
2886133,450042,2017-09-11,2,11,1780.05,0.0,3030.0,1780.05,29418
2886349,455413,1989-09-22,1,1,,,,0.0,29412
2886415,450111,2022-09-30,1,15,139697.7,0.0,124678.0,139697.7,29575
2886429,450250,2016-10-10,0,11,,,,0.0,29926
2886479,455412,2008-10-24,4,12,7274.81,0.0,7775.0,7274.81,29412
2886496,450089,1984-07-15,2,1,1305.29,2610.01,1806.0,1305.29,29650
2886521,450025,2016-10-08,1,15,,,2346.0,0.0,29926
2886614,455416,1989-09-22,1,11,9828.92,5570.05,10328.0,9828.92,29451
2886630,455417,1989-09-22,1,1,3126.2,1694.5,4039.0,3126.2,29464
2886688,450250,1994-10-13,4,1,,,75.0,0.0,29928
2886690,450109,1989-09-22,1,4,7145.81,1276.5,7695.0,7145.81,29577
2886734,455413,1998-03-20,4,1,5550.0,0.0,3448.0,5550.0,29407
2886760,450087,2015-10-04,2,6,11154.85,0.0,12405.0,11154.85,29440
2886764,455415,1987-01-01,1,1,1507.6,0.0,2900.0,1507.6,
2886770,450250,2016-10-08,2,1,,,,0.0,29928
2886773,455415,1987-09-05,4,2,,,,0.0,29439
2886804,450110,1987-01-01,1,1,,,,0.0,29582
2886810,450026,1979-09-04,1,1,3918.75,0.0,4118.0,3918.75,29902
2886863,450259,2015-10-02,2,1,,,,0.0,29003
2886895,455412,1989-09-22,1,1,,,,0.0,29412
2886944,455413,1989-09-22,1,1,,,,0.0,29464
2886988,450088,1979-09-04,1,1,52.11,0.0,252.0,52.11,
2887138,450104,2013-06-25,4,1,1891.08,0.0,2634.0,1891.08,29566
2887140,455412,2017-09-11,4,16,,,,0.0,29401
2887271,450104,1999-09-16,4,1,4658.25,0.0,5923.0,4658.25,29527
2887381,455412,1989-09-22,1,1,,,,0.0,29412
2887469,450110,1989-09-22,1,2,3912.0,0.0,4462.0,3912.0,29582
2887539,450104,2015-10-04,4,1,,,,0.0,29575
2887540,455418,1987-09-06,4,1,2332.11,0.0,2832.0,2332.11,29482
2887626,455412,2017-09-11,0,15,94316.81,0.0,85164.0,94316.81,29403
2887657,455412,2016-10-08,1,1,4172.46,0.0,6101.0,4172.46,29401
2887670,455416,1989-09-21,1,1,11961.8,0.0,12461.0,11961.8,29451
2887712,455413,1995-10-04,1,1,2069.0,0.0,2569.0,2069.0,29414
2887720,455413,1989-09-22,1,1,,,,0.0,29412
2887749,450110,1989-09-22,0,3,,,,0.0,29550
2887806,450089,2005-07-07,4,2,1975.97,0.0,2476.0,1975.97,29609
2887843,450129,2015-10-03,2,11,21357.78,0.0,20841.0,21357.78,29210
2887884,450104,2018-09-23,2,11,101886.86,25997.73,99387.0,101886.86,29527
2888070,455413,1989-09-22,1,2,,,,0.0,29407
2888182,455412,1999-09-16,1,1,,,,0.0,29407
2888224,450060,1994-12-23,2,1,2968.78,0.0,3500.0,2968.78,29532
2888232,455413,2015-10-03,2,11,2873.23,0.0,4635.0,2873.23,29407
2888250,450042,2022-09-30,4,11,8717.98,0.0,10718.0,8717.98,29418
2888254,455413,1989-09-22,1,1,620.06,0.0,1620.0,620.06,29414
2888259,455412,2016-10-07,4,1,,,,0.0,29407
2888265,455412,1989-09-21,0,3,,,,0.0,29412
2888319,450111,1989-09-22,1,2,10116.49,5000.0,10666.0,10116.49,29577
2888369,455418,1989-09-22,1,1,4425.35,0.0,4926.0,4425.35,29482
2888428,450110,1998-08-26,0,4,,,,0.0,29582
2888602,450110,1989-09-22,1,1,438.0,2224.0,988.0,438.0,29582
2888649,450085,1987-01-01,2,1,141.1,0.0,642.0,141.1,
2888692,450110,1998-08-27,2,1,,,,0.0,29577
2888694,450089,2004-07-29,0,1,,,,0.0,29617
2888752,450089,2020-01-01,0,11,,,0.0,0.0,29661
2888809,450104,2015-10-04,4,6,,,15378.0,0.0,29577
2888883,455412,1989-09-22,1,1,,,,0.0,29401
2889007,450110,1999-09-16,1,4,4179.1,0.0,5180.0,4179.1,29582
2889027,450068,2009-06-16,4,6,8355.34,0.0,8855.0,8355.34,29485
2889133,455413,1989-09-21,1,1,0.0,966.5,,0.0,29407
2889137,455416,1989-09-22,1,1,56470.28,15000.0,56970.0,56470.28,29451
2889148,455412,1989-09-22,1,1,,,,0.0,29401
2889176,450104,1996-09-05,2,1,1108.11,551.0,1609.0,1108.11,29575
2889204,450263,2015-10-06,4,11,,,780.0,0.0,29412
2889225,455412,1999-10-19,4,1,2987.67,469.47,3487.0,2987.67,29407
2889246,450250,2016-10-08,0,3,,,,0.0,29926
2889259,455412,1999-10-19,1,1,20729.48,0.0,21729.0,20729.48,29407
2889291,450104,2018-09-17,2,1,4137.17,0.0,5180.0,4137.17,29526
2889301,450184,2015-10-03,4,13,,,381.0,0.0,29150
2889355,450104,1987-01-01,1,4,,,,0.0,29576
2889396,450085,2022-09-30,1,11,,,,0.0,29585
2889525,450110,1999-09-15,4,1,15850.0,2016.74,16851.0,15850.0,29577
2889535,450085,2022-09-30,4,11,215.59,0.0,1466.0,215.59,29576
2889575,455413,1989-09-22,1,1,,,,0.0,29414
2889651,455412,1989-09-21,1,1,2827.0,0.0,3327.0,2827.0,29401
2889738,450025,2016-10-08,0,1,,,,0.0,29902
2889753,450104,2021-03-02,0,3,,,,0.0,29588
2889802,455413,2016-10-07,4,2,40239.8,0.0,42239.0,40239.8,29412
2889875,450110,1998-08-26,0,1,,,,0.0,29582
2889880,450042,2009-07-08,4,2,4762.64,0.0,5262.0,4762.64,29406
2889885,450025,2016-10-08,0,11,,,,0.0,29920
2889898,450109,1996-10-08,4,3,,,,0.0,29577
2890139,455412,1982-06-28,4,2,964.42,0.0,1165.0,964.42,29407
2890159,450255,1996-09-05,2,1,,,,0.0,29585
2890226,455417,1989-09-22,1,1,7509.63,0.0,8009.0,7509.63,29464
2890278,450236,2016-09-02,0,1,,,,0.0,29036
2890310,450104,2018-10-11,2,1,17783.75,0.0,17445.0,17783.75,29588
2890422,455413,1989-09-22,1,1,3968.34,0.0,4468.0,3968.34,29464
2890440,450104,1987-01-01,1,3,,,,0.0,29576
2890583,455412,2015-10-04,,18,,,,0.0,29407
2890638,455416,1989-09-22,1,1,3186.86,0.0,3686.0,3186.86,29451
2890696,450085,2016-10-08,2,1,8946.7,204.46,9147.0,8946.7,29440
2890711,450109,2021-08-03,0,6,0.0,25000.0,0.0,0.0,29577
2890772,455413,1993-03-13,0,1,,,,0.0,29407
2890780,455413,1994-10-03,4,1,99.03,0.0,600.0,99.03,29412
2890944,450255,2016-10-08,1,2,31078.34,0.0,33078.0,31078.34,29585
2890957,455416,1999-09-15,1,1,,,,0.0,29451
2891155,450104,2018-09-14,2,11,61429.09,0.0,55209.0,61429.09,29569
2891176,450104,1989-09-22,4,1,16599.58,0.0,20030.0,16599.58,29576
2891177,450104,1981-08-19,4,1,11137.09,3304.48,11612.0,11137.09,29579
2891233,450111,1987-01-01,1,2,3200.27,0.0,3701.0,3200.27,29575
2891243,450025,2002-01-04,,4,,,,0.0,29910
2891304,450025,2016-10-08,4,11,13387.63,0.0,12973.0,13387.63,29909
2891385,450085,1987-01-01,1,3,5617.0,0.0,6167.0,5617.0,29585
2891518,450085,1989-09-22,1,4,7165.6,0.0,7665.0,7165.6,29561
2891540,455414,1979-09-04,1,2,21217.99,6597.75,22299.0,21217.99,
2891550,450250,2016-10-08,1,1,10577.74,1339.84,12577.0,10577.74,29928
2891658,450110,1996-10-08,1,1,8119.78,4159.5,9913.0,8119.78,29582
2891705,455417,1989-09-21,1,1,1343.0,0.0,1843.0,1343.0,29464
2891741,450109,1989-09-21,1,3,,,,0.0,29577
2891765,455416,1989-09-22,2,1,11336.0,0.0,30000.0,11336.0,29451
