policy_id,community_number,policy_effective_date,policy_termination_date,policy_cost,total_building_coverage,total_contents_coverage,rated_flood_zone,occupancy_type,zip_code
104123658,450129,2015-11-17,2016-11-17,1843,117700,0,AE,1,29212
104123709,450025,2015-08-18,2016-08-18,747,250000,100000,AE,1,29920
104123800,450025,2015-06-28,2016-06-28,655,250000,100000,X,1,29907
104123865,450104,2015-02-08,2016-02-08,414,250000,100000,X,1,29575
104123896,450146,2015-06-23,2016-06-23,258,50000,20000,X,1,29512
104123922,450007,2015-05-15,2016-05-15,496,250000,100000,AE,1,29841
104123949,455412,2015-09-18,2016-09-18,765,250000,100000,AE,1,29414
104123973,450182,2015-07-05,2016-07-05,3589,467100,0,AE,6,29153
104124043,450250,2015-05-20,2016-05-20,1821,1500000,0,AE,3,29928
104124085,455412,2015-05-08,2016-05-08,491,250000,100000,AE,1,29492
104124136,455412,2015-12-30,2016-12-30,1723,250000,60000,AE,1,29412
104124200,455417,2015-03-26,2016-03-26,567,250000,100000,AE,1,29466
104124250,455417,2015-06-07,2016-06-07,333,100000,40000,X,1,29464
104124382,455413,2015-05-30,2016-05-30,723,250000,81500,A12,1,29438
104124403,450085,2015-06-17,2016-06-17,430,250000,100000,X,1,29576
104124423,450257,2015-10-05,2016-10-05,732,250000,100000,AE,1,29455
104124431,450068,2015-12-15,2016-12-15,559,127200,0,AE,1,29420
104124462,450250,2015-07-15,2016-07-15,2948,4272400,0,A16,3,29926
104124480,455413,2015-08-06,2016-08-06,421,250000,61300,A14,1,29466
104124502,450104,2015-10-15,2016-10-15,430,250000,100000,X,1,29579
104124509,450030,2015-07-24,2016-07-24,788,250000,5000,AE,3,29410
104124517,450250,2015-04-19,2016-04-19,3284,250000,29600,AE,1,29928
104124529,455412,2015-08-13,2016-08-13,968,250000,57900,AE,1,29412
104124539,450025,2015-06-13,2016-06-13,430,250000,100000,X,1,29910
104124545,450250,2015-09-01,2016-09-01,516,250000,100000,AE,1,29928
104124552,450250,2015-03-31,2016-03-31,1846,1244300,0,X,3,29928
104124587,455417,2015-02-07,2016-02-07,297,250000,0,AE,1,29466
104124600,455416,2015-07-17,2016-07-17,1038,250000,38600,AE,1,29451
104124605,450110,2015-05-01,2016-05-01,699,250000,70400,AE,1,29582
104124622,450171,2015-06-29,2016-06-29,477,250000,100000,X,1,29223
104124636,450085,2015-09-03,2016-09-03,956,250000,36400,AE,1,29576
104124681,455416,2015-05-26,2016-05-26,727,250000,67000,AE,1,29451
104124686,450250,2015-07-27,2016-07-27,788,250000,100000,A07,1,29928
104124694,450042,2015-11-09,2016-11-09,349,125000,50000,X,1,29406
104124719,455413,2015-01-13,2016-01-13,1623,223700,29900,V18,1,29455
104124743,450113,2015-01-04,2016-01-04,414,250000,100000,C,1,29909
104124813,455412,2015-03-03,2016-03-03,1192,150500,0,AE,1,29407
104124852,450104,2015-08-30,2016-08-30,405,200000,80000,X,1,29579
104124869,455412,2015-06-13,2016-06-13,444,250000,100000,X,1,29407
104124904,455412,2015-06-19,2016-06-19,560,250000,50000,AE,1,29455
104124941,455412,2015-11-21,2016-11-21,162,20000,8000,X,1,29414
104125008,455417,2015-06-09,2016-06-09,560,250000,50000,AE,1,29466
104125064,455413,2015-09-25,2016-09-25,740,250000,100000,AE,1,29412
104125077,455417,2015-07-15,2016-07-15,430,250000,100000,X,1,29464
104125162,455417,2015-03-16,2016-03-16,567,250000,100000,AE,1,29466
104125178,450256,2015-05-26,2016-05-26,481,250000,70400,AE,1,29455
104125184,455417,2015-07-22,2016-07-22,738,250000,100000,AE,1,29466
104125211,450104,2015-03-30,2016-03-30,390,200000,80000,X,1,29575
104125225,450250,2015-11-06,2016-11-06,655,250000,100000,X,1,29926
104125239,450030,2015-08-08,2016-08-08,430,250000,100000,X,1,29410
104125258,450042,2015-03-28,2016-03-28,390,200000,80000,X,1,29485
104125271,450196,2015-08-04,2016-08-04,430,250000,100000,X,1,29732
104125281,450104,2015-07-04,2016-07-04,371,150000,60000,X,1,29575
104125315,455417,2015-08-23,2016-08-23,430,250000,100000,X,1,29466
104125350,455417,2015-12-30,2016-12-30,430,250000,100000,X,1,29466
104125367,450030,2015-03-03,2016-03-03,483,250000,1000,A,1,29410
104125407,450104,2015-06-26,2016-06-26,937,250000,100000,AE,1,29576
104125442,455413,2015-06-22,2016-06-22,688,247900,58200,A02,1,29466
104125523,450250,2015-06-07,2016-06-07,3098,250000,100000,AE,1,29928
104125557,450104,2015-03-16,2016-03-16,487,137500,0,AE,1,29572
104125563,450029,2015-10-25,2016-10-25,423,30000,12000,X,1,29486
104125569,450025,2015-08-11,2016-08-11,1274,250000,100000,A08,1,29926
104125589,450250,2015-04-16,2016-04-16,2097,250000,82700,AE,1,29928
104125615,450104,2015-07-11,2016-07-11,162,20000,8000,X,1,29575
104125781,450104,2015-04-21,2016-04-21,2007,169500,0,VE,1,29576
104125866,450250,2015-03-26,2016-03-26,418,250000,100000,X,1,29928
104125877,450250,2015-03-13,2016-03-13,933,0,100000,C,3,29926
104125884,455413,2015-08-30,2016-08-30,520,165200,0,AE,1,29414
104125958,455412,2015-02-25,2016-02-25,652,87800,0,AE,2,29407
104126033,455417,2015-03-28,2016-03-28,429,250000,100000,AE,1,29466
104126093,450110,2015-09-05,2016-09-05,1085,250000,10500,AE,2,29582
104126095,455412,2015-11-10,2016-11-10,1111,150000,0,AE,1,29403
104126134,455412,2015-08-20,2016-08-20,655,250000,100000,X,1,29412
104126161,455418,2015-06-23,2016-06-23,5385,250000,100000,AE,1,29482
104126192,450256,2015-11-02,2016-11-02,567,250000,100000,AE,1,29455
104126212,450115,2015-07-04,2016-07-04,333,3300,0,X,6,29020
104126226,450029,2015-05-02,2016-05-02,630,200000,80000,X,1,29492
104126227,455417,2015-06-14,2016-06-14,240,0,100000,AE,1,29466
104126234,450025,2015-07-15,2016-07-15,430,250000,100000,C,1,29909
104126259,450109,2015-03-22,2016-03-22,334,125000,50000,X,1,29577
104126308,455412,2015-09-20,2016-09-20,429,193300,40200,AE,1,29407
104126341,450085,2015-10-20,2016-10-20,405,200000,80000,X,1,29576
104126363,455417,2015-07-15,2016-07-15,430,250000,100000,X,1,29466
104126398,450182,2015-07-30,2016-07-30,333,100000,40000,X,1,29154
104126434,455413,2015-06-24,2016-06-24,430,250000,100000,X,1,29412
104126436,450068,2015-07-23,2016-07-23,423,30000,12000,X,1,29456
104126437,450085,2015-07-23,2016-07-23,538,250000,0,AE,1,29440
104126438,455412,2015-05-02,2016-05-02,633,150000,50000,AE,1,29412
104126506,450085,2015-02-12,2016-02-12,414,250000,100000,X,1,29585
104126563,455412,2015-06-16,2016-06-16,1495,131100,24800,AE,1,29403
104126569,455417,2015-02-14,2016-02-14,443,250000,100000,AE,1,29466
104126607,455417,2015-01-08,2016-01-08,399,250000,50000,AE,1,29464
104126629,455412,2015-03-05,2016-03-05,356,250000,0,AE,1,29492
104126680,450075,2015-12-28,2016-12-28,430,250000,100000,AE,1,29180
104126686,455412,2015-11-13,2016-11-13,3444,500000,500000,A07,4,29407
104126729,455413,2015-09-19,2016-09-19,543,250000,100000,AE,1,29438
104126775,455412,2015-08-14,2016-08-14,2650,242700,5000,AE,1,29401
104126795,455413,2015-05-14,2016-05-14,405,200000,80000,X,1,29464
104126847,450025,2015-07-20,2016-07-20,430,250000,100000,X,1,29940
104126861,455412,2015-07-19,2016-07-19,2434,182500,97200,AE,1,29414
104126877,455417,2015-06-11,2016-06-11,457,250000,25000,AE,1,29464
104126899,455413,2015-05-11,2016-05-11,898,250000,28200,A12,1,29455
104126939,455417,2015-10-17,2016-10-17,347,250000,0,AE,1,29464
104126944,455417,2015-02-05,2016-02-05,706,250000,65700,A07,1,29464
104126964,455413,2015-05-10,2016-05-10,597,178500,20000,AE,1,29455
104127032,450172,2015-11-11,2016-11-11,430,250000,100000,X,1,29206
104127047,455412,2015-04-29,2016-04-29,1698,456000,0,X,3,29412
104127055,450250,2015-11-03,2016-11-03,1199,250000,100000,A07,1,29928
104127057,450085,2015-01-10,2016-01-10,3535,250000,65400,A16,1,29585
104127061,455412,2015-01-12,2016-01-12,1642,250000,60000,X,1,29492
104127075,450025,2015-11-18,2016-11-18,836,250000,100000,A08,1,29902
104127093,450110,2015-05-10,2016-05-10,898,204900,14100,AE,1,29582
104127123,450250,2015-09-28,2016-09-28,430,250000,100000,X,1,29926
104127124,455413,2015-08-14,2016-08-14,1583,183000,60800,AE,1,29407
104127127,450085,2015-03-27,2016-03-27,414,250000,100000,X,1,29585
104127151,450025,2015-12-31,2016-12-31,1785,345300,0,C,2,29909
104127168,455412,2015-02-28,2016-02-28,468,250000,100000,AE,1,29492
104127170,450025,2015-12-15,2016-12-15,430,250000,100000,C,1,29909
104127182,450250,2015-07-01,2016-07-01,2158,500000,100000,X,6,29926
104127194,455412,2015-08-03,2016-08-03,582,250000,57900,AE,1,29407
104127195,455416,2015-08-14,2016-08-14,589,250000,0,AE,1,29451
104127199,455412,2015-05-13,2016-05-13,251,0,100000,AE,1,29492
104127212,450250,2015-02-24,2016-02-24,1346,250000,100000,A07,1,29928
104127235,450104,2015-06-04,2016-06-04,430,250000,100000,X,1,29572
104127318,450025,2015-11-15,2016-11-15,655,250000,100000,C,1,29910
104127343,455416,2015-04-29,2016-04-29,535,250000,100000,AE,1,29451
104127344,455417,2015-01-31,2016-01-31,308,250000,15800,X,1,29466
104127350,455413,2015-06-18,2016-06-18,702,250000,100000,X,1,29407
104127356,450250,2015-02-16,2016-02-16,1465,188100,21000,A07,1,29928
104127381,450250,2015-01-17,2016-01-17,418,250000,100000,X,1,29928
104127492,450025,2015-09-19,2016-09-19,430,250000,100000,C,1,29920
104127505,450104,2015-10-07,2016-10-07,371,150000,60000,X,1,29588
104127528,455413,2015-12-15,2016-12-15,386,250000,25000,AE,1,29412
104127565,455412,2015-06-09,2016-06-09,347,40200,29200,X,3,29414
104127588,455418,2015-10-08,2016-10-08,506,250000,100000,AE,1,29482
104127627,450250,2015-05-08,2016-05-08,1355,250000,100000,A07,1,29926
104127635,450025,2015-02-28,2016-02-28,330,250000,8000,X,3,29910
104127699,450085,2015-09-17,2016-09-17,430,250000,100000,X,1,29576
104127702,450087,2015-04-10,2016-04-10,2380,250000,21000,AE,1,29440
104127779,450110,2015-08-11,2016-08-11,430,250000,100000,X,1,29582
104127780,450255,2015-08-11,2016-08-11,3725,250000,0,VE,1,29585
104127815,455416,2015-08-06,2016-08-06,684,250000,100000,AE,1,29451
104127820,450104,2015-05-29,2016-05-29,430,250000,100000,X,1,29526
104127822,450068,2015-05-11,2016-05-11,574,125000,50000,X,1,29483
104127913,455413,2015-05-30,2016-05-30,430,250000,100000,X,1,29412
104127914,455412,2015-04-01,2016-04-01,6645,3130100,0,AE,3,29492
104127928,450109,2015-09-13,2016-09-13,6005,250000,100000,VE,1,29577
104127948,450250,2015-08-08,2016-08-08,4846,2806300,0,AE,3,29928
104128058,450025,2015-09-17,2016-09-17,723,250000,100000,AE,1,29940
104128069,450250,2015-08-17,2016-08-17,655,250000,100000,C,1,29926
104128085,455417,2015-07-31,2016-07-31,567,250000,100000,AE,1,29464
104128090,450025,2015-04-08,2016-04-08,1699,116000,3000,A10,1,29920
104128182,450025,2015-04-06,2016-04-06,538,250000,100000,C,1,29909
104128205,450110,2015-01-14,2016-01-14,390,200000,80000,X,1,29582
104128235,455416,2015-02-25,2016-02-25,473,250000,100000,AE,1,29451
104128282,455412,2015-01-12,2016-01-12,583,250000,27600,AE,1,29407
104128329,455417,2015-08-22,2016-08-22,859,250000,22100,AE,2,29403
104128398,450250,2015-08-30,2016-08-30,430,250000,100000,C,1,29926
104128431,450085,2015-03-17,2016-03-17,468,250000,100000,VE,1,29585
104128463,450110,2015-09-08,2016-09-08,1460,250000,50000,AE,1,29582
104128487,450257,2015-05-15,2016-05-15,533,250000,0,AE,1,29455
104128491,450109,2015-04-02,2016-04-02,547,250000,0,X,3,29577
104128544,450104,2015-03-26,2016-03-26,390,200000,80000,X,1,29588
104128555,455412,2015-08-24,2016-08-24,430,250000,100000,X,1,29414
104128623,450250,2015-12-08,2016-12-08,1047,250000,100000,AE,1,29928
104128632,450256,2015-07-16,2016-07-16,1055,250000,94400,A12,1,29455
104128764,450025,2015-05-13,2016-05-13,345,0,12000,X,1,29909
104128884,455417,2015-11-14,2016-11-14,484,250000,73000,A08,1,29464
104128904,455412,2015-06-17,2016-06-17,776,250000,100000,AE,1,29412
104128918,455412,2015-10-11,2016-10-11,421,250000,67000,X,1,29414
104128937,450109,2015-01-29,2016-01-29,418,250000,100000,AE,1,29572
104128941,455414,2015-06-02,2016-06-02,1267,500000,200000,AE,6,29438
104128951,455413,2015-11-25,2016-11-25,430,250000,100000,X,1,29466
104128957,450251,2015-09-19,2016-09-19,551,250000,100000,X,1,29910
104128972,455412,2015-07-24,2016-07-24,3440,250000,95700,A07,1,29401
104128995,450025,2015-03-31,2016-03-31,650,385600,77600,A11,6,29906
104129005,455414,2015-10-13,2016-10-13,585,250000,0,AE,1,29438
104129026,450029,2015-07-30,2016-07-30,962,200000,80000,AE,1,29492
104129059,450250,2015-07-21,2016-07-21,1036,50000,25000,A07,1,29928
104129082,450078,2015-11-05,2016-11-05,258,50000,20000,X,1,29505
104129180,450250,2015-03-23,2016-03-23,1086,250000,10000,X,1,29928
104129205,450025,2015-09-06,2016-09-06,2083,250000,44100,AE,1,29906
104129222,450250,2015-03-04,2016-03-04,1176,250000,40000,AE,1,29928
104129292,455412,2015-10-06,2016-10-06,452,250000,100000,X,1,29414
104129327,450250,2015-02-11,2016-02-11,255,200000,25000,X,1,29928
104129362,450085,2015-10-01,2016-10-01,430,250000,100000,X,1,29585
104129366,450250,2015-06-21,2016-06-21,1754,250000,100000,A07,1,29928
104129373,450104,2015-03-25,2016-03-25,414,250000,100000,X,1,29579
104129378,450085,2015-08-18,2016-08-18,412,128000,5100,AE,1,29440
104129380,450025,2015-07-17,2016-07-17,738,250000,100000,A08,1,29910
104129396,450085,2015-04-09,2016-04-09,371,150000,60000,X,1,29576
104129398,450025,2015-07-10,2016-07-10,513,250000,100000,A04,1,29910
104129444,450025,2015-12-20,2016-12-20,430,250000,100000,C,1,29909
104129449,450058,2015-06-15,2016-06-15,990,55000,0,AE,6,29488
104129457,450250,2015-09-10,2016-09-10,1607,13300,86800,A07,2,29928
104129459,450042,2015-01-29,2016-01-29,257,209000,0,AE,1,29405
104129494,455413,2015-03-08,2016-03-08,1838,231900,0,A02,1,29407
104129506,455417,2015-05-08,2016-05-08,430,250000,100000,X,1,29464
104129545,450104,2015-05-22,2016-05-22,596,150000,60000,X,2,29576
104129574,450110,2015-12-08,2016-12-08,730,250000,57900,AE,1,29582
104129610,450250,2015-10-03,2016-10-03,1754,250000,100000,A07,1,29928
104129613,455412,2015-03-28,2016-03-28,5090,250000,100000,AE,1,29455
104129628,450250,2015-03-01,2016-03-01,639,250000,39000,A07,1,29928
104129633,450030,2015-07-18,2016-07-18,765,250000,100000,A,1,29410
104129648,450025,2015-07-01,2016-07-01,430,250000,100000,X,1,29909
104129684,450025,2015-08-28,2016-08-28,430,250000,100000,C,1,29920
104129736,450025,2015-06-15,2016-06-15,430,250000,100000,X,1,29907
104129753,455412,2015-10-30,2016-10-30,549,250000,0,AE,1,29492
104129766,450025,2015-06-15,2016-06-15,655,250000,100000,C,1,29910
104129843,450250,2015-05-09,2016-05-09,230,0,100000,AE,3,29928
104129873,450104,2015-05-10,2016-05-10,430,250000,100000,X,1,29576
104129889,450133,2015-07-03,2016-07-03,596,150000,60000,X,1,29063
104129974,450250,2015-01-23,2016-01-23,1040,250000,100000,A07,1,29928
104130069,455413,2015-05-23,2016-05-23,708,215000,100000,AE,1,29414
104130072,455413,2015-01-01,2016-01-01,965,124600,15800,AE,1,29412
104130102,455417,2015-03-16,2016-03-16,414,250000,25000,A08,1,29464
104130186,450025,2015-05-26,2016-05-26,655,250000,100000,X,1,29909
104130246,450104,2015-07-11,2016-07-11,371,150000,60000,X,1,29575
104130259,450263,2015-09-08,2016-09-08,538,250000,0,AE,1,29412
104130264,455417,2015-06-16,2016-06-16,429,250000,100000,X,1,29464
104130293,455417,2015-02-17,2016-02-17,917,250000,0,AE,1,29466
104130339,455417,2015-06-30,2016-06-30,430,250000,100000,X,1,29464
104130397,450025,2015-09-07,2016-09-07,430,250000,100000,X,1,29909
104130412,455412,2015-05-13,2016-05-13,699,200000,32000,AE,1,29414
104130475,450025,2015-09-05,2016-09-05,500,144000,0,A09,1,29906
104130527,450255,2015-09-16,2016-09-16,1274,250000,100000,AE,1,29585
104130528,455417,2015-03-10,2016-03-10,487,250000,100000,AE,1,29464
104130531,450025,2015-08-28,2016-08-28,507,250000,100000,A08,1,29910
104130609,455412,2015-05-22,2016-05-22,2287,250000,100000,X,2,29403
104130618,455413,2015-06-07,2016-06-07,630,200000,80000,X,1,29407
104130630,450110,2015-04-12,2016-04-12,661,250000,33600,AE,1,29582
104130722,450254,2015-03-20,2016-03-20,769,167000,0,X,1,29053
104130728,455417,2015-09-10,2016-09-10,2158,500000,100000,X,6,29464
104130772,450104,2015-10-18,2016-10-18,785,202400,77300,AE,1,29576
104130927,450250,2015-08-17,2016-08-17,684,250000,100000,AE,1,29928
104130939,450042,2015-03-21,2016-03-21,473,250000,100000,AE,1,29405
104131037,455412,2015-06-29,2016-06-29,6576,250000,0,AE,2,29403
104131095,450025,2015-12-23,2016-12-23,580,76000,0,A11,1,29907
104131118,450085,2015-10-29,2016-10-29,430,250000,100000,X,1,29585
104131134,450029,2015-05-06,2016-05-06,376,250000,0,AE,1,29492
104131142,450104,2015-04-23,2016-04-23,1032,250000,12000,AE,1,29576
104131156,450104,2015-07-16,2016-07-16,405,200000,80000,X,1,29575
104131207,450025,2015-03-01,2016-03-01,1012,229900,0,AE,1,29920
104131214,450029,2015-07-29,2016-07-29,430,250000,100000,X,1,29461
104131221,455417,2015-01-15,2016-01-15,712,250000,100000,AE,1,29466
104131252,450250,2015-11-01,2016-11-01,3856,3793600,0,AE,3,29926
104131271,450025,2015-02-28,2016-02-28,739,250000,99300,A10,1,29920
104131360,455412,2015-10-25,2016-10-25,1347,192600,0,AE,1,29412
104131483,450250,2015-10-30,2016-10-30,3098,250000,100000,A08,1,29926
104131487,455417,2015-02-22,2016-02-22,337,250000,0,AE,1,29466
104131500,455413,2015-09-22,2016-09-22,967,250000,100000,A06,1,29455
104131525,450250,2015-05-31,2016-05-31,1163,250000,63800,AE,1,29928
104131549,450110,2015-02-27,2016-02-27,444,225000,50000,AE,1,29582
104131590,455412,2015-01-07,2016-01-07,2717,250000,50000,AE,1,29455
104131602,455412,2015-07-30,2016-07-30,430,250000,100000,X,1,29412
104131614,455413,2015-07-10,2016-07-10,1107,500000,0,A02,4,29466
104131630,450250,2015-12-13,2016-12-13,430,250000,100000,X,1,29926
104131632,455412,2015-06-27,2016-06-27,405,200000,80000,X,1,29407
104131652,450025,2015-08-15,2016-08-15,405,200000,80000,X,1,29910
104131706,455417,2015-02-25,2016-02-25,349,190700,42000,AE,1,29466
104131726,450042,2015-02-13,2016-02-13,390,200000,80000,X,1,29406
104131728,455413,2015-12-21,2016-12-21,2312,287800,0,B,2,29407
104131750,450025,2015-01-29,2016-01-29,414,250000,100000,C,1,29910
104131781,450085,2015-05-30,2016-05-30,786,250000,100000,AE,1,29440
104131793,450122,2015-12-20,2016-12-20,611,125000,50000,X,1,29384
104131816,450104,2015-07-24,2016-07-24,430,250000,100000,X,1,29575
104131833,455412,2015-10-14,2016-10-14,3131,362800,0,AE,2,29403
104131857,450129,2015-10-18,2016-10-18,2894,500000,0,AE,2,29072
104131932,455416,2015-08-04,2016-08-04,1521,250000,53300,X,2,29451
104131954,450256,2015-04-28,2016-04-28,794,250000,100000,AE,1,29455
104132068,450104,2015-05-30,2016-05-30,430,250000,100000,X,1,29579
104132118,450109,2015-06-18,2016-06-18,479,250000,100000,AE,1,29572
104132126,450250,2015-03-01,2016-03-01,1090,250000,100000,A07,1,29928
104132151,455412,2015-04-09,2016-04-09,1720,236000,5000,AE,1,29407
104132169,450250,2015-04-06,2016-04-06,831,500000,0,A07,2,29928
104132187,450068,2015-10-29,2016-10-29,371,150000,60000,X,1,29418
104132188,455417,2015-07-31,2016-07-31,423,30000,12000,X,1,29466
104132211,450042,2015-03-08,2016-03-08,375,250000,73500,AE,1,29418
104132346,455412,2015-11-12,2016-11-12,1267,250000,0,AE,1,29403
104132352,450025,2015-03-23,2016-03-23,1129,250000,100000,A08,1,29926
104132371,450025,2015-06-13,2016-06-13,551,250000,100000,A10,1,29907
104132375,450068,2015-07-15,2016-07-15,536,250000,40000,AE,1,29485
104132440,450193,2015-05-30,2016-05-30,630,200000,80000,X,1,29732
104132453,450250,2015-01-24,2016-01-24,423,250000,100000,A07,1,29928
104132511,450250,2015-02-26,2016-02-26,414,250000,100000,X,1,29926
104132545,455415,2015-09-23,2016-09-23,2375,250000,0,A,2,29439
104132568,450250,2015-10-10,2016-10-10,430,250000,100000,X,1,29926
104132617,450025,2015-12-20,2016-12-20,430,250000,100000,C,1,29910
104132627,450110,2015-08-14,2016-08-14,702,250000,100000,X,1,29582
104132651,455412,2015-02-24,2016-02-24,468,250000,100000,AE,1,29414
104132785,450250,2015-06-25,2016-06-25,761,250000,100000,AE,1,29926
104132814,450076,2015-03-11,2016-03-11,1010,100000,50000,X,6,29505
104132859,455417,2015-06-29,2016-06-29,430,250000,100000,X,1,29464
104132863,455412,2015-06-14,2016-06-14,1682,198000,26300,AE,1,29403
104132868,450025,2015-04-15,2016-04-15,769,250000,78800,AE,1,29926
104132904,450170,2015-10-24,2016-10-24,430,250000,100000,X,1,29223
104132919,455417,2015-06-11,2016-06-11,551,250000,100000,AE,1,29466
104132950,450250,2015-11-02,2016-11-02,683,250000,100000,AE,1,29928
104132972,455413,2015-08-10,2016-08-10,2068,250000,30000,AE,1,29407
104132984,450104,2015-04-23,2016-04-23,405,200000,80000,X,1,29579
104132985,450104,2015-04-28,2016-04-28,430,250000,100000,X,1,29566
104132998,450068,2015-09-30,2016-09-30,405,200000,80000,X,1,29456
104133014,455417,2015-06-11,2016-06-11,507,250000,100000,AE,1,29466
104133044,450028,2015-08-24,2016-08-24,939,250000,15800,A09,1,29902
104133056,450104,2015-10-04,2016-10-04,528,181500,41900,AE,1,29579
104133087,450255,2015-07-30,2016-07-30,4108,250000,63200,AE,1,29585
104133114,455413,2015-09-20,2016-09-20,1201,70000,10000,AE,1,29487
104133141,455412,2015-02-08,2016-02-08,778,250000,100000,AE,1,29412
104133152,450025,2015-10-15,2016-10-15,789,250000,100000,A12,1,29926
104133157,450204,2015-06-13,2016-06-13,430,250000,100000,X,1,29812
104133238,455412,2015-04-20,2016-04-20,695,250000,0,X,3,29407
104133270,450025,2015-03-06,2016-03-06,773,25500,5600,A11,1,29907
104133276,455412,2015-10-18,2016-10-18,1393,250000,1300,AE,1,29407
104133338,450073,2015-08-19,2016-08-19,388,250000,100000,AE,1,29483
104133339,450104,2015-04-07,2016-04-07,430,250000,100000,X,1,29579
104133341,450104,2015-11-08,2016-11-08,405,200000,80000,X,1,29526
104133395,450076,2015-02-15,2016-02-15,537,250000,100000,X,1,29591
104133400,450029,2015-05-02,2016-05-02,630,200000,80000,X,1,29492
104133443,455417,2015-04-02,2016-04-02,487,250000,100000,AE,1,29464
104133447,450170,2015-01-15,2016-01-15,390,200000,80000,X,1,29229
104133456,455417,2015-10-03,2016-10-03,258,50000,20000,X,3,29464
104133462,450257,2015-11-12,2016-11-12,708,250000,100000,AE,1,29455
104133469,450115,2015-12-12,2016-12-12,3190,128300,23600,AE,1,29074
104133488,450028,2015-10-29,2016-10-29,2158,500000,100000,C,6,29935
104133493,455418,2015-03-14,2016-03-14,3347,250000,78800,A13,1,29482
104133515,450250,2015-02-11,2016-02-11,1009,250000,100000,A07,1,29926
104133557,455413,2015-08-21,2016-08-21,884,49000,0,AE,1,29455
104133566,450025,2015-07-16,2016-07-16,655,250000,100000,C,1,29910
104133574,455417,2015-12-12,2016-12-12,655,250000,100000,X,2,29464
104133681,455417,2015-09-04,2016-09-04,569,125000,50000,X,1,29464
104133683,450025,2015-10-11,2016-10-11,1991,400000,100000,X,4,29907
104133704,450025,2015-04-23,2016-04-23,596,150000,60000,X,1,29910
104133714,450025,2015-01-29,2016-01-29,565,250000,42000,A10,1,29920
104133739,450089,2015-02-07,2016-02-07,1194,250000,0,AE,1,29615
104133742,455413,2015-08-16,2016-08-16,531,250000,57900,A08,1,29466
104133752,455412,2015-05-12,2016-05-12,1535,142000,0,AE,2,29403
104133799,450104,2015-08-12,2016-08-12,405,200000,80000,X,1,29576
104133805,455412,2015-03-14,2016-03-14,960,117200,0,A13,1,29418
104133821,455413,2015-11-15,2016-11-15,1136,250000,0,AE,1,29466
104133825,450085,2015-10-08,2016-10-08,430,250000,100000,X,1,29585
104133836,450190,2015-02-18,2016-02-18,1589,157100,0,AE,6,29556
104133885,450250,2015-09-19,2016-09-19,883,250000,20000,A07,1,29928
104133933,455413,2015-03-02,2016-03-02,493,250000,0,A07,1,29412
104133946,450104,2015-10-11,2016-10-11,430,250000,100000,X,1,29579
104134009,450025,2015-09-25,2016-09-25,371,150000,60000,C,1,29909
104134033,455417,2015-07-23,2016-07-23,655,250000,100000,X,1,29464
104134098,450085,2015-02-06,2016-02-06,414,250000,100000,X,1,29585
104134186,450025,2015-05-23,2016-05-23,1398,250000,100000,A08,1,29926
104134215,450250,2015-05-16,2016-05-16,1197,250000,100000,A07,1,29928
104134227,455413,2015-12-14,2016-12-14,2757,180400,47300,AE,1,29407
104134312,455417,2015-08-23,2016-08-23,430,250000,100000,C,1,29464
104134319,455417,2015-06-16,2016-06-16,430,250000,100000,X,1,29464
104134406,450104,2015-12-31,2016-12-31,1691,171600,0,AE,2,29582
104134417,450104,2015-05-18,2016-05-18,655,250000,100000,X,1,29582
104134455,450030,2015-05-31,2016-05-31,745,250000,100000,AE,1,29406
104134469,450250,2015-09-22,2016-09-22,1199,250000,100000,AE,1,29928
104134477,450104,2015-08-10,2016-08-10,430,250000,100000,X,1,29588
104134540,455412,2015-05-09,2016-05-09,848,250000,0,AE,2,29403
104134544,455417,2015-09-20,2016-09-20,1135,50000,20000,X,1,29464
104134545,450110,2015-09-17,2016-09-17,405,200000,80000,X,1,29582
104134546,455417,2015-08-02,2016-08-02,725,175000,0,AE,1,29466
104134561,450129,2015-07-23,2016-07-23,1403,144500,0,AE,1,29210
104134562,455412,2015-03-16,2016-03-16,370,250000,100000,AE,1,29403
104134595,450042,2015-06-13,2016-06-13,757,37000,0,AE,1,29405
104134609,450104,2015-10-08,2016-10-08,655,250000,100000,X,1,29588
104134718,455415,2015-02-12,2016-02-12,6384,250000,100000,VE,1,29439
104134787,450110,2015-03-27,2016-03-27,312,100000,40000,X,1,29582
104134793,450085,2015-05-18,2016-05-18,748,250000,62700,A14,1,29585
104134836,450104,2015-11-28,2016-11-28,349,125000,50000,X,1,29576
104134847,450104,2015-09-24,2016-09-24,430,250000,100000,X,1,29577
104134848,450025,2015-10-17,2016-10-17,737,250000,100000,AE,1,29920
104134854,450104,2015-12-25,2016-12-25,300,200000,0,AE,1,29566
104134865,450110,2015-02-08,2016-02-08,475,180000,17500,AE,1,29582
104134886,455417,2015-07-18,2016-07-18,430,250000,100000,X,1,29464
104134894,455412,2015-06-02,2016-06-02,762,185400,100000,AE,1,29412
104134907,450250,2015-12-01,2016-12-01,702,250000,100000,X,1,29928
104134921,455413,2015-07-31,2016-07-31,499,250000,53800,A13,1,29407
104134932,450110,2015-04-15,2016-04-15,6074,250000,0,VE,1,29582
104134933,450250,2015-03-29,2016-03-29,1060,250000,100000,A07,1,29926
104134975,450176,2015-10-03,2016-10-03,477,250000,100000,X,1,29369
104134976,455413,2015-09-30,2016-09-30,957,250000,100000,AE,1,29455
104134979,455412,2015-11-02,2016-11-02,198,30000,12000,X,1,29455
104135001,450085,2015-08-29,2016-08-29,531,0,91100,AE,6,29585
104135057,455413,2015-06-28,2016-06-28,533,250000,0,AE,1,29412
104135074,455413,2015-06-30,2016-06-30,648,250000,100000,X,1,29412
104135093,450085,2015-02-07,2016-02-07,8374,250000,100000,AE,1,29585
104135094,450025,2015-05-26,2016-05-26,574,125000,50000,C,1,29910
104135096,455413,2015-05-04,2016-05-04,436,213000,52500,AE,1,29412
104135154,455417,2015-11-19,2016-11-19,483,250000,100000,AE,1,29466
104135199,450109,2015-07-01,2016-07-01,869,0,60800,X,6,29577
104135206,450257,2015-06-29,2016-06-29,507,250000,100000,A06,1,29455
104135233,450025,2015-11-07,2016-11-07,655,250000,100000,X,1,29909
104135236,450250,2015-05-06,2016-05-06,430,250000,100000,C,1,29926
104135271,455413,2015-12-14,2016-12-14,677,250000,100000,AE,1,29487
104135318,455416,2015-07-21,2016-07-21,535,250000,100000,AE,1,29451
104135400,450104,2015-09-23,2016-09-23,583,236500,100000,AE,1,29579
104135459,450042,2015-08-14,2016-08-14,535,250000,100000,AE,1,29405
104135487,450085,2015-10-11,2016-10-11,430,250000,100000,X,1,29585
104135507,450110,2015-11-26,2016-11-26,2463,143000,0,AE,1,29582
104135536,455412,2015-02-26,2016-02-26,309,250000,0,AE,1,29492
104135566,450104,2015-06-16,2016-06-16,430,250000,100000,X,1,29579
104135579,450104,2015-02-27,2016-02-27,414,250000,100000,X,1,29566
104135620,450104,2015-06-25,2016-06-25,405,200000,80000,X,1,29575
104135631,450104,2015-03-01,2016-03-01,414,250000,100000,X,1,29526
104135655,455413,2015-07-18,2016-07-18,655,250000,100000,X,1,29466
104135665,455413,2015-04-08,2016-04-08,1260,107400,37100,C,1,29414
104135667,455412,2015-12-30,2016-12-30,917,250000,70000,A05,1,29412
104135689,455412,2015-04-07,2016-04-07,460,198000,0,AE,1,29407
104135709,455417,2015-02-05,2016-02-05,414,250000,100000,AE,1,29464
104135725,450042,2015-10-02,2016-10-02,573,250000,8000,X,3,29418
104135733,455412,2015-11-13,2016-11-13,408,165000,0,AE,1,29414
104135740,450104,2015-01-27,2016-01-27,414,250000,100000,X,1,29582
104135751,455417,2015-06-10,2016-06-10,732,250000,100000,AE,1,29466
104135841,450250,2015-03-31,2016-03-31,708,0,50000,AE,3,29928
104135844,455412,2015-08-22,2016-08-22,430,250000,100000,X,1,29412
104135846,455417,2015-03-08,2016-03-08,538,250000,100000,AE,1,29466
104135901,450250,2015-10-23,2016-10-23,1573,0,77600,A07,6,29928
104135928,450029,2015-08-10,2016-08-10,430,250000,100000,X,1,29445
104135934,450251,2015-06-14,2016-06-14,405,200000,80000,X,1,29910
104135959,450025,2015-05-24,2016-05-24,509,250000,100000,A08,1,29926
104136002,450112,2015-08-09,2016-08-09,349,125000,50000,C,1,29945
104136024,450250,2015-04-24,2016-04-24,1268,200000,20000,A07,1,29928
104136120,455417,2015-07-21,2016-07-21,430,250000,100000,X,1,29464
104136121,450025,2015-09-19,2016-09-19,1682,140000,40000,A08,1,29910
104136152,450085,2015-10-01,2016-10-01,1413,220200,0,X,1,29585
104136158,450025,2015-05-02,2016-05-02,405,200000,80000,C,1,29909
104136167,450025,2015-08-23,2016-08-23,405,200000,80000,X,1,29907
104136199,450250,2015-01-09,2016-01-09,414,250000,100000,X,1,29926
104136203,455417,2015-12-03,2016-12-03,507,250000,100000,AE,1,29464
104136211,455413,2015-12-27,2016-12-27,496,250000,50000,A05,1,29407
104136234,450068,2015-12-15,2016-12-15,374,209300,0,AE,1,29420
104136244,455413,2015-03-26,2016-03-26,1351,250000,0,VE,1,29455
104136253,450250,2015-06-25,2016-06-25,832,250000,100000,A07,1,29926
104136270,455417,2015-09-08,2016-09-08,517,250000,69500,AE,1,29466
104136276,450115,2015-04-20,2016-04-20,681,250000,8000,AE,1,29020
104136299,450256,2015-08-01,2016-08-01,632,250000,52500,AE,1,29455
104136324,450104,2015-10-10,2016-10-10,430,250000,100000,X,1,29575
104136355,455412,2015-02-16,2016-02-16,660,250000,79500,AE,1,29412
104136364,450042,2015-04-19,2016-04-19,430,250000,100000,X,1,29420
104136400,450104,2015-01-07,2016-01-07,518,250000,100000,AE,1,29576
104136432,450025,2015-04-21,2016-04-21,430,250000,100000,B,1,29909
104136456,450104,2015-08-09,2016-08-09,430,250000,100000,X,1,29576
104136476,455413,2015-10-17,2016-10-17,691,250000,58100,X,1,29412
104136490,450085,2015-10-01,2016-10-01,1340,195700,0,X,1,29585
104136492,455412,2015-10-26,2016-10-26,1222,250000,100000,AE,1,29492
104136504,455412,2015-01-29,2016-01-29,414,250000,100000,X,1,29492
104136539,450250,2015-10-02,2016-10-02,1149,250000,50000,A07,1,29928
104136572,450249,2015-02-09,2016-02-09,414,250000,100000,X,1,29487
104136578,455413,2015-07-04,2016-07-04,522,250000,0,A13,1,29439
104136582,455412,2015-08-05,2016-08-05,2051,250000,0,AE,2,29401
104136606,450085,2015-09-30,2016-09-30,4142,250000,100000,AE,1,29585
104136679,455412,2015-07-31,2016-07-31,765,250000,100000,AE,1,29455
104136697,455412,2015-06-18,2016-06-18,499,129900,0,A07,2,29405
104136706,450250,2015-09-26,2016-09-26,655,250000,100000,A07,1,29926
104136709,450042,2015-06-19,2016-06-19,430,250000,100000,X,1,29406
104136712,450110,2015-09-22,2016-09-22,653,250000,27600,AE,1,29582
104136740,450025,2015-04-26,2016-04-26,387,20000,8000,C,1,29907
104136745,455413,2015-01-09,2016-01-09,975,148100,0,AE,1,29412
104136792,450025,2015-07-13,2016-07-13,430,250000,100000,X,1,29909
104136801,455412,2015-08-13,2016-08-13,1475,250000,0,AE,4,29407
104136813,450025,2015-02-16,2016-02-16,686,192500,91900,A11,1,29907
104136836,450029,2015-04-20,2016-04-20,430,250000,100000,X,1,29445
104136838,450122,2015-10-03,2016-10-03,562,125800,50000,A,1,29384
104136867,455412,2015-05-20,2016-05-20,3481,250000,100000,AE,1,29455
104136927,455417,2015-09-25,2016-09-25,430,250000,100000,X,1,29464
104136933,450250,2015-07-21,2016-07-21,1207,250000,1000,A07,1,29926
104136938,450029,2015-01-30,2016-01-30,652,150000,25000,AE,1,29486
104137026,455412,2015-04-10,2016-04-10,760,250000,100000,AE,1,29492
104137033,455412,2015-03-14,2016-03-14,806,250000,100000,AE,1,29401
104137035,455412,2015-09-05,2016-09-05,666,250000,14800,AE,1,29407
104137058,455417,2015-02-09,2016-02-09,443,250000,100000,AE,1,29466
104137080,450025,2015-05-04,2016-05-04,658,250000,100000,A08,1,29926
104137105,455412,2015-08-15,2016-08-15,3502,250000,100000,A05,1,29407
104137194,450250,2015-07-15,2016-07-15,1818,75000,65700,A07,1,29928
104137246,455413,2015-10-25,2016-10-25,562,250000,0,AE,1,29466
104137254,455417,2015-05-30,2016-05-30,507,250000,100000,A07,1,29464
104137259,450250,2015-11-22,2016-11-22,909,250000,100000,A08,1,29926
104137272,450025,2015-06-30,2016-06-30,430,250000,100000,X,1,29915
104137303,450085,2015-08-19,2016-08-19,430,250000,100000,X,1,29585
104137356,450170,2015-01-19,2016-01-19,765,178900,0,AE,1,29223
104137363,450111,2015-06-09,2016-06-09,430,250000,100000,X,1,29575
104137418,455413,2015-12-15,2016-12-15,310,129000,0,A05,1,29414
104137420,450170,2015-10-22,2016-10-22,2968,144300,0,AE,1,29210
104137451,450250,2015-06-28,2016-06-28,3961,250000,100000,A07,1,29928
104137474,450025,2015-06-02,2016-06-02,2593,250000,0,A11,1,29906
104137523,455413,2015-12-11,2016-12-11,594,250000,21000,AE,1,29438
104137532,450104,2015-09-08,2016-09-08,655,250000,100000,X,1,29575
104137538,455413,2015-06-03,2016-06-03,669,225700,44100,AE,1,29412
104137540,450025,2015-11-05,2016-11-05,430,250000,100000,X,1,29909
104137564,455416,2015-11-30,2016-11-30,688,250000,37100,AE,1,29451
104137597,450085,2015-08-05,2016-08-05,520,190000,95000,AE,1,29576
104137603,455412,2015-12-09,2016-12-09,3300,250000,100000,AE,1,29401
104137616,450110,2015-02-04,2016-02-04,443,250000,100000,AE,1,29582
104137850,450104,2015-08-24,2016-08-24,371,150000,60000,X,1,29575
104137890,450025,2015-05-07,2016-05-07,803,250000,10000,A12,1,29926
104137897,450025,2015-11-01,2016-11-01,405,200000,80000,C,1,29902
104137939,450104,2015-07-15,2016-07-15,866,100000,40000,AE,1,29526
104137968,455412,2015-04-18,2016-04-18,982,194800,33600,AE,1,29403
104138017,455413,2015-05-16,2016-05-16,1370,200000,100000,A05,1,29412
104138091,450025,2015-12-14,2016-12-14,499,250000,92400,X,1,29940
104138097,455413,2015-06-28,2016-06-28,477,250000,100000,X,1,29466
104138156,455413,2015-07-18,2016-07-18,660,250000,0,AE,1,29412
104138228,450104,2015-12-18,2016-12-18,19774,31250000,93100,AE,3,29572
104138235,450025,2015-10-09,2016-10-09,290,250000,25000,A08,1,29910
104138273,450029,2015-09-01,2016-09-01,376,250000,0,AE,1,29492
104138299,455412,2015-06-09,2016-06-09,535,250000,100000,AE,1,29492
104138306,455413,2015-01-27,2016-01-27,1677,428700,295600,A05,6,29412
104138307,455412,2015-07-23,2016-07-23,510,26400,11400,AE,1,29407
104138313,455417,2015-05-17,2016-05-17,430,250000,100000,X,1,29464
104138318,450250,2015-05-17,2016-05-17,789,250000,100000,AE,1,29928
104138323,450085,2015-08-20,2016-08-20,430,250000,100000,X,1,29585
104138359,450172,2015-02-05,2016-02-05,510,250000,0,AE,1,29206
104138374,455412,2015-07-26,2016-07-26,185,0,30000,X,2,29455
104138435,450029,2015-05-23,2016-05-23,998,250000,0,AE,1,29445
104138441,450029,2015-03-07,2016-03-07,604,229800,0,AE,1,29445
104138480,450110,2015-12-29,2016-12-29,4468,250000,31100,AE,1,29576
104138547,450025,2015-04-30,2016-04-30,620,173000,60000,A09,1,29906
104138560,450250,2015-03-08,2016-03-08,822,0,100000,AE,1,29928
104138567,450025,2015-01-14,2016-01-14,456,206000,50000,A08,1,29909
104138572,455412,2015-06-22,2016-06-22,374,125000,100000,X,3,29412
104138574,450170,2015-09-21,2016-09-21,430,250000,100000,X,1,29203
104138604,450109,2015-03-19,2016-03-19,246,119700,15300,AE,1,29577
104138606,450093,2015-02-23,2016-02-23,356,150000,60000,X,1,29646
104138639,455413,2015-01-12,2016-01-12,1439,181900,0,AE,1,29412
104138671,455412,2015-05-25,2016-05-25,1077,176000,78800,AE,1,29414
104138680,450051,2015-08-01,2016-08-01,1103,52900,0,A,1,29102
104138713,455417,2015-11-28,2016-11-28,410,171800,57900,AE,1,29466
104138731,450104,2015-10-21,2016-10-21,344,125000,50000,X,3,29576
104138765,455417,2015-08-11,2016-08-11,627,250000,0,AE,1,29466
104138785,450250,2015-09-04,2016-09-04,720,250000,100000,AE,1,29928
104138787,455412,2015-04-04,2016-04-04,2073,1111000,0,AE,3,29414
104138796,450085,2015-10-05,2016-10-05,430,250000,100000,X,1,29585
104138854,450110,2015-09-18,2016-09-18,1396,110000,0,AE,1,29582
104138855,450089,2015-12-19,2016-12-19,449,0,50000,X,1,29681
104138876,450251,2015-06-26,2016-06-26,429,250000,100000,X,1,29910
104138917,450068,2015-12-11,2016-12-11,430,250000,100000,X,1,29485
104138923,455417,2015-11-13,2016-11-13,513,250000,100000,AE,1,29464
104138939,450029,2015-10-18,2016-10-18,962,200000,80400,AE,1,29492
104138956,450182,2015-11-23,2016-11-23,405,200000,80000,X,1,29154
104138979,450104,2015-12-05,2016-12-05,430,250000,100000,X,1,29568
104138999,450025,2015-12-14,2016-12-14,477,250000,100000,X,1,29907
104139029,455413,2015-08-24,2016-08-24,430,250000,100000,X,1,29412
104139045,450076,2015-04-20,2016-04-20,1537,75000,0,A,1,29555
104139106,455412,2015-08-10,2016-08-10,534,250000,100000,AE,1,29403
104139158,450172,2015-11-03,2016-11-03,367,150000,60000,X,1,29203
104139199,450030,2015-02-17,2016-02-17,517,177100,25600,AE,1,29410
104139228,450073,2015-10-15,2016-10-15,477,250000,100000,X,1,29485
104139238,455412,2015-06-29,2016-06-29,1015,250000,5000,B,1,29407
104139245,450104,2015-06-12,2016-06-12,3974,1283800,0,X,3,29572
104139274,450250,2015-10-04,2016-10-04,3097,250000,100000,A07,1,29928
104139364,455413,2015-05-03,2016-05-03,405,200000,80000,X,1,29426
104139372,455413,2015-01-07,2016-01-07,393,250000,100000,AE,1,29429
104139434,450110,2015-09-01,2016-09-01,566,250000,100000,AE,1,29582
104139477,450025,2015-09-05,2016-09-05,507,250000,100000,A10,1,29920
104139485,450250,2015-06-03,2016-06-03,430,250000,100000,X,1,29926
104139544,450085,2015-06-24,2016-06-24,895,250000,100000,AE,1,29440
104139609,450250,2015-10-20,2016-10-20,710,250000,100000,AE,1,29928
104139611,455413,2015-01-08,2016-01-08,344,250000,21200,A08,1,29455
104139636,455414,2015-09-08,2016-09-08,715,250000,56500,A12,1,29438
104139665,450111,2015-02-07,2016-02-07,1744,169400,17400,AE,1,29575
104139699,450104,2015-08-31,2016-08-31,444,250000,73400,AE,1,29566
104139744,455416,2015-06-02,2016-06-02,1249,250000,0,AE,1,29451
104139758,450085,2015-12-21,2016-12-21,930,250000,100000,AE,1,29585
104139779,450109,2015-07-07,2016-07-07,371,150000,60000,X,1,29577
104139852,455417,2015-08-05,2016-08-05,406,250000,100000,AE,1,29464
104139869,455413,2015-05-04,2016-05-04,1075,156000,4100,A02,1,29414
104139881,450025,2015-09-02,2016-09-02,2158,500000,100000,B,4,29909
104139884,450104,2015-04-22,2016-04-22,430,250000,100000,X,1,29526
104139915,450250,2015-09-22,2016-09-22,735,250000,0,A07,1,29926
104139987,450256,2015-12-22,2016-12-22,1207,250000,100000,AE,1,29455
104139988,450250,2015-04-14,2016-04-14,511,250000,100000,AE,1,29928
104140055,450025,2015-04-18,2016-04-18,405,250000,100000,X,1,29907
104140058,450104,2015-05-11,2016-05-11,430,250000,100000,X,1,29582
104140071,450085,2015-11-13,2016-11-13,620,0,19200,VE,3,29585
104140075,455412,2015-06-11,2016-06-11,1516,167500,25000,AE,1,29412
104140105,455412,2015-04-12,2016-04-12,3502,250000,100000,AE,1,29401
104140137,450104,2015-12-07,2016-12-07,2000,128700,34300,AE,1,29575
104140221,450104,2015-11-05,2016-11-05,405,200000,80000,X,1,29568
104140229,450025,2015-09-17,2016-09-17,430,250000,100000,B,1,29909
104140299,455417,2015-08-19,2016-08-19,1059,250000,100000,AE,1,29464
104140326,450171,2015-04-18,2016-04-18,573,250000,100000,A,1,29206
104140346,455412,2015-03-02,2016-03-02,414,250000,100000,X,1,29492
104140347,455413,2015-03-31,2016-03-31,1806,214500,42000,AE,1,29464
104140372,455413,2015-09-30,2016-09-30,505,250000,100000,AE,1,29466
104140378,450172,2015-09-30,2016-09-30,834,67400,0,AE,1,29203
104140434,455413,2015-06-03,2016-06-03,352,222000,30600,AE,1,29414
104140448,455417,2015-05-31,2016-05-31,643,250000,100000,AE,1,29466
104140476,450104,2015-07-09,2016-07-09,569,158000,50000,AE,1,29568
104140499,455414,2015-02-26,2016-02-26,425,250000,59100,AE,1,29438
104140509,455413,2015-02-03,2016-02-03,269,211800,11000,AE,1,29438
104140538,455417,2015-10-22,2016-10-22,361,250000,0,AE,1,29464
104140540,450250,2015-08-10,2016-08-10,5887,874800,0,A07,3,29928
104140561,455413,2015-11-13,2016-11-13,3567,132400,0,VE,1,29487
104140576,450025,2015-04-11,2016-04-11,1267,250000,0,A11,1,29907
104140614,450110,2015-09-05,2016-09-05,430,250000,100000,X,1,29582
104140642,450109,2015-03-28,2016-03-28,460,250000,100000,X,1,29577
104140655,450256,2015-11-02,2016-11-02,1145,250000,17400,A15,1,29455
104140759,450111,2015-07-29,2016-07-29,291,0,100000,X,1,29575
104140826,450030,2015-05-23,2016-05-23,537,121000,22100,A,1,29410
104140828,450025,2015-05-19,2016-05-19,1537,166500,0,A08,2,29902
104140886,450037,2015-05-25,2016-05-25,430,250000,100000,X,1,29449
104140888,450206,2015-05-20,2016-05-20,430,250000,100000,X,1,29445
104140891,455417,2015-10-06,2016-10-06,507,250000,100000,AE,1,29466
104140923,450025,2015-12-01,2016-12-01,2025,296900,100000,X,2,29928
104140966,450025,2015-03-05,2016-03-05,414,250000,100000,X,1,29907
104140976,450068,2015-09-21,2016-09-21,615,250000,99300,AE,1,29456
104141015,450115,2015-07-20,2016-07-20,430,250000,100000,C,1,29078
104141022,450250,2015-05-22,2016-05-22,1074,250000,100000,AE,1,29928
104141051,450025,2015-06-26,2016-06-26,430,250000,100000,X,1,29906
104141056,455412,2015-10-25,2016-10-25,2695,250000,100000,AE,1,29401
104141057,455413,2015-11-09,2016-11-09,1577,216500,0,AE,1,29412
104141120,450025,2015-08-21,2016-08-21,430,250000,100000,C,1,29909
104141179,450257,2015-07-01,2016-07-01,677,250000,100000,AE,1,29455
104141189,455412,2015-01-04,2016-01-04,412,113500,41400,AE,1,29492
104141201,450085,2015-10-29,2016-10-29,7101,250000,100000,VE,1,29585
104141222,450250,2015-01-15,2016-01-15,414,250000,100000,C,1,29926
104141228,450109,2015-08-15,2016-08-15,6914,250000,100000,X,3,29577
104141249,455413,2015-09-23,2016-09-23,574,125000,50000,X,1,29485
104141255,455412,2015-05-19,2016-05-19,576,250000,100000,AE,1,29401
104141336,455415,2015-01-13,2016-01-13,344,250000,16600,AE,1,29439
104141356,450089,2015-11-08,2016-11-08,453,30000,12000,X,1,29681
104141379,450025,2015-05-03,2016-05-03,430,250000,100000,X,1,29909
104141390,450085,2015-08-01,2016-08-01,655,250000,100000,X,1,29585
104141408,455412,2015-04-17,2016-04-17,675,250000,55100,AE,1,29492
104141429,450025,2015-01-03,2016-01-03,414,250000,100000,C,1,29910
104141454,455413,2015-07-07,2016-07-07,1568,500000,143300,A06,4,29455
104141458,450085,2015-09-30,2016-09-30,479,20900,8400,X,1,29585
104141470,450104,2015-11-09,2016-11-09,634,201300,12800,AE,1,29575
104141482,450111,2015-08-14,2016-08-14,702,250000,100000,X,1,29575
104141485,450110,2015-07-30,2016-07-30,721,250000,33500,AE,1,29582
104141527,450085,2015-08-20,2016-08-20,366,150000,60000,X,1,29585
104141560,455413,2015-07-31,2016-07-31,501,150600,5300,AE,1,29412
104141572,450109,2015-10-20,2016-10-20,1746,250000,56600,X,1,29577
104141617,450075,2015-06-09,2016-06-09,615,33000,0,AE,1,29130
104141624,455413,2015-08-06,2016-08-06,706,90000,10000,AE,1,29414
104141634,455414,2015-05-28,2016-05-28,765,250000,100000,A12,1,29438
104141641,450250,2015-08-01,2016-08-01,827,110000,0,AE,1,29928
104141662,450104,2015-07-08,2016-07-08,405,200000,80000,X,1,29575
104141732,450025,2015-07-06,2016-07-06,430,250000,100000,X,1,29909
104141749,450042,2015-10-20,2016-10-20,791,101600,64500,AE,2,29418
104141766,455413,2015-10-21,2016-10-21,430,250000,100000,X,1,29412
104141855,455412,2015-09-20,2016-09-20,446,200000,80000,X,1,29407
104141886,450111,2015-09-01,2016-09-01,405,200000,80000,X,1,29575
104141902,450104,2015-07-02,2016-07-02,405,200000,80000,X,1,29566
104141907,455418,2015-06-30,2016-06-30,2148,250000,50000,AE,1,29482
104141941,455412,2015-08-06,2016-08-06,535,250000,100000,AE,1,29492
104141955,450250,2015-10-05,2016-10-05,702,250000,100000,X,1,29926
104141973,450250,2015-03-06,2016-03-06,486,361400,0,A07,2,29928
104142055,455413,2015-07-22,2016-07-22,643,250000,100000,AE,1,29412
104142067,450250,2015-09-19,2016-09-19,536,250000,100000,A07,1,29928
104142096,455413,2015-02-19,2016-02-19,418,250000,0,A09,1,29466
104142116,450250,2015-06-19,2016-06-19,430,250000,100000,X,1,29926
104142172,450104,2015-05-27,2016-05-27,764,40000,0,AE,1,29575
104142180,455413,2015-10-10,2016-10-10,405,242000,55100,AE,1,29438
104142194,455412,2015-02-15,2016-02-15,543,250000,100000,AE,1,29492
104142288,450025,2015-11-17,2016-11-17,863,250000,23600,AE,1,29910
104142292,450085,2015-03-18,2016-03-18,1759,1500000,0,AE,3,29585
104142307,450111,2015-07-08,2016-07-08,591,150000,60000,X,2,29575
104142317,450104,2015-07-13,2016-07-13,430,250000,100000,X,1,29566
104142322,455417,2015-09-09,2016-09-09,463,250000,60000,AE,1,29464
104142332,455412,2015-07-13,2016-07-13,456,250000,26900,AE,1,29403
104142349,455416,2015-06-27,2016-06-27,535,250000,100000,AE,1,29451
104142412,455417,2015-08-27,2016-08-27,645,250000,60800,X,1,29464
104142448,450025,2015-10-10,2016-10-10,780,250000,100000,X,1,29926
104142474,450068,2015-01-09,2016-01-09,468,250000,20200,AE,1,29485
104142475,455413,2015-11-03,2016-11-03,810,250000,0,AE,1,29455
104142501,450085,2015-04-25,2016-04-25,655,250000,100000,X,1,29576
104142509,450250,2015-04-10,2016-04-10,4413,250000,94400,A07,1,29928
104142516,450250,2015-11-19,2016-11-19,2137,500000,0,A07,3,29926
104142553,455415,2015-09-21,2016-09-21,4970,250000,100000,VE,1,29439
104142669,450025,2015-07-05,2016-07-05,430,250000,100000,AE,1,29941
104142749,450257,2015-08-31,2016-08-31,911,250000,0,AE,1,29455
104142755,455412,2015-11-09,2016-11-09,2518,500000,0,AE,6,29401
104142922,455417,2015-06-13,2016-06-13,1687,1000000,0,X,2,29466
104142941,455413,2015-08-24,2016-08-24,490,250000,100000,AE,1,29466
104142953,455412,2015-08-27,2016-08-27,676,226400,0,AE,1,29412
104142986,455417,2015-07-14,2016-07-14,334,10700,0,AE,1,29466
104142987,450104,2015-01-11,2016-01-11,414,250000,100000,X,1,29588
104143013,450085,2015-04-14,2016-04-14,9383,250000,100000,VE,1,29576
104143038,450109,2015-04-29,2016-04-29,430,250000,100000,X,1,29577
104143061,455412,2015-01-17,2016-01-17,309,250000,0,AE,1,29414
104143065,450250,2015-04-26,2016-04-26,1422,250000,100000,A07,1,29928
104143067,455417,2015-12-19,2016-12-19,351,60000,75000,AE,1,29466
104143086,450111,2015-04-24,2016-04-24,371,150000,60000,X,1,29575
104143099,455412,2015-06-05,2016-06-05,321,197900,0,AE,1,29414
104143131,450250,2015-12-12,2016-12-12,3384,413000,0,AE,6,29928
104143135,450110,2015-03-04,2016-03-04,8403,250000,0,VE,2,29582
104143143,450026,2015-08-15,2016-08-15,1503,250000,100000,A08,1,29902
104143148,455412,2015-10-01,2016-10-01,1010,192200,36600,AE,1,29414
104143235,450025,2015-12-07,2016-12-07,3050,250000,81500,A10,1,29920
104143248,455416,2015-08-01,2016-08-01,4024,250000,16900,VE,1,29451
104143264,450104,2015-01-14,2016-01-14,668,40000,5000,AE,1,29576
104143273,455412,2015-04-24,2016-04-24,405,200000,80000,X,1,29412
104143316,450172,2015-08-31,2016-08-31,573,196800,0,AE,1,29201
104143411,455416,2015-05-10,2016-05-10,3035,250000,63800,A13,2,29451
104143428,455412,2015-09-22,2016-09-22,535,250000,100000,AE,1,29492
104143430,450025,2015-05-15,2016-05-15,655,250000,100000,C,1,29909
104143479,450025,2015-04-12,2016-04-12,528,250000,89900,A09,1,29920
104143493,450025,2015-01-04,2016-01-04,390,200000,80000,C,1,29907
104143535,450170,2015-10-16,2016-10-16,1316,78500,0,AE,1,29210
104143554,455417,2015-08-26,2016-08-26,577,250000,15000,AE,1,29464
104143563,450025,2015-08-28,2016-08-28,430,250000,100000,X,1,29926
104143573,450104,2015-07-16,2016-07-16,516,0,100000,X,2,29566
104143575,450025,2015-07-05,2016-07-05,512,250000,100000,A10,1,29920
104143591,455416,2015-07-03,2016-07-03,760,250000,100000,X,1,29451
104143599,455413,2015-06-19,2016-06-19,676,250000,93100,A16,1,29455
104143613,455415,2015-11-30,2016-11-30,1641,237800,0,A07,1,29439
104143681,455412,2015-03-25,2016-03-25,309,250000,0,AE,1,29492
104143687,450109,2015-07-01,2016-07-01,3750,441000,0,AE,3,29572
104143737,455412,2015-08-13,2016-08-13,678,250000,100000,AE,2,29401
104143749,455412,2015-03-18,2016-03-18,468,250000,100000,AE,1,29492
104143761,455417,2015-02-05,2016-02-05,414,250000,100000,X,1,29466
104143773,450109,2015-01-20,2016-01-20,16824,24819000,0,X,3,29577
104143790,455417,2015-09-22,2016-09-22,430,250000,100000,X,1,29464
104143835,455412,2015-12-28,2016-12-28,2023,120000,15000,AE,1,29412
104143845,450109,2015-07-21,2016-07-21,655,250000,100000,X,1,29575
104143849,450111,2015-06-15,2016-06-15,922,151300,44100,AE,2,29575
104143881,455417,2015-03-30,2016-03-30,448,250000,100000,AE,1,29466
104143888,455413,2015-09-21,2016-09-21,452,250000,100000,AE,1,29412
104143957,450176,2015-12-28,2016-12-28,405,200000,80000,X,1,29323
104144049,450025,2015-05-08,2016-05-08,507,250000,100000,A10,1,29907
104144078,455412,2015-12-17,2016-12-17,430,250000,100000,X,1,29412
104144079,450028,2015-04-12,2016-04-12,399,102900,33100,A08,1,29935
104144081,455413,2015-05-15,2016-05-15,848,183300,33100,AE,2,29412
104144104,455412,2015-06-06,2016-06-06,1073,134000,18800,AE,1,29412
104144105,450250,2015-07-01,2016-07-01,1021,50000,15000,A07,4,29928
104144157,450104,2015-05-31,2016-05-31,371,150000,60000,X,1,29575
104144159,455412,2015-04-16,2016-04-16,655,250000,100000,X,1,29455
104144176,455413,2015-03-29,2016-03-29,332,250000,42200,AE,1,29438
104144207,450029,2015-04-08,2016-04-08,632,250000,100000,AE,1,29461
104144214,450104,2015-08-21,2016-08-21,477,200000,50000,AE,1,29588
104144308,455412,2015-02-17,2016-02-17,1756,219000,0,AE,1,29412
104144309,450025,2015-05-27,2016-05-27,501,250000,100000,X,1,29910
104144339,455413,2015-09-03,2016-09-03,452,250000,100000,AE,1,29414
104144343,455412,2015-07-08,2016-07-08,553,100000,40000,X,1,29412
104144360,455417,2015-04-11,2016-04-11,477,250000,100000,X,1,29464
104144406,450025,2015-01-18,2016-01-18,218,0,85600,X,3,29926
104144419,450025,2015-03-07,2016-03-07,414,250000,100000,C,1,29907
104144457,450025,2015-03-30,2016-03-30,443,250000,100000,A11,1,29940
104144467,450111,2015-03-07,2016-03-07,493,250000,78800,AE,1,29575
104144508,450085,2015-08-10,2016-08-10,4682,500000,134600,X,6,29440
104144509,450025,2015-05-31,2016-05-31,1274,250000,100000,AE,1,29920
104144512,455413,2015-07-14,2016-07-14,669,177100,67000,AE,1,29414
104144530,455412,2015-05-19,2016-05-19,430,250000,100000,X,1,29455
104144566,450025,2015-03-01,2016-03-01,414,250000,100000,X,1,29910
104144567,450104,2015-12-31,2016-12-31,430,250000,100000,X,1,29579
104144616,450110,2015-08-30,2016-08-30,344,125000,50000,X,3,29572
104144654,455412,2015-06-24,2016-06-24,785,240600,100000,AE,1,29412
104144660,450250,2015-09-08,2016-09-08,683,250000,100000,A07,1,29926
104144661,450104,2015-07-28,2016-07-28,399,250000,0,AE,1,29572
104144662,455412,2015-11-25,2016-11-25,500,250000,38300,AE,1,29412
104144754,450085,2015-05-08,2016-05-08,430,250000,100000,X,1,29585
104144757,450068,2015-07-06,2016-07-06,477,250000,100000,X,1,29485
104144769,450250,2015-08-28,2016-08-28,430,250000,100000,X,1,29926
104144774,455412,2015-04-08,2016-04-08,430,250000,100000,X,1,29455
104144798,450104,2015-10-21,2016-10-21,591,150000,60000,X,1,29588
104144809,450104,2015-04-20,2016-04-20,349,125000,50000,X,1,29579
104144833,450025,2015-08-20,2016-08-20,609,250000,11100,A11,1,29907
104144861,455417,2015-08-30,2016-08-30,406,250000,100000,AE,1,29466
104144873,450025,2015-07-17,2016-07-17,506,250000,100000,A08,1,29906
104144884,450068,2015-08-16,2016-08-16,430,250000,100000,X,1,29483
104144888,450025,2015-09-30,2016-09-30,481,250000,70400,A04,1,29909
104144920,450030,2015-10-30,2016-10-30,885,200300,55100,AE,1,29410
104144965,450250,2015-05-19,2016-05-19,1371,250000,50000,AE,1,29928
104144974,450025,2015-06-26,2016-06-26,430,250000,100000,B,1,29909
104145039,450042,2015-02-01,2016-02-01,468,250000,100000,A13,1,29418
104145046,450002,2015-12-27,2016-12-27,391,250000,100,AE,1,29831
104145048,450025,2015-03-19,2016-03-19,1731,250000,100000,C,1,29909
104145106,450025,2015-01-31,2016-01-31,414,250000,100000,C,1,29910
104145144,455416,2015-11-30,2016-11-30,2772,250000,100000,AE,1,29451
104145194,450025,2015-04-26,2016-04-26,430,250000,100000,X,1,29909
104145212,455414,2015-05-08,2016-05-08,471,250000,60800,AE,1,29438
104145230,450025,2015-03-14,2016-03-14,297,250000,0,A08,1,29909
104145250,450068,2015-01-23,2016-01-23,490,250000,52500,AE,1,29485
104145251,450025,2015-07-30,2016-07-30,405,200000,80000,X,1,29909
104145313,455412,2015-02-26,2016-02-26,362,250000,0,AE,1,29492
104145389,450029,2015-05-02,2016-05-02,405,200000,80000,X,1,29492
104145393,450076,2015-12-30,2018-12-04,600,34900,0,,1,29555
104145401,450250,2015-07-18,2016-07-18,325,0,89500,AE,1,29928
104145421,450104,2015-05-04,2016-05-04,371,150000,60000,X,1,29527
104145433,455412,2015-04-29,2016-04-29,3671,407000,0,AE,3,29412
104145451,455416,2015-06-15,2016-06-15,3630,250000,30000,VE,1,29451
104145491,450110,2015-03-28,2016-03-28,414,250000,100000,X,1,29582
104145498,450068,2015-07-05,2016-07-05,765,250000,100000,AE,1,29485
104145543,455417,2015-10-30,2016-10-30,509,250000,100000,AE,1,29466
104145545,450085,2015-08-19,2016-08-19,4717,250000,69500,AE,1,29585
104145586,455417,2015-10-30,2016-10-30,430,250000,100000,X,1,29464
104145630,450104,2015-07-25,2016-07-25,430,250000,100000,X,1,29575
104145701,450104,2015-02-07,2016-02-07,2489,500000,0,X,6,29577
104145750,450056,2015-06-15,2016-06-15,426,6400,0,AE,4,29945
104145753,450068,2015-03-18,2016-03-18,343,93500,36800,AE,1,29483
104145785,455413,2015-01-16,2016-01-16,812,130000,0,X,1,29412
104145825,450255,2015-07-31,2016-07-31,5579,250000,25000,VE,1,29585
104145835,450025,2015-01-15,2016-01-15,240,50000,20000,C,1,29920
104145867,455412,2015-03-18,2016-03-18,468,250000,100000,AE,1,29412
104145873,455412,2015-08-16,2016-08-16,430,250000,100000,X,1,29412
104145894,450186,2015-12-05,2016-12-05,228,30000,12000,X,1,29379
104145937,455416,2015-06-25,2016-06-25,3515,250000,20200,AE,1,29451
104145943,450028,2015-11-25,2016-11-25,724,191200,0,A08,1,29935
104145955,455417,2015-12-08,2016-12-08,522,250000,58200,AE,1,29464
104145957,450250,2015-08-05,2016-08-05,2054,250000,100000,AE,1,29928
104145972,450104,2015-09-06,2016-09-06,371,150000,60000,X,1,29579
104146000,455412,2015-07-27,2016-07-27,394,250000,58200,AE,1,29412
104146030,450111,2015-07-31,2016-07-31,430,250000,100000,X,1,29575
104146061,455412,2015-06-28,2016-06-28,893,250000,0,AE,1,29492
104146077,455417,2015-08-28,2016-08-28,430,250000,100000,X,1,29464
104146096,455412,2015-03-25,2016-03-25,309,250000,0,AE,1,29492
104146137,450251,2015-07-08,2016-07-08,2311,500000,150000,X,6,29910
104146148,450250,2015-09-17,2016-09-17,822,250000,57900,A07,1,29928
104146165,450250,2015-01-30,2016-01-30,1273,250000,100000,A07,1,29926
104146226,455417,2015-11-14,2016-11-14,762,180000,5000,AE,1,29466
104146269,455412,2015-04-23,2016-04-23,1312,250000,0,AE,1,29412
104146331,455413,2015-04-28,2016-04-28,452,250000,100000,AE,1,29429
104146337,455416,2015-07-28,2016-07-28,4324,250000,100000,AE,1,29451
104146350,455412,2015-12-21,2016-12-21,1055,302500,0,A13,3,29414
104146365,455417,2015-09-27,2016-09-27,436,250000,77100,AE,1,29464
104146378,450250,2015-11-10,2016-11-10,2158,500000,100000,X,6,29926
104146411,450085,2015-12-04,2016-12-04,598,150000,60000,X,1,29585
104146416,450250,2015-10-31,2016-10-31,1268,60000,100000,A07,1,29926
104146418,450087,2015-09-18,2016-09-18,9064,500000,105000,AE,6,29440
104146583,450025,2015-09-10,2016-09-10,738,250000,100000,A06,1,29910
104146616,450104,2015-01-02,2016-01-02,414,250000,100000,X,1,29566
104146693,455417,2015-02-27,2016-02-27,379,250000,83300,AE,1,29464
104146706,455416,2015-02-28,2016-02-28,3502,250000,0,V13,1,29451
104146717,450257,2015-12-26,2016-12-26,1499,250000,100000,AE,1,29455
104146768,450250,2015-11-20,2016-11-20,655,250000,100000,C,1,29928
104146785,455412,2015-08-14,2016-08-14,3007,250000,0,VE,1,29407
104146811,455417,2015-11-16,2016-11-16,724,250000,100000,AE,1,29464
104146830,450250,2015-06-20,2016-06-20,655,250000,100000,C,1,29926
104146831,450250,2015-02-17,2016-02-17,418,250000,100000,A07,1,29928
104146939,455412,2015-07-25,2016-07-25,505,250000,100000,AE,1,29414
104146942,450025,2015-07-16,2016-07-16,506,250000,100000,AE,1,29920
104147046,450104,2015-12-30,2016-12-30,596,150000,60000,X,1,29576
104147057,450170,2015-06-18,2016-06-18,677,250000,99600,A02,1,29206
104147093,455412,2015-12-14,2016-12-14,5390,250000,55100,VE,1,29492
104147117,450112,2015-04-23,2016-04-23,430,250000,100000,C,1,29927
104147149,455417,2015-11-19,2016-11-19,1874,250000,25000,AE,1,29464
104147157,450182,2015-07-01,2016-07-01,924,500000,0,AE,4,29150
104147291,450104,2015-09-07,2016-09-07,940,250000,26300,AE,1,29582
104147294,450085,2015-07-24,2016-07-24,430,250000,100000,X,1,29585
104147328,455412,2015-07-04,2016-07-04,3029,500000,0,X,6,29403
104147339,455412,2015-06-29,2016-06-29,1355,0,500000,X,6,29492
104147391,450104,2015-06-24,2016-06-24,821,250000,78800,AE,1,29588
104147395,455417,2015-12-20,2016-12-20,495,250000,60800,AE,1,29466
104147401,450025,2015-01-28,2016-01-28,414,250000,100000,X,1,29909
104147402,450025,2015-12-29,2016-12-29,326,10000,0,AE,4,29920
104147408,455413,2015-08-16,2016-08-16,643,250000,100000,AE,1,29412
104147412,450257,2015-09-26,2016-09-26,949,250000,100000,AE,1,29455
104147446,450085,2015-11-02,2016-11-02,328,100000,40000,X,1,29585
104147448,455413,2015-04-11,2016-04-11,675,41300,0,A07,6,29412
104147460,450025,2015-02-22,2016-02-22,1063,100000,10000,A08,1,29910
104147473,450025,2015-08-11,2016-08-11,507,250000,100000,A09,1,29910
104147491,450089,2015-05-27,2016-05-27,872,182000,0,AE,1,29687
104147492,455413,2015-06-27,2016-06-27,1432,250000,100000,A12,1,29455
104147527,455416,2015-09-26,2016-09-26,1038,250000,100000,AE,1,29451
104147553,450025,2015-10-29,2016-10-29,343,250000,0,X,1,29940
104147560,455417,2015-06-24,2016-06-24,672,250000,0,AE,6,29466
104147586,455412,2015-09-13,2016-09-13,313,250000,0,AE,1,29455
104147595,455412,2015-08-06,2016-08-06,569,250000,100000,AE,1,29492
104147597,450110,2015-05-10,2016-05-10,430,250000,100000,X,1,29582
104147608,455417,2015-06-11,2016-06-11,732,250000,100000,AE,1,29466
104147623,455414,2015-06-15,2016-06-15,4672,250000,53600,VE,1,29438
104147645,450112,2015-01-14,2016-01-14,414,250000,100000,X,1,29927
104147646,450110,2015-09-26,2016-09-26,732,250000,100000,AE,1,29582
104147650,450110,2015-04-14,2016-04-14,430,250000,100000,X,1,29582
104147651,455412,2015-09-30,2016-09-30,708,250000,50000,AE,1,29412
104147680,450250,2015-06-26,2016-06-26,430,250000,100000,C,1,29926
104147703,455412,2015-04-09,2016-04-09,405,200000,80000,X,1,29414
104147714,450068,2015-12-15,2016-12-15,831,173000,0,AE,1,29420
104147750,455416,2015-02-28,2016-02-28,3502,250000,0,V13,1,29451
104147785,450232,2015-07-29,2016-07-29,430,250000,100000,X,1,29572
104147813,455412,2015-06-06,2016-06-06,1103,250000,0,AE,1,29407
104147838,450104,2015-07-06,2016-07-06,430,250000,100000,X,1,29566
104147865,450029,2015-05-11,2016-05-11,448,250000,25000,AE,1,29492
104147867,455413,2015-07-23,2016-07-23,496,250000,48900,AE,1,29414
104147890,455417,2015-01-29,2016-01-29,293,250000,0,AE,1,29466
104147920,455412,2015-09-06,2016-09-06,161,0,20000,X,1,29455
104147926,450257,2015-06-09,2016-06-09,730,250000,100000,AE,1,29455
104147933,455412,2015-01-08,2016-01-08,468,250000,100000,AE,1,29492
104148018,455417,2015-06-15,2016-06-15,1061,250000,100000,AE,1,29464
104148076,455415,2015-08-19,2016-08-19,540,250000,100000,AE,1,29439
104148087,455412,2015-09-22,2016-09-22,430,250000,100000,X,1,29407
104148152,455413,2015-05-18,2016-05-18,412,184900,69600,AE,1,29407
104148157,450029,2015-01-03,2016-01-03,493,250000,100000,AE,1,29492
104148168,450111,2015-09-11,2016-09-11,589,250000,100000,AE,1,29575
104148169,455416,2015-02-06,2016-02-06,2382,250000,0,AE,1,29451
104148239,450104,2015-08-10,2016-08-10,430,250000,100000,X,1,29566
104148269,450250,2015-09-06,2016-09-06,430,250000,100000,X,1,29928
104148277,450028,2015-04-06,2016-04-06,689,150000,50000,A09,1,29902
104148281,450085,2015-09-12,2016-09-12,430,250000,100000,X,1,29585
104148305,450111,2015-06-25,2016-06-25,885,250000,100000,AE,1,29575
104148347,455412,2015-09-29,2016-09-29,624,250000,52500,AE,1,29412
104148416,455417,2015-06-29,2016-06-29,430,250000,100000,X,1,29464
104148431,450104,2015-12-29,2016-12-29,430,250000,100000,X,1,29576
104148432,450085,2015-07-20,2016-07-20,538,215600,0,AE,1,29585
104148492,450089,2015-09-19,2016-09-19,1982,250000,4800,X,1,29681
104148494,450085,2015-07-25,2016-07-25,8268,250000,100000,VE,1,29576
104148514,450257,2015-09-29,2016-09-29,764,250000,100000,A08,1,29455
104148542,450025,2015-04-06,2016-04-06,603,250000,100000,A04,1,29910
104148543,455413,2015-11-21,2016-11-21,4055,2500000,0,A06,3,29455
104148566,450250,2015-07-25,2016-07-25,5365,1500000,0,A15,3,29938
104148595,455413,2015-11-25,2016-11-25,4721,250000,100000,VE,1,29407
104148621,450250,2015-06-27,2016-06-27,1304,250000,17600,A07,1,29928
104148644,450085,2015-02-21,2016-02-21,2630,250000,100000,AE,1,29576
104148661,455417,2015-08-09,2016-08-09,452,250000,100000,AE,1,29466
104148670,450025,2015-08-28,2016-08-28,1943,250000,97200,C,1,29906
104148677,455412,2015-05-06,2016-05-06,2042,200000,25000,AE,1,29403
104148702,455412,2015-08-19,2016-08-19,604,250000,100000,AE,1,29412
104148718,450085,2015-10-01,2016-10-01,1246,163400,0,X,1,29585
104148726,455413,2015-06-25,2016-06-25,431,250000,100000,AE,1,29412
104148728,450250,2015-06-10,2016-06-10,2531,250000,100000,A07,1,29928
104148734,450104,2015-10-19,2016-10-19,430,250000,100000,X,1,29579
104148735,455417,2015-07-31,2016-07-31,507,250000,100000,AE,1,29464
104148737,450250,2015-12-16,2016-12-16,430,250000,100000,B,1,29926
104148753,455413,2015-01-15,2016-01-15,433,250000,100000,A09,1,29466
104148809,450250,2015-08-18,2016-08-18,2577,1245100,0,A16,3,29928
104148812,450250,2015-03-13,2016-03-13,933,0,100000,X,3,29926
104148831,450256,2015-02-28,2016-02-28,357,250000,57900,AE,1,29455
104148832,450109,2015-07-26,2016-07-26,301,75000,30000,X,1,29577
104148833,450089,2015-11-10,2016-11-10,287,50000,20000,X,1,29615
104148856,450092,2015-11-26,2016-11-26,518,250000,100000,AE,1,29681
104148857,450056,2015-03-26,2016-03-26,385,188000,10000,AE,1,29438
104148920,450250,2015-07-08,2016-07-08,1615,250000,100000,A07,1,29928
104148929,450250,2015-03-29,2016-03-29,1346,250000,100000,AE,1,29928
104149004,450089,2015-10-15,2016-10-15,430,250000,100000,X,1,29687
104149005,455417,2015-01-29,2016-01-29,916,250000,0,AE,1,29464
104149045,450007,2015-10-23,2016-10-23,1063,60000,0,AE,1,29841
104149062,455412,2015-07-16,2016-07-16,423,250000,0,AE,1,29414
104149077,455413,2015-09-28,2016-09-28,967,250000,100000,AE,1,29457
104149102,450068,2015-11-20,2016-11-20,405,200000,80000,X,1,29472
104149140,450250,2015-10-01,2016-10-01,1529,250000,100000,AE,1,29928
104149153,450176,2015-04-27,2016-04-27,444,200000,80000,C,1,29307
104149171,450250,2015-04-25,2016-04-25,2441,1668800,0,AE,3,29928
104149176,450025,2015-09-28,2016-09-28,430,250000,100000,C,1,29909
104149183,450025,2015-10-22,2016-10-22,301,75000,30000,X,1,29906
104149186,450109,2015-09-02,2016-09-02,349,125000,50000,X,1,29577
104149197,450250,2015-08-18,2016-08-18,1424,250000,100000,AE,1,29928
104149242,450068,2015-09-28,2016-09-28,430,250000,100000,X,1,29485
104149255,455412,2015-08-18,2016-08-18,632,167800,44400,A13,1,29407
104149277,455413,2015-06-16,2016-06-16,821,250000,50000,AE,1,29414
104149282,450256,2015-07-15,2016-07-15,893,250000,47600,A15,1,29455
104149302,450104,2015-01-13,2016-01-13,600,462000,0,AE,2,29572
104149463,455417,2015-03-30,2016-03-30,483,250000,100000,AE,1,29464
104149472,450104,2015-10-18,2016-10-18,655,250000,100000,X,1,29576
104149496,455412,2015-02-26,2016-02-26,428,250000,57900,AE,1,29492
104149501,450025,2015-05-02,2016-05-02,738,250000,100000,AE,1,29920
104149503,455413,2015-06-05,2016-06-05,1403,200000,0,AE,1,29412
104149570,450085,2015-05-08,2016-05-08,477,250000,100000,AE,1,29440
104149581,455416,2015-04-25,2016-04-25,850,250000,83300,AE,1,29451
104149599,455413,2015-05-10,2016-05-10,430,250000,100000,X,1,29466
104149619,450251,2015-12-09,2016-12-09,655,250000,100000,X,1,29910
104149638,450085,2015-03-28,2016-03-28,235,50000,20000,X,1,29585
104149645,455412,2015-07-28,2016-07-28,2925,500000,440000,X,4,29403
104149655,450250,2015-06-23,2016-06-23,2738,250000,30500,AE,1,29928
104149659,455413,2015-04-07,2016-04-07,533,250000,0,AE,1,29466
104149793,450042,2015-02-25,2016-02-25,343,250000,11000,AE,1,29485
104149801,450104,2015-10-29,2016-10-29,430,250000,100000,X,1,29526
104149936,455417,2015-09-17,2016-09-17,452,250000,100000,AE,1,29466
104149974,450073,2015-08-28,2016-08-28,876,500000,0,AE,6,29483
104149984,450042,2015-08-30,2016-08-30,765,46200,0,AE,3,29405
104150036,450068,2015-12-23,2016-12-23,405,200000,80000,X,1,29483
104150043,450110,2015-07-10,2016-07-10,1398,73300,12200,AE,1,29582
104150071,450085,2015-07-21,2016-07-21,712,250000,0,AE,1,29576
104150076,455412,2015-08-15,2016-08-15,314,190000,0,AE,1,29455
104150126,450111,2015-10-30,2016-10-30,800,250000,33100,AE,1,29575
104150127,450250,2015-08-03,2016-08-03,917,0,220500,A07,6,29928
104150140,455412,2015-10-24,2016-10-24,450,250000,100000,X,1,29492
104150153,455417,2015-05-27,2016-05-27,5415,250000,100000,AE,1,29464
104150185,450251,2015-09-19,2016-09-19,430,250000,100000,X,1,29910
104150206,450068,2015-11-12,2016-11-12,643,209300,0,AE,1,29420
104150209,450109,2015-04-25,2016-04-25,430,250000,100000,X,1,29577
104150212,450110,2015-09-18,2016-09-18,748,250000,100000,AE,1,29582
104150217,455412,2015-07-02,2016-07-02,430,250000,100000,X,1,29407
104150220,450068,2015-09-26,2016-09-26,3441,670000,0,X,2,29418
104150225,455413,2015-06-22,2016-06-22,1890,161000,0,AE,1,29414
104150320,450085,2015-11-11,2016-11-11,349,125000,50000,X,1,29510
104150362,450224,2015-04-20,2016-04-20,2820,181600,0,AE,1,29127
104150384,450110,2015-10-14,2016-10-14,430,250000,100000,X,1,29582
104150387,455417,2015-09-15,2016-09-15,627,250000,0,AE,1,29466
104150413,455417,2015-08-05,2016-08-05,523,250000,100000,X,1,29466
104150488,450085,2015-06-24,2016-06-24,3160,250000,10000,AE,1,29576
104150493,450104,2015-08-14,2016-08-14,654,184000,99500,AE,1,29579
104150531,450110,2015-07-11,2016-07-11,2764,117200,36500,AE,1,29582
104150551,455412,2015-08-19,2016-08-19,701,250000,100000,AE,1,29403
104150566,455417,2015-08-04,2016-08-04,430,250000,100000,X,1,29464
104150575,450104,2015-08-31,2016-08-31,405,200000,80000,X,1,29566
104150581,450104,2015-03-27,2016-03-27,570,180000,100000,AE,1,29588
104150624,450176,2015-08-18,2016-08-18,695,250000,100000,C,1,29316
104150627,450109,2015-10-24,2016-10-24,405,200000,80000,X,1,29577
104150640,450250,2015-06-08,2016-06-08,1324,228100,26900,A07,1,29928
104150683,450029,2015-04-25,2016-04-25,630,200000,80000,X,1,29492
104150693,455413,2015-11-18,2016-11-18,1957,250000,100000,X,1,29455
104150694,455417,2015-02-27,2016-02-27,1079,250000,50000,AE,1,29464
104150714,450104,2015-03-19,2016-03-19,193,60000,0,AE,1,29576
104150754,455412,2015-06-25,2016-06-25,1599,250000,0,AE,1,29407
104150768,455416,2015-09-17,2016-09-17,1052,250000,0,AE,1,29451
104150781,450025,2015-04-02,2016-04-02,738,250000,100000,A09,1,29910
104150789,450025,2015-11-09,2016-11-09,8957,200000,0,V09,1,29920
104150802,450025,2015-10-02,2016-10-02,430,250000,100000,C,1,29907
104150815,450110,2015-01-04,2016-01-04,356,150000,60000,X,1,29582
104179255,455414,2015-05-07,2016-05-07,1227,352000,0,AE,2,29438
104179256,450257,2015-09-01,2016-09-01,726,250000,100000,AE,1,29455
104179273,450001,2015-09-11,2016-09-11,655,250000,100000,X,1,29620
104179327,450251,2015-04-18,2016-04-18,430,250000,100000,X,1,29910
104179337,450085,2015-11-03,2016-11-03,3830,200000,30000,AE,1,29585
104179343,450250,2015-08-28,2016-08-28,607,0,22100,A07,1,29928
104179427,450025,2015-02-23,2016-02-23,414,250000,100000,C,1,29906
104179442,455412,2015-07-29,2016-07-29,430,250000,100000,X,1,29492
104179479,450085,2015-06-20,2016-06-20,760,250000,77600,AE,1,29576
104179484,450109,2015-09-30,2016-09-30,655,250000,100000,X,1,29572
104179508,450104,2015-02-26,2016-02-26,1109,99900,14100,AE,1,29575
104179533,455412,2015-12-31,2016-12-31,384,250000,100000,AE,1,29492
104179568,450025,2015-08-28,2016-08-28,695,250000,10000,A09,1,29910
104179581,450104,2015-04-21,2016-04-21,2007,169500,0,VE,1,29576
104179612,455412,2015-06-17,2016-06-17,2084,215000,0,AE,1,29403
104179620,455412,2015-07-27,2016-07-27,660,214000,11400,AE,2,29412
104179637,455412,2015-03-24,2016-03-24,430,214300,86800,AE,1,29414
104179660,455417,2015-12-04,2016-12-04,572,250000,0,AE,1,29466
104179670,450250,2015-08-26,2016-08-26,1199,250000,100000,A07,1,29928
104179679,450104,2015-08-14,2016-08-14,430,250000,100000,X,1,29576
104179695,450250,2015-03-01,2016-03-01,2728,1000000,0,A07,2,29925
104179699,455417,2015-01-25,2016-01-25,884,250000,100000,AE,1,29464
104179749,450091,2015-11-04,2016-11-04,371,150000,60000,X,1,29607
104179756,455417,2015-05-15,2016-05-15,439,250000,100000,AE,1,29466
104179763,450256,2015-02-24,2016-02-24,393,250000,100000,AE,1,29455
104179785,450251,2015-01-05,2016-01-05,414,250000,100000,X,1,29910
104179899,450104,2015-03-31,2016-03-31,129,20000,8000,X,1,29575
104179926,455417,2015-09-01,2016-09-01,786,250000,53800,A08,1,29464
104179946,450146,2015-04-02,2016-04-02,990,250000,100000,A,1,29512
104180005,450025,2015-11-25,2016-11-25,1627,250000,100000,AE,1,29920
104180031,450113,2015-07-11,2016-07-11,430,250000,100000,X,1,29909
104180039,450085,2015-05-28,2016-05-28,435,6700,17400,X,3,29585
104180044,455412,2015-01-19,2016-01-19,468,250000,100000,AE,1,29412
104180045,450104,2015-11-25,2016-11-25,430,250000,100000,X,1,29576
104180054,450104,2015-08-01,2016-08-01,430,250000,100000,X,1,29577
104180213,455417,2015-05-14,2016-05-14,479,250000,73900,A02,1,29464
104180214,455416,2015-05-31,2016-05-31,760,250000,100000,AE,1,29451
104180218,450087,2015-10-14,2016-10-14,655,250000,100000,X,1,29440
104180240,450104,2015-04-04,2016-04-04,916,49000,5000,AE,1,29575
104180276,455412,2015-04-22,2016-04-22,797,191000,72100,X,1,29407
104180285,450068,2015-06-03,2016-06-03,655,250000,100000,X,1,29485
104180288,455412,2015-05-17,2016-05-17,3502,250000,100000,AE,1,29407
104180295,450025,2015-12-12,2016-12-12,1248,250000,100000,A16,1,29926
104180332,455412,2015-07-24,2016-07-24,706,250000,100000,AE,1,29414
104180344,455417,2015-11-04,2016-11-04,452,250000,100000,AE,1,29464
104180353,450025,2015-05-21,2016-05-21,430,250000,100000,X,1,29910
104180377,450129,2015-10-02,2016-10-02,673,195800,0,AE,1,29212
104180383,450129,2015-10-25,2016-10-25,545,115800,64200,A,1,29172
104180425,455417,2015-02-10,2016-02-10,385,250000,40500,AE,1,29464
104180454,450068,2015-07-30,2016-07-30,774,250000,0,AE,1,29485
104180526,450025,2015-09-04,2016-09-04,430,250000,100000,X,1,29909
104180586,450040,2015-04-11,2016-04-11,738,250000,100000,AE,1,29449
104180613,450250,2015-09-03,2016-09-03,1336,250000,100000,A07,1,29926
104180621,455412,2015-12-23,2016-12-23,507,250000,100000,AE,1,29492
104180638,450104,2015-05-19,2016-05-19,808,133100,0,AE,1,29576
104180652,455412,2015-08-05,2016-08-05,1826,250000,0,AE,1,29407
104180655,450025,2015-04-26,2016-04-26,450,120000,5000,A04,1,29909
104180733,450028,2015-11-07,2016-11-07,574,125000,50000,B,1,29935
104180802,455412,2015-06-10,2016-06-10,598,250000,100000,AE,1,29492
104180822,450257,2015-03-07,2016-03-07,354,250000,100000,AE,1,29455
104180902,455417,2015-11-13,2016-11-13,576,151000,22100,AE,2,29466
104180937,450104,2015-08-10,2016-08-10,430,250000,100000,X,1,29576
104180951,450026,2015-04-06,2016-04-06,430,250000,100000,X,1,29902
104181001,455412,2015-06-07,2016-06-07,255,0,38300,AE,2,29492
104181017,450104,2015-03-07,2016-03-07,390,200000,80000,X,1,29576
104181036,450025,2015-02-06,2016-02-06,414,250000,100000,C,1,29910
104181076,455413,2015-11-15,2016-11-15,452,250000,100000,AE,1,29483
104181077,455412,2015-01-29,2016-01-29,3789,4190900,0,A05,3,29455
104181080,450250,2015-10-04,2016-10-04,648,0,63000,A15,6,29928
104181085,450110,2015-05-10,2016-05-10,818,0,29800,AE,6,29582
104181131,455416,2015-06-25,2016-06-25,618,193100,12400,A13,1,29451
104181134,455412,2015-12-12,2016-12-12,3031,258000,0,AE,3,29403
104181185,450256,2015-11-13,2016-11-13,635,250000,100000,AE,1,29455
104181187,455412,2015-08-02,2016-08-02,430,250000,100000,AE,1,29407
104181200,450110,2015-09-05,2016-09-05,655,250000,100000,X,1,29582
104181267,450025,2015-06-07,2016-06-07,1565,239800,0,AE,1,29920
104181303,450025,2015-04-11,2016-04-11,521,88800,0,A09,1,29920
104181324,455412,2015-11-12,2016-11-12,422,12000,60000,AE,1,29492
104181432,450257,2015-05-16,2016-05-16,677,250000,100000,AE,1,29455
104181476,455414,2015-07-19,2016-07-19,4785,250000,23000,VE,1,29438
104181545,455413,2015-06-20,2016-06-20,1195,90800,82700,A15,1,29439
104181581,450068,2015-03-13,2016-03-13,960,250000,100000,AE,1,29483
104181641,450025,2015-01-30,2016-01-30,542,250000,100000,A08,1,29910
104181642,450025,2015-05-17,2016-05-17,430,250000,100000,X,1,29909
104181658,455417,2015-04-27,2016-04-27,164,0,30500,AE,3,29464
104181695,455413,2015-09-16,2016-09-16,430,250000,100000,X,1,29412
104181705,455413,2015-01-10,2016-01-10,3512,250000,19800,V08,1,29412
104181708,450109,2015-06-02,2016-06-02,5537,2420000,21200,AE,3,29572
104181715,455417,2015-01-18,2016-01-18,682,100000,0,AE,2,29464
104181729,450085,2015-04-20,2016-04-20,371,150000,60000,X,1,29576
104181734,450110,2015-03-12,2016-03-12,356,150000,60000,X,1,29582
104181786,455413,2015-01-14,2016-01-14,971,250000,75100,A02,1,29464
104181787,450104,2015-11-18,2016-11-18,371,150000,60000,X,1,29526
104181858,450250,2015-08-27,2016-08-27,1693,250000,40200,A07,1,29928
104181865,450085,2015-12-12,2016-12-12,959,250000,39000,VE,1,29576
104181914,455412,2015-03-07,2016-03-07,445,250000,100000,AE,1,29492
104181919,450257,2015-09-30,2016-09-30,732,250000,100000,AE,1,29455
104181921,450256,2015-02-08,2016-02-08,550,250000,100000,AE,1,29455
104182018,450025,2015-11-26,2016-11-26,507,250000,100000,X,1,29907
104182020,450169,2015-11-16,2016-11-16,405,200000,80000,X,1,29671
104182030,455417,2015-08-07,2016-08-07,573,250000,100000,AE,1,29466
104182043,450257,2015-07-29,2016-07-29,715,250000,100000,AE,1,29455
104182052,450029,2015-03-30,2016-03-30,924,250000,60800,AE,1,29492
104182072,455412,2015-11-24,2016-11-24,946,182500,48600,AE,1,29412
104182112,450104,2015-07-23,2016-07-23,162,20000,8000,X,1,29575
104182145,450250,2015-03-31,2016-03-31,204,0,50000,A07,3,29928
104182160,450042,2015-05-10,2016-05-10,558,100000,40000,X,1,29405
104182184,450025,2015-07-26,2016-07-26,430,250000,100000,C,1,29909
104182212,455413,2015-08-25,2016-08-25,522,250000,0,AE,1,29455
104182298,450256,2015-07-31,2016-07-31,7378,250000,100000,AE,1,29455
104182342,450104,2015-07-13,2016-07-13,430,250000,100000,X,1,29575
104182368,455412,2015-11-12,2016-11-12,405,200000,80000,X,1,29414
104182372,455417,2015-03-28,2016-03-28,443,250000,100000,AE,1,29466
104182374,450104,2015-03-14,2016-03-14,414,250000,100000,X,1,29576
104182380,450170,2015-11-28,2016-11-28,245,100000,40000,X,1,29209
104182437,450250,2015-06-08,2016-06-08,1006,500000,0,X,2,29928
104182463,450025,2015-04-19,2016-04-19,726,250000,95700,AE,1,29920
104182508,455412,2015-06-30,2016-06-30,1350,250000,100000,AE,1,29407
104182517,450250,2015-07-05,2016-07-05,462,250000,100000,AE,1,29928
104182581,450104,2015-06-02,2016-06-02,544,234000,100000,AE,1,29576
104182595,450091,2015-09-29,2016-09-29,3607,282600,0,AE,6,29601
104182641,455412,2015-01-09,2016-01-09,463,180000,50000,AE,1,29414
104182646,450104,2015-04-06,2016-04-06,655,250000,100000,X,1,29576
104182695,450025,2015-11-13,2016-11-13,430,250000,100000,C,1,29910
104182723,450250,2015-06-15,2016-06-15,1221,705800,0,AE,2,29928
104182790,455413,2015-09-10,2016-09-10,431,250000,100000,AE,1,29429
104182815,455414,2015-08-22,2016-08-22,6534,215000,30000,AE,1,29438
104182897,450026,2015-09-03,2016-09-03,430,250000,100000,B,1,29902
104182915,450104,2015-06-28,2016-06-28,371,150000,60000,X,1,29566
104182917,450104,2015-08-18,2016-08-18,162,20000,8000,X,1,29575
104182981,455412,2015-11-05,2016-11-05,627,250000,0,AE,2,29412
104182993,450250,2015-04-01,2016-04-01,3052,250000,100000,X,1,29928
104183018,450085,2015-08-16,2016-08-16,965,250000,50000,AE,1,29585
104183035,450109,2015-06-15,2016-06-15,9629,532400,0,VE,2,29575
104183050,450025,2015-09-06,2016-09-06,1060,215400,9700,A09,1,29906
104183056,450029,2015-08-18,2016-08-18,430,250000,100000,X,1,29445
104183058,450104,2015-03-06,2016-03-06,356,150000,60000,X,1,29588
104183062,455412,2015-09-25,2016-09-25,7144,500000,500000,B,4,29403
104183105,450104,2015-01-05,2016-01-05,926,150000,40000,AE,1,29575
104183190,450250,2015-12-06,2016-12-06,683,250000,100000,A07,1,29928
104183191,455413,2015-11-14,2016-11-14,677,250000,100000,A05,1,29455
104183233,450250,2015-02-25,2016-02-25,414,250000,100000,C,1,29926
104183235,455413,2015-02-13,2016-02-13,1970,250000,0,AE,1,29414
104183242,450042,2015-02-06,2016-02-06,1245,127300,0,AE,1,29405
104183270,450025,2015-07-30,2016-07-30,430,250000,100000,X,1,29910
104183290,455418,2015-02-27,2016-02-27,13525,250000,100000,VE,1,29482
104183466,455412,2015-11-13,2016-11-13,3662,440000,0,AE,6,29412
104183476,450250,2015-09-28,2016-09-28,1360,250000,100000,AE,1,29928
104183511,450025,2015-09-16,2016-09-16,430,250000,100000,C,1,29909
104183538,450104,2015-11-26,2016-11-26,596,150000,60000,X,1,29566
104183546,450250,2015-04-02,2016-04-02,3274,250000,29000,A07,1,29928
104183574,450170,2015-10-19,2016-10-19,430,250000,100000,X,1,29061
104183580,455412,2015-02-15,2016-02-15,957,700000,25000,AE,2,29401
104183591,455417,2015-03-18,2016-03-18,448,250000,100000,AE,1,29464
104183611,455417,2015-10-09,2016-10-09,792,250000,100000,AE,1,29429
104183626,450104,2015-10-19,2016-10-19,371,150000,60000,X,1,29588
104183628,455416,2015-07-19,2016-07-19,3502,250000,100000,AE,1,29451
104183688,455413,2015-08-04,2016-08-04,3514,234100,64500,VE,1,29439
104183689,450025,2015-01-08,2016-01-08,414,250000,100000,C,1,29920
104183750,450250,2015-06-13,2016-06-13,1720,250000,67000,A07,1,29928
104183809,450085,2015-10-16,2016-10-16,6270,250000,59300,AE,1,29585
104183845,455417,2015-11-08,2016-11-08,430,250000,100000,X,1,29466
104183968,455413,2015-10-25,2016-10-25,708,229400,89400,AE,1,29414
104183971,450251,2015-05-07,2016-05-07,430,250000,100000,X,1,29910
104183985,450172,2015-12-30,2018-12-04,600,34900,0,,1,29205
104184030,455413,2015-07-03,2016-07-03,420,215000,80000,AE,1,29412
104184057,450104,2015-05-24,2016-05-24,430,250000,100000,X,1,29576
104184086,455413,2015-01-29,2016-01-29,356,250000,57900,A02,1,29466
104184090,450104,2015-08-22,2016-08-22,430,250000,100000,X,1,29576
104184110,455412,2015-10-27,2016-10-27,724,250000,100000,AE,1,29412
104184132,455413,2015-09-25,2016-09-25,430,250000,100000,X,1,29429
104184200,450029,2015-05-09,2016-05-09,477,250000,100000,X,1,29461
104184221,450250,2015-08-18,2016-08-18,2577,1245100,0,A16,3,29928
104184278,450026,2015-06-09,2016-06-09,823,250000,100000,A11,1,29902
104184306,455417,2015-12-27,2016-12-27,507,250000,100000,AE,1,29466
104184318,450056,2015-04-18,2016-04-18,254,104500,0,X,1,29446
104184376,455416,2015-03-13,2016-03-13,366,215000,25000,AE,1,29451
104184421,450110,2015-06-27,2016-06-27,731,250000,100000,AE,1,29582
104184455,455416,2015-07-05,2016-07-05,484,250000,50200,AE,1,29451
104184516,450104,2015-10-05,2016-10-05,608,96700,14800,AE,1,29575
104184545,455412,2015-10-27,2016-10-27,643,250000,100000,AE,1,29492
104184552,455417,2015-09-21,2016-09-21,596,150000,60000,X,1,29466
104184585,450256,2015-02-01,2016-02-01,448,250000,100000,AE,1,29455
104184639,450255,2015-02-06,2016-02-06,11432,250000,100000,VE,1,29585
104184670,455413,2015-09-09,2016-09-09,779,82900,31500,AE,1,29438
104184678,455412,2015-07-23,2016-07-23,546,191700,0,AE,1,29455
104184679,450025,2015-05-11,2016-05-11,430,250000,100000,C,1,29902
104184690,450251,2015-12-10,2016-12-10,430,250000,100000,X,1,29910
104184715,455412,2015-05-07,2016-05-07,2736,250000,0,AE,1,29403
104184720,450170,2015-09-17,2016-09-17,7421,500000,10500,A,3,29209
104184724,455412,2015-08-11,2016-08-11,4488,500000,262500,AE,4,29492
104184834,450104,2015-05-15,2016-05-15,430,250000,100000,AE,1,29576
104184835,455412,2015-05-30,2016-05-30,540,250000,100000,AE,1,29412
104184849,450068,2015-06-27,2016-06-27,430,250000,100000,X,1,29485
104184956,450076,2015-07-31,2016-07-31,430,250000,100000,X,1,29560
104184974,455416,2015-10-27,2016-10-27,625,177100,25600,AE,1,29451
104185015,455417,2015-12-30,2016-12-30,1035,187400,10500,A08,1,29464
104185019,455412,2015-09-06,2016-09-06,430,250000,100000,X,1,29414
104185039,450025,2015-02-25,2016-02-25,1148,250000,10000,A12,1,29928
104185110,450251,2015-08-27,2016-08-27,291,0,100000,C,2,29910
104185131,450250,2015-01-01,2016-01-01,1151,250000,100000,A07,1,29928
104185182,450085,2015-10-12,2016-10-12,6538,500000,500000,X,6,29576
104185207,450025,2015-12-01,2016-12-01,430,250000,100000,X,1,29909
104185219,455413,2015-10-10,2016-10-10,430,250000,100000,X,1,29412
104185261,450043,2015-09-10,2016-09-10,567,250000,100000,AE,1,29470
104185277,450104,2015-08-25,2016-08-25,430,250000,100000,X,1,29575
104185303,450028,2015-08-06,2016-08-06,430,250000,100000,X,1,29935
104185317,450250,2015-09-19,2016-09-19,430,250000,100000,C,1,29926
104185326,450104,2015-12-31,2016-12-31,381,39300,0,AE,1,29582
104185352,450025,2015-10-05,2016-10-05,1252,250000,9300,A11,1,29907
104185361,450047,2015-03-01,2016-03-01,150,20000,8000,X,1,29706
104185389,450025,2015-01-21,2016-01-21,390,200000,80000,B,1,29909
104185396,450025,2015-04-10,2016-04-10,655,250000,100000,C,1,29920
104185447,450026,2015-08-21,2016-08-21,990,250000,100000,AE,1,29902
104185468,450068,2015-05-09,2016-05-09,558,100000,40000,X,1,29420
104185471,450112,2015-02-21,2016-02-21,414,250000,100000,C,1,29909
104185475,455417,2015-03-28,2016-03-28,1135,250000,0,A02,1,29464
104185504,450085,2015-09-28,2016-09-28,655,250000,100000,X,1,29576
104185557,450104,2015-06-21,2016-06-21,405,200000,80000,X,1,29566
104185575,450250,2015-05-13,2016-05-13,430,250000,100000,X,1,29926
104185632,450068,2015-03-09,2016-03-09,569,221000,50000,AE,1,29485
104185657,450104,2015-06-15,2016-06-15,405,200000,80000,X,1,29576
104185671,450250,2015-07-19,2016-07-19,1515,250000,100000,A07,1,29928
104185672,455413,2015-06-29,2016-06-29,715,287200,32600,A06,4,29455
104185693,455412,2015-04-10,2016-04-10,930,44600,0,AE,1,29401
104185737,450226,2015-04-15,2016-04-15,895,250000,100000,AE,1,29821
104185775,450025,2015-01-09,2016-01-09,414,250000,100000,X,1,29909
104185810,455414,2015-04-25,2016-04-25,1311,250000,100000,AE,1,29438
104185898,455412,2015-08-14,2016-08-14,785,236900,100000,AE,1,29414
104185952,450129,2015-04-25,2016-04-25,333,100000,40000,X,1,29172
104185953,455417,2015-12-06,2016-12-06,568,250000,0,AE,1,29466
104185958,450110,2015-10-04,2016-10-04,430,250000,100000,X,1,29582
104185979,450250,2015-08-05,2016-08-05,704,250000,100000,AE,1,29928
104186023,450025,2015-01-29,2016-01-29,1115,250000,86500,AE,1,29926
104186024,450104,2015-08-01,2016-08-01,1041,500000,0,AE,2,29566
104186030,455417,2015-09-20,2016-09-20,704,250000,80500,A13,1,29464
104186104,450250,2015-07-07,2016-07-07,2570,250000,46000,A07,1,29928
104186118,450085,2015-07-25,2016-07-25,2302,157200,0,A16,1,29585
104186120,450025,2015-06-06,2016-06-06,371,150000,60000,X,1,29909
104186122,450025,2015-12-28,2016-12-28,836,250000,100000,A08,1,29909
104186154,450030,2015-08-16,2016-08-16,301,75000,30000,X,1,29410
104186166,450025,2015-04-26,2016-04-26,430,250000,100000,B,1,29909
104186181,450170,2015-09-26,2016-09-26,1906,148500,0,AE,1,29210
104186194,450110,2015-03-11,2016-03-11,414,250000,100000,X,1,29582
104186197,450025,2015-10-24,2016-10-24,836,250000,100000,AE,1,29907
104186288,455412,2015-06-18,2016-06-18,430,250000,100000,X,1,29412
104186334,455412,2015-06-26,2016-06-26,853,250000,35400,AE,1,29492
104186374,450025,2015-04-09,2016-04-09,1627,250000,100000,AE,1,29926
104186479,450257,2015-03-02,2016-03-02,499,250000,100000,AE,1,29455
104186492,450157,2015-03-24,2016-03-24,460,250000,100000,X,1,29676
104186494,450104,2015-06-01,2016-06-01,2444,672500,0,X,3,29566
104186504,450025,2015-03-29,2016-03-29,448,250000,100000,A09,1,29920
104186523,455417,2015-05-08,2016-05-08,358,250000,0,AE,1,29466
104186548,450085,2015-06-08,2016-06-08,787,250000,100000,AE,1,29585
104186562,455416,2015-10-31,2016-10-31,760,250000,100000,AE,1,29451
104186601,450104,2015-07-13,2016-07-13,655,250000,100000,X,1,29575
104186602,455412,2015-10-06,2016-10-06,2299,250000,63800,AE,1,29401
104186613,455412,2015-04-24,2016-04-24,3326,250000,100000,AE,1,29401
104186646,455413,2015-03-25,2016-03-25,2296,174800,71000,AE,1,29414
104186684,455412,2015-07-03,2016-07-03,446,200000,80000,X,1,29412
104186697,450250,2015-04-16,2016-04-16,555,250000,0,AE,1,29928
104186702,450025,2015-12-11,2016-12-11,405,200000,80000,X,1,29909
104186707,450025,2015-12-29,2016-12-29,430,250000,100000,X,1,29909
104186738,455413,2015-08-16,2016-08-16,533,250000,0,AE,1,29466
104186795,450250,2015-12-18,2016-12-18,1075,53200,23100,A07,1,29928
104186847,455412,2015-05-17,2016-05-17,1440,175700,60800,A05,1,29403
104186883,455417,2015-10-03,2016-10-03,738,250000,100000,X,1,29466
104186885,455413,2015-01-25,2016-01-25,216,250000,0,AE,1,29455
104186894,450025,2015-12-05,2016-12-05,951,211000,10000,A09,1,29920
104186902,455413,2015-03-11,2016-03-11,762,250000,100000,A02,1,29466
104186930,450025,2015-12-01,2016-12-01,430,250000,100000,C,1,29910
104186984,455413,2015-06-19,2016-06-19,691,250000,100000,A02,1,29466
104187038,450104,2015-07-02,2016-07-02,349,125000,50000,X,1,29568
104187039,455413,2015-09-11,2016-09-11,2002,213100,43800,AE,1,29412
104187044,455417,2015-07-07,2016-07-07,543,250000,63800,AE,1,29464
104187058,450257,2015-05-27,2016-05-27,4456,235700,22300,AE,1,29455
104187063,450025,2015-04-28,2016-04-28,1046,250000,100000,A08,1,29909
104187084,455413,2015-04-28,2016-04-28,760,250000,100000,AE,1,29455
104187089,455416,2015-05-11,2016-05-11,765,250000,100000,AE,1,29451
104187094,450085,2015-06-04,2016-06-04,430,250000,100000,X,1,29576
104187115,455417,2015-02-21,2016-02-21,458,250000,100000,AE,1,29466
104187133,450068,2015-01-04,2016-01-04,394,172000,30000,AE,1,29456
104187149,450025,2015-07-28,2016-07-28,724,250000,100000,AE,1,29909
104187200,450129,2015-11-18,2016-11-18,120,0,12000,X,1,29212
104187251,450250,2015-08-15,2016-08-15,908,250000,100000,A07,1,29928
104187325,455417,2015-07-02,2016-07-02,430,250000,100000,X,1,29464
104187404,455417,2015-11-10,2016-11-10,648,200000,50000,AE,1,29466
104187432,450104,2015-11-21,2016-11-21,430,250000,100000,X,1,29579
104187481,455413,2015-01-01,2016-01-01,1375,144000,35000,AE,4,29455
104187494,450068,2015-10-16,2016-10-16,405,200000,80000,X,1,29420
104187495,455413,2015-04-30,2016-04-30,2776,250000,0,AE,1,29412
104187504,450250,2015-08-21,2016-08-21,704,250000,100000,A07,1,29926
104187526,450104,2015-11-29,2016-11-29,430,250000,100000,X,1,29588
104187540,450042,2015-09-30,2016-09-30,630,200000,80000,X,1,29420
104187557,450262,2015-10-03,2016-10-03,507,163700,50000,AE,1,29429
104187628,450104,2015-06-02,2016-06-02,258,50000,20000,X,1,29526
104187650,455413,2015-01-04,2016-01-04,393,250000,100000,A06,1,29455
104187695,450104,2015-03-20,2016-03-20,346,125000,80000,X,3,29575
104187708,455412,2015-07-28,2016-07-28,1305,235000,77100,AE,1,29412
104187715,450176,2015-11-01,2016-11-01,423,30000,12000,X,1,29316
104187734,455416,2015-11-17,2016-11-17,760,250000,100000,AE,1,29451
104187744,450104,2015-12-18,2016-12-18,596,150000,60000,X,1,29566
104187781,450172,2015-09-28,2016-09-28,477,250000,100000,X,1,29206
104187790,450250,2015-09-08,2016-09-08,1014,250000,100000,A07,1,29928
104187798,455413,2015-06-14,2016-06-14,680,250000,100000,AE,1,29414
104187801,455412,2015-04-27,2016-04-27,431,206800,100000,AE,1,29414
104187831,455417,2015-02-16,2016-02-16,390,200000,80000,X,1,29464
104187832,450193,2015-05-09,2016-05-09,349,125000,50000,X,1,29715
104187843,450251,2015-12-03,2016-12-03,430,250000,100000,X,1,29910
104187857,455412,2015-02-10,2016-02-10,414,250000,100000,X,1,29412
104187931,455413,2015-05-02,2016-05-02,730,250000,100000,AE,1,29412
104187963,455412,2015-09-21,2016-09-21,606,250000,10000,AE,2,29403
104188021,450029,2015-03-19,2016-03-19,295,211100,0,AE,1,29445
104188025,450104,2015-07-20,2016-07-20,596,150000,60000,X,1,29588
104188031,455417,2015-12-21,2016-12-21,430,250000,100000,X,1,29464
104188037,450025,2015-09-18,2016-09-18,430,250000,100000,X,1,29907
104188064,455412,2015-03-30,2016-03-30,468,250000,100000,AE,1,29455
104188100,450104,2015-11-01,2016-11-01,344,125000,50000,X,1,29579
104188139,450085,2015-07-01,2016-07-01,405,200000,80000,X,1,29576
104188169,450025,2015-03-11,2016-03-11,2294,666000,0,B,2,29920
104188175,455413,2015-05-29,2016-05-29,1384,250000,50000,AE,1,29412
104188241,450085,2015-09-25,2016-09-25,430,250000,100000,X,1,29576
104188243,455412,2015-01-16,2016-01-16,1027,250000,10000,AE,1,29401
104188266,455417,2015-03-22,2016-03-22,460,250000,100000,X,1,29464
104188280,455412,2015-03-08,2016-03-08,473,250000,100000,AE,1,29492
104188319,450104,2015-05-09,2016-05-09,430,250000,100000,X,1,29576
104188321,455412,2015-07-01,2016-07-01,598,250000,100000,X,1,29492
104188322,450068,2015-06-28,2016-06-28,548,153000,0,AE,1,29485
104188340,450025,2015-08-27,2016-08-27,349,125000,50000,X,1,29902
104188345,455413,2015-02-16,2016-02-16,429,250000,52500,X,1,29412
104188417,450250,2015-06-10,2016-06-10,2191,537500,0,X,2,29926
104188438,450068,2015-06-07,2016-06-07,405,200000,80000,X,1,29485
104188443,455413,2015-11-29,2016-11-29,2306,250000,0,AE,1,29412
104188447,450104,2015-08-16,2016-08-16,798,113500,69700,AE,1,29579
104188470,455416,2015-01-03,2016-01-03,3968,250000,100000,VE,1,29451
104188498,455412,2015-10-15,2016-10-15,1123,250000,13900,AE,1,29412
104188524,455412,2015-01-11,2016-01-11,445,250000,100000,AE,1,29492
104188552,450256,2015-09-19,2016-09-19,863,250000,39000,AE,1,29455
104188573,450029,2015-11-09,2016-11-09,626,250000,5300,AE,1,29461
104188591,450014,2015-10-19,2016-10-19,430,250000,100000,X,1,29621
104188603,455417,2015-06-30,2016-06-30,472,0,93100,A08,1,29464
104188675,450113,2015-09-01,2016-09-01,430,250000,100000,X,1,29909
104188685,450193,2015-04-27,2016-04-27,430,250000,100000,X,1,29732
104188817,450025,2015-10-02,2016-10-02,430,250000,100000,X,1,29907
104188818,450068,2015-07-27,2016-07-27,553,150000,0,AE,1,29471
104188819,450042,2015-08-22,2016-08-22,2382,197400,50000,AE,1,29405
104188822,450250,2015-09-01,2016-09-01,1238,235200,0,X,6,29926
104188838,455413,2015-12-20,2016-12-20,677,250000,100000,AE,1,29466
104188841,450104,2015-06-12,2016-06-12,430,250000,100000,X,1,29576
104188865,450025,2015-09-03,2016-09-03,511,250000,99800,A11,1,29940
104188890,455412,2015-06-24,2016-06-24,3836,250000,100000,AE,1,29401
104188907,455412,2015-02-28,2016-02-28,2212,218000,50000,AE,1,29407
104188922,450250,2015-05-24,2016-05-24,1123,100000,50000,B,4,29926
104188944,450104,2015-01-13,2016-01-13,414,250000,100000,X,1,29588
104189021,455414,2015-02-12,2016-02-12,468,250000,100000,AE,1,29438
104189049,450085,2015-01-30,2016-01-30,414,250000,100000,X,1,29585
104189103,455412,2015-03-14,2016-03-14,916,250000,100000,AE,1,29492
104189105,455417,2015-09-24,2016-09-24,581,250000,100000,AE,1,29464
104189183,455416,2015-05-29,2016-05-29,535,250000,100000,AE,1,29451
104189228,455417,2015-10-22,2016-10-22,1130,250000,25000,AE,1,29464
104189266,455413,2015-10-26,2016-10-26,1908,163100,0,AE,1,29414
104189287,455417,2015-11-22,2016-11-22,873,250000,100000,AE,1,29464
104189305,455413,2015-08-24,2016-08-24,452,250000,100000,X,1,29487
104189306,450025,2015-08-10,2016-08-10,430,250000,100000,X,1,29907
104189315,455413,2015-06-23,2016-06-23,430,250000,100000,X,1,29455
104189336,450111,2015-02-12,2016-02-12,492,250000,100000,AE,1,29575
104189405,455412,2015-12-30,2016-12-30,2027,250000,0,AE,1,29407
104189437,455413,2015-09-16,2016-09-16,405,200000,80000,X,1,29412
104189451,450029,2015-06-17,2016-06-17,430,250000,100000,X,1,29445
104189510,450075,2015-10-22,2016-10-22,811,250000,100000,AE,1,29130
104189529,450104,2015-07-28,2016-07-28,430,250000,100000,X,1,29588
104189572,450025,2015-05-15,2016-05-15,1353,220000,0,B,1,29902
104189661,450085,2015-01-23,2016-01-23,414,250000,100000,X,1,29585
104189694,455412,2015-04-01,2016-04-01,760,250000,100000,AE,1,29492
104189732,450104,2015-07-15,2016-07-15,1013,41100,16600,AE,1,29575
104189745,455417,2015-08-26,2016-08-26,513,250000,100000,AE,1,29466
104189760,450112,2015-08-15,2016-08-15,642,150000,0,A09,4,29936
104189788,455417,2015-10-02,2016-10-02,430,250000,100000,X,1,29464
104189798,450250,2015-12-22,2016-12-22,1208,55000,21000,A07,1,29928
104189827,450085,2015-09-26,2016-09-26,395,20000,8000,X,3,29585
104189847,450085,2015-08-31,2016-08-31,9185,250000,100000,VE,1,29585
104189892,450104,2015-07-19,2016-07-19,371,150000,60000,X,1,29579
104189903,455412,2015-12-18,2016-12-18,574,163000,25000,AE,1,29414
104189937,450068,2015-07-12,2016-07-12,1785,171600,66200,A,1,29483
104189957,450250,2015-02-28,2016-02-28,739,250000,100000,X,1,29928
104190007,450120,2015-02-09,2016-02-09,355,250000,0,AE,1,29707
104190024,450030,2015-03-28,2016-03-28,414,250000,100000,X,1,29410
104190046,450250,2015-04-06,2016-04-06,761,250000,100000,A07,1,29926
104190074,450111,2015-04-17,2016-04-17,346,150000,60000,X,1,29575
104190090,450025,2015-04-08,2016-04-08,507,250000,100000,AE,1,29920
104190095,450037,2015-01-27,2016-01-27,274,250000,0,AE,1,29449
104190123,450113,2015-07-24,2016-07-24,430,250000,100000,X,1,29927
104190182,450263,2015-01-23,2016-01-23,460,250000,100000,X,1,29412
104190276,455413,2015-05-27,2016-05-27,596,150000,60000,AE,1,29487
104190287,450263,2015-07-20,2016-07-20,768,250000,100000,AE,1,29412
104190302,450025,2015-02-19,2016-02-19,443,250000,100000,A08,1,29909
104190350,450025,2015-09-03,2016-09-03,469,150000,0,AE,1,29907
104190358,450250,2015-05-28,2016-05-28,909,250000,100000,AE,1,29928
104190362,450025,2015-03-24,2016-03-24,414,250000,100000,C,1,29909
104190410,450110,2015-08-19,2016-08-19,405,250000,100000,AE,1,29582
104190473,450026,2015-07-08,2016-07-08,1505,250000,100000,A08,1,29902
104190571,455418,2015-08-15,2016-08-15,601,250000,10500,AE,1,29482
104190572,450110,2015-09-12,2016-09-12,430,250000,100000,X,1,29582
104190575,450025,2015-07-03,2016-07-03,405,200000,80000,C,1,29909
104190590,450025,2015-04-28,2016-04-28,1852,250000,100000,AE,1,29909
104190609,450250,2015-06-21,2016-06-21,430,250000,100000,X,1,29926
104190613,450250,2015-08-18,2016-08-18,2699,1372000,0,A15,3,29928
104190672,450110,2015-05-20,2016-05-20,7860,250000,48100,VE,1,29582
104190683,450182,2015-11-01,2016-11-01,630,200000,80000,X,1,29153
104190697,450104,2015-07-05,2016-07-05,422,20000,20000,X,3,29588
104190743,450025,2015-10-11,2016-10-11,780,250000,100000,A09,1,29920
104190824,455414,2015-05-21,2016-05-21,870,500000,0,AE,2,29438
104190878,455417,2015-12-19,2016-12-19,430,250000,100000,X,1,29466
104190917,455417,2015-12-04,2016-12-04,566,250000,100000,AE,1,29466
104190952,450110,2015-06-29,2016-06-29,430,250000,100000,X,1,29582
104191018,450025,2015-02-19,2016-02-19,414,250000,100000,C,1,29909
104191051,450007,2015-02-19,2016-02-19,427,250000,100000,AE,1,29841
104191064,455413,2015-08-16,2016-08-16,1782,250000,0,AE,1,29407
104191083,455412,2015-09-22,2016-09-22,430,250000,100000,X,1,29414
104191087,450068,2015-12-10,2016-12-10,1549,250000,77000,AE,1,29426
104191137,450104,2015-09-17,2016-09-17,430,250000,100000,X,1,29575
104191144,455413,2015-07-25,2016-07-25,1719,161000,48600,AE,1,29412
104191152,455412,2015-11-03,2016-11-03,430,250000,100000,X,1,29403
104191155,450250,2015-02-16,2016-02-16,1956,200000,20000,A07,1,29928
104191158,455412,2015-08-22,2016-08-22,609,200000,0,AE,1,29414
104191211,450025,2015-01-18,2016-01-18,443,250000,100000,X,1,29909
104191213,450085,2015-08-13,2016-08-13,1072,0,57900,X,4,29585
104191222,455412,2015-08-23,2016-08-23,1989,365400,110300,AE,6,29412
104191232,450025,2015-06-06,2016-06-06,3068,1314100,0,C,3,29910
104191234,450141,2015-11-07,2016-11-07,597,43600,0,AE,1,29574
104191298,450042,2015-05-01,2016-05-01,760,250000,100000,AE,1,29405
104191301,450085,2015-07-14,2016-07-14,430,250000,100000,X,1,29585
104191323,450025,2015-10-27,2016-10-27,716,220000,100000,A14,1,29940
104191467,455416,2015-11-16,2016-11-16,739,250000,81500,AE,1,29451
104191483,455412,2015-07-05,2016-07-05,567,201900,63100,AE,1,29407
104191516,450068,2015-08-18,2016-08-18,430,250000,100000,X,1,29485
104191531,455412,2015-02-28,2016-02-28,473,250000,100000,AE,1,29407
104191544,455413,2015-10-30,2016-10-30,655,250000,100000,C,1,29412
104191557,455413,2015-06-11,2016-06-11,588,194900,21100,X,1,29412
104191585,450104,2015-10-07,2016-10-07,655,250000,100000,X,1,29579
104191611,450250,2015-02-09,2016-02-09,277,250000,0,A07,1,29926
104191641,455413,2015-09-03,2016-09-03,645,173800,60900,AE,1,29412
104191644,450250,2015-08-27,2016-08-27,430,250000,100000,X,1,29926
104191647,450250,2015-07-02,2016-07-02,702,250000,97800,A07,1,29928
104191656,450029,2015-11-07,2016-11-07,430,250000,100000,X,1,29445
104191660,450028,2015-11-17,2016-11-17,633,250000,20000,A09,1,29906
104191758,455412,2015-09-07,2016-09-07,477,250000,100000,X,1,29407
104191771,455417,2015-08-26,2016-08-26,430,250000,100000,X,1,29464
104191797,455412,2015-07-06,2016-07-06,1697,250000,77600,AE,1,29412
104191803,455412,2015-07-09,2016-07-09,371,150000,60000,AE,1,29412
104191835,450025,2015-09-06,2016-09-06,489,250000,77600,B,1,29902
104191883,450068,2015-09-13,2016-09-13,910,65000,0,A,1,29477
104191902,450257,2015-10-16,2016-10-16,1065,250000,100000,AE,1,29455
104191942,450104,2015-03-18,2016-03-18,312,100000,40000,X,1,29588
104191952,450104,2015-03-08,2016-03-08,390,200000,80000,X,1,29575
104191979,455413,2015-09-21,2016-09-21,3438,250000,91000,AE,1,29458
104192013,450250,2015-02-10,2016-02-10,2800,250000,100000,AE,1,29928
104192088,450025,2015-07-10,2016-07-10,2112,250000,85600,X,2,29920
104192118,455417,2015-05-15,2016-05-15,643,250000,100000,AE,1,29464
104192134,450104,2015-06-11,2016-06-11,589,250000,100000,AE,1,29566
104192137,455412,2015-09-03,2016-09-03,4175,250000,100000,AE,1,29401
104192166,455412,2015-05-30,2016-05-30,3333,250000,100000,AE,1,29401
104192197,450184,2015-08-13,2016-08-13,1762,20000,1000,AE,4,29150
104192207,450104,2015-10-18,2016-10-18,253,50000,20000,X,2,29575
104192232,450104,2015-02-07,2016-02-07,390,200000,80000,X,1,29566
104192267,450030,2015-12-12,2016-12-12,371,150000,60000,X,1,29410
104192281,450104,2015-07-20,2016-07-20,574,125000,50000,X,1,29575
104192305,450030,2015-11-04,2016-11-04,371,150000,60000,X,1,29410
104192347,450042,2015-09-19,2016-09-19,371,150000,60000,X,1,29418
104192368,455416,2015-08-23,2016-08-23,681,250000,26300,AE,1,29451
104192386,455413,2015-12-01,2016-12-01,1048,250000,88300,AE,1,29412
104192401,450025,2015-03-17,2016-03-17,293,250000,0,X,1,29940
104192435,450104,2015-11-25,2016-11-25,890,420000,0,AE,2,29572
104192448,450085,2015-02-23,2016-02-23,4781,250000,100000,A16,1,29585
104192486,450226,2015-11-19,2016-11-19,655,250000,100000,X,1,29835
104192491,455413,2015-09-10,2016-09-10,485,250000,0,AE,1,29455
104192509,450174,2015-02-16,2016-02-16,414,250000,100000,X,1,29206
104192513,455412,2015-03-24,2016-03-24,970,250000,0,AE,1,29412
104192589,450025,2015-08-18,2016-08-18,683,250000,55100,A09,1,29906
104192684,450025,2015-08-11,2016-08-11,429,250000,100000,X,1,29910
104192706,450025,2015-03-31,2016-03-31,3625,1734900,0,A15,3,29928
104192838,450085,2015-06-09,2016-06-09,629,250000,100000,AE,1,29576
104192847,455412,2015-05-19,2016-05-19,8504,500000,242600,AE,4,29401
104192883,455413,2015-09-07,2016-09-07,2470,150500,25000,AE,1,29412
104192915,450251,2015-08-22,2016-08-22,430,250000,100000,X,1,29910
104192938,455417,2015-03-20,2016-03-20,293,250000,0,AE,1,29466
104192956,450104,2015-11-13,2016-11-13,655,250000,100000,X,1,29588
104192969,450250,2015-03-31,2016-03-31,3588,1208900,0,A12,3,29928
104193002,450250,2015-03-31,2016-03-31,6989,2688600,0,A07,3,29928
104193050,450250,2015-11-01,2016-11-01,1413,250000,100000,A07,1,29928
104193057,455417,2015-08-26,2016-08-26,507,250000,100000,AE,1,29464
104193089,450085,2015-02-27,2016-02-27,1960,207400,37800,A16,1,29576
104193104,455417,2015-07-31,2016-07-31,539,250000,100000,A08,1,29464
104193141,450025,2015-11-02,2016-11-02,567,250000,100000,A08,1,29910
104193250,455412,2015-04-24,2016-04-24,2833,500000,30000,AE,6,29401
104193253,450263,2015-08-24,2016-08-24,863,242000,100000,AE,1,29412
104193264,455412,2015-01-03,2016-01-03,607,250000,60000,AE,1,29412
104193387,450085,2015-04-07,2016-04-07,655,250000,100000,X,1,29576
104193402,450140,2015-10-05,2016-10-05,1337,250000,100000,AE,2,29169
104193403,450250,2015-09-16,2016-09-16,485,250000,100000,A07,1,29926
104193405,450025,2015-01-28,2016-01-28,332,126300,69200,X,1,29910
104193436,455416,2015-12-02,2016-12-02,823,250000,100000,AE,1,29451
104193473,450025,2015-10-13,2016-10-13,1272,250000,100000,A08,1,29926
104193483,455417,2015-09-04,2016-09-04,313,250000,30000,X,1,29466
104193536,455417,2015-06-30,2016-06-30,452,250000,100000,AE,1,29466
104193550,455417,2015-02-04,2016-02-04,2295,520000,0,X,2,29464
104193565,450068,2015-08-27,2016-08-27,729,167000,0,AE,1,29472
104193580,450085,2015-04-15,2016-04-15,966,196000,0,X,1,29440
104193582,450025,2015-06-05,2016-06-05,1031,215000,100000,A12,1,29926
104193655,450104,2015-04-15,2016-04-15,369,221100,0,AE,1,29566
104193678,455412,2015-06-15,2016-06-15,771,250000,100000,A13,1,29492
104193687,450085,2015-01-16,2016-01-16,2786,250000,19500,AE,1,29585
104193701,450104,2015-05-28,2016-05-28,371,150000,60000,X,1,29588
104193716,450025,2015-07-20,2016-07-20,1335,195800,21000,A12,1,29907
104193720,455412,2015-12-21,2016-12-21,430,250000,100000,X,1,29407
104193762,450068,2015-08-28,2016-08-28,430,250000,100000,X,1,29483
104193768,455413,2015-06-18,2016-06-18,658,250000,73900,A06,1,29455
104193789,450109,2015-10-23,2016-10-23,430,250000,100000,X,1,29577
104193810,450025,2015-12-14,2016-12-14,923,100000,0,A11,1,29940
104193825,455412,2015-07-07,2016-07-07,430,250000,100000,X,1,29407
104193836,455417,2015-07-26,2016-07-26,405,200000,80000,X,1,29466
104193845,450206,2015-11-15,2016-11-15,430,250000,100000,X,1,29445
104193866,455412,2015-09-12,2016-09-12,598,250000,100000,AE,1,29414
104193872,455413,2015-08-14,2016-08-14,448,250000,90400,X,1,29414
104193881,455413,2015-08-20,2016-08-20,741,161900,0,A05,1,29412
104193882,450250,2015-10-26,2016-10-26,918,250000,100000,A07,1,29928
104193897,450250,2015-07-04,2016-07-04,485,54700,21900,A07,1,29928
104193904,450109,2015-07-02,2016-07-02,349,125000,50000,X,1,29572
104193908,450025,2015-10-31,2016-10-31,492,0,80000,X,1,29909
104193931,450112,2015-07-08,2016-07-08,1997,500000,50000,B,6,29927
104193938,450068,2015-09-26,2016-09-26,676,250000,0,AE,1,29485
104193987,450104,2015-12-31,2016-12-31,415,152600,0,AE,1,29572
104193989,455417,2015-07-28,2016-07-28,1997,500000,50000,X,6,29464
104193999,455412,2015-10-01,2016-10-01,1259,500000,0,AE,6,29407
104194002,455412,2015-08-29,2016-08-29,3836,250000,100000,AE,1,29403
104194011,455412,2015-07-16,2016-07-16,1503,250000,100000,A14,1,29401
104194012,455412,2015-06-07,2016-06-07,1278,250000,100000,AE,1,29407
104194026,450025,2015-11-17,2016-11-17,539,250000,100000,AE,1,29920
104194078,450042,2015-10-04,2016-10-04,512,53800,0,A07,1,29405
104194096,455417,2015-02-16,2016-02-16,443,250000,100000,A08,1,29464
104194120,450110,2015-06-01,2016-06-01,699,250000,39000,AE,1,29582
104194137,455417,2015-02-15,2016-02-15,414,250000,100000,AE,1,29464
104194192,450100,2015-02-23,2016-02-23,454,200000,80000,AE,1,29924
104194199,455416,2015-11-30,2016-11-30,5257,250000,0,AO,1,29451
104194233,450112,2015-03-07,2016-03-07,390,200000,80000,C,1,29936
104194366,450110,2015-05-07,2016-05-07,430,250000,100000,X,1,29582
104194380,455417,2015-12-28,2016-12-28,619,250000,6200,AE,1,29464
104194392,450250,2015-09-27,2016-09-27,8761,302500,330800,A07,4,29928
104194427,450042,2015-12-06,2016-12-06,623,250000,100000,AE,1,29485
104194442,450025,2015-05-28,2016-05-28,508,50000,0,A09,4,29907
104194496,455417,2015-01-28,2016-01-28,414,250000,100000,X,1,29466
104194506,450104,2015-08-29,2016-08-29,405,200000,80000,X,1,29576
104194550,455412,2015-05-30,2016-05-30,1018,250000,100000,AE,1,29407
104194565,455412,2015-11-07,2016-11-07,708,241000,0,AE,2,29403
104194590,450025,2015-06-10,2016-06-10,430,250000,100000,X,1,29909
104194608,455412,2015-08-30,2016-08-30,731,133100,63000,AE,1,29403
104194627,455416,2015-04-25,2016-04-25,760,250000,100000,VE,1,29451
104194635,455416,2015-09-30,2016-09-30,685,250000,35000,AE,1,29451
104194639,455412,2015-08-29,2016-08-29,579,250000,78800,AE,1,29492
104194644,450104,2015-03-03,2016-03-03,549,250000,100000,AE,1,29527
104194682,455412,2015-05-11,2016-05-11,892,250000,44700,AE,1,29412
104194686,455412,2015-08-25,2016-08-25,1278,250000,100000,AE,1,29412
104194713,450025,2015-04-16,2016-04-16,301,75000,30000,X,1,29920
104194715,450076,2015-12-30,2018-12-04,600,34900,0,,1,29530
104194724,450025,2015-05-11,2016-05-11,430,250000,100000,C,1,29909
104194778,455413,2015-09-26,2016-09-26,455,250000,97800,A13,1,29439
104194785,450042,2015-02-05,2016-02-05,1896,139600,68300,A07,1,29405
104194793,450250,2015-10-13,2016-10-13,683,250000,100000,A07,1,29928
104194813,455417,2015-07-29,2016-07-29,477,250000,41900,AE,1,29464
104194842,450030,2015-02-21,2016-02-21,494,242000,56500,A13,1,29410
104194844,455417,2015-07-10,2016-07-10,461,250000,52500,AE,1,29466
104194853,455415,2015-07-10,2016-07-10,589,250000,0,AE,1,29439
104194960,455412,2015-10-16,2016-10-16,513,250000,100000,AE,1,29414
104194970,450250,2015-07-01,2016-07-01,755,250000,0,A07,2,29926
104195019,455415,2015-09-04,2016-09-04,5681,155000,0,VE,1,29439
104195027,455412,2015-12-14,2016-12-14,468,90800,0,AE,4,29492
104195031,455413,2015-10-05,2016-10-05,258,50000,20000,X,1,29426
104195047,455413,2015-01-27,2016-01-27,419,250000,100000,A08,1,29482
104195080,450025,2015-11-15,2016-11-15,513,250000,100000,A09,1,29920
104195164,450104,2015-03-13,2016-03-13,414,250000,100000,X,1,29579
104195181,450250,2015-08-18,2016-08-18,3249,250000,27600,AE,1,29928
104195245,450089,2015-09-11,2016-09-11,367,100000,40000,X,1,29650
104195278,455412,2015-07-24,2016-07-24,1574,250000,100000,AE,2,29401
104195351,450110,2015-05-06,2016-05-06,655,250000,100000,X,1,29582
104195419,450025,2015-01-11,2016-01-11,442,250000,100000,AE,1,29920
104195425,455417,2015-09-10,2016-09-10,2967,250000,50000,VE,1,29464
104195458,450025,2015-10-20,2016-10-20,430,250000,100000,X,1,29909
104195473,450104,2015-12-12,2016-12-12,405,200000,80000,X,1,29575
104195516,450104,2015-12-06,2016-12-06,3763,983400,0,X,3,29566
104195527,455412,2015-05-28,2016-05-28,727,250000,25000,AE,1,29455
104195562,450104,2015-09-16,2016-09-16,430,250000,100000,X,1,29579
104195616,455413,2015-09-10,2016-09-10,2945,250000,20000,A13,1,29407
104195628,455413,2015-01-29,2016-01-29,2384,220000,52500,AE,1,29412
104195683,455412,2015-09-03,2016-09-03,609,250000,0,AE,1,29412
104195701,455412,2015-08-30,2016-08-30,1064,250000,60800,AE,1,29412
104195715,450085,2015-05-12,2016-05-12,521,250000,67000,AE,1,29440
104195758,450025,2015-05-30,2016-05-30,655,250000,100000,C,1,29910
104195829,455412,2015-04-04,2016-04-04,15906,500000,0,VE,6,29401
104195886,455417,2015-09-22,2016-09-22,792,250000,100000,AE,1,29466
104195917,450085,2015-12-26,2016-12-26,224,0,50000,X,1,29585
104195921,450029,2015-08-05,2016-08-05,430,250000,100000,X,1,29486
104195947,455417,2015-10-24,2016-10-24,370,250000,57900,AE,1,29464
104195949,455412,2015-01-05,2016-01-05,658,250000,100000,AE,1,29492
104195979,455417,2015-04-11,2016-04-11,257,250000,100000,AE,1,29464
104195997,455414,2015-07-17,2016-07-17,1060,150000,15000,AE,1,29438
104196066,450025,2015-02-13,2016-02-13,414,250000,100000,C,1,29909
104196070,450250,2015-11-09,2016-11-09,1627,250000,50000,X,1,29926
104196120,450030,2015-09-20,2016-09-20,526,75000,30000,AE,1,29410
104196169,455417,2015-10-15,2016-10-15,474,153100,78700,AE,1,29464
104196172,450104,2015-08-27,2016-08-27,5284,3100000,0,VE,3,29572
104196173,450250,2015-10-13,2016-10-13,473,250000,93100,AE,1,29928
104196181,450250,2015-02-27,2016-02-27,746,125000,0,AE,2,29928
104196269,450104,2015-12-30,2016-12-30,477,250000,100000,X,1,29575
104196278,450113,2015-05-15,2016-05-15,430,250000,100000,X,1,29909
104196297,455416,2015-06-10,2016-06-10,535,250000,100000,A15,1,29451
104196302,450025,2015-12-12,2016-12-12,5277,250000,46800,V18,1,29920
104196348,450089,2015-10-01,2016-10-01,470,250000,100000,X,1,29681
104196389,450089,2015-08-28,2016-08-28,430,250000,100000,X,1,29650
104196398,450104,2015-08-02,2016-08-02,791,250000,81500,AE,1,29575
104196415,450250,2015-07-02,2016-07-02,1013,250000,100000,A07,1,29926
104196416,450250,2015-05-10,2016-05-10,1529,250000,100000,A07,1,29926
104196434,450112,2015-10-29,2016-10-29,405,200000,80000,X,1,29927
104196454,450026,2015-12-15,2016-12-15,405,200000,80000,X,1,29902
104196466,450104,2015-09-27,2016-09-27,405,200000,80000,X,1,29588
104196482,450109,2015-06-29,2016-06-29,430,250000,100000,X,1,29572
104196549,450104,2015-07-23,2016-07-23,933,250000,0,AE,1,29568
104196610,450025,2015-12-13,2016-12-13,1774,127600,0,A,1,29906
104196677,450206,2015-07-02,2016-07-02,405,200000,80000,X,1,29445
104196718,450026,2015-07-01,2016-07-01,430,250000,100000,X,1,29902
104196721,450250,2015-06-26,2016-06-26,430,250000,100000,C,1,29926
104196743,450250,2015-02-27,2016-02-27,414,250000,100000,C,1,29926
104196789,455412,2015-04-11,2016-04-11,1190,250000,100000,AE,1,29492
104196812,455413,2015-01-09,2016-01-09,1233,120000,0,AE,1,29412
104196865,450104,2015-11-05,2016-11-05,333,100000,40000,X,1,29526
104196916,455412,2015-12-22,2016-12-22,371,150000,60000,X,1,29412
104196921,455412,2015-11-06,2016-11-06,724,250000,100000,AE,1,29403
104196959,450025,2015-09-30,2016-09-30,1007,250000,50000,AE,1,29920
104196988,455412,2015-10-19,2016-10-19,657,165000,100000,AE,1,29403
104196999,450257,2015-05-12,2016-05-12,507,250000,100000,A06,1,29455
104197010,455412,2015-08-13,2016-08-13,1719,150000,30000,AE,1,29401
104197011,450025,2015-06-05,2016-06-05,430,250000,100000,B,1,29909
104197040,455413,2015-09-03,2016-09-03,505,24000,46300,AE,1,29412
104197096,450030,2015-11-30,2016-11-30,878,192000,55100,A,1,29410
104197101,450104,2015-08-26,2016-08-26,430,250000,100000,X,1,29588
104197120,450025,2015-08-29,2016-08-29,568,154000,21000,A04,2,29909
104197138,450110,2015-03-14,2016-03-14,250,0,17000,AE,3,29582
104197171,450104,2015-10-18,2016-10-18,790,250000,75000,AE,1,29575
104197176,455417,2015-02-04,2016-02-04,2294,520000,0,X,2,29464
104197178,450250,2015-11-22,2016-11-22,1080,250000,100000,A07,1,29928
104197185,450025,2015-12-29,2016-12-29,430,250000,100000,X,1,29910
104197199,455415,2015-06-16,2016-06-16,10022,500000,0,VE,6,29439
104197203,450257,2015-02-17,2016-02-17,393,250000,100000,AE,1,29455
104197316,450025,2015-10-09,2016-10-09,496,250000,50000,A11,1,29907
104197341,455413,2015-04-22,2016-04-22,1595,176000,96600,AE,1,29455
104197442,455417,2015-03-06,2016-03-06,467,250000,96200,AE,1,29466
104197461,455417,2015-06-27,2016-06-27,505,250000,100000,AE,1,29466
104197467,450110,2015-06-17,2016-06-17,630,200000,80000,X,1,29582
104197468,450257,2015-08-15,2016-08-15,994,250000,38000,A12,1,29455
104197480,455412,2015-06-13,2016-06-13,500,250000,70400,AE,1,29414
104197489,455412,2015-05-18,2016-05-18,3854,214300,73900,AE,2,29403
104197506,450172,2015-11-20,2016-11-20,185,0,30000,X,2,29204
104197687,455412,2015-06-04,2016-06-04,4371,330000,0,AE,6,29403
104197762,450250,2015-11-19,2016-11-19,2390,250000,100000,A07,1,29928
104197785,450251,2015-06-11,2016-06-11,655,250000,100000,X,1,29910
104197815,455412,2015-02-12,2016-02-12,548,220000,22600,A07,1,29403
104197822,450250,2015-09-08,2016-09-08,1337,250000,23200,AE,1,29928
104197835,450257,2015-09-30,2016-09-30,910,250000,63800,A06,1,29455
104197847,450085,2015-05-20,2016-05-20,8306,250000,100000,VE,1,29440
104197858,455417,2015-04-28,2016-04-28,507,250000,100000,AE,1,29464
104197897,450110,2015-08-29,2016-08-29,1748,142200,0,AE,1,29582
104197939,450085,2015-03-18,2016-03-18,1178,1000000,0,AE,2,29585
104197944,455412,2015-09-11,2016-09-11,540,250000,100000,AE,1,29412
104197951,450025,2015-06-22,2016-06-22,578,153800,36500,A10,1,29907
104197983,450250,2015-11-18,2016-11-18,1676,250000,100000,AE,1,29928
104198002,450250,2015-10-26,2016-10-26,479,250000,100000,A07,1,29926
104198016,450076,2015-10-04,2016-10-04,477,250000,100000,X,1,29501
104198036,450176,2015-04-19,2016-04-19,430,250000,100000,X,1,29369
104198054,450257,2015-05-01,2016-05-01,676,250000,68200,AE,1,29455
104198062,450039,2015-08-24,2016-08-24,725,250000,37100,AE,1,29458
104198085,455412,2015-03-11,2016-03-11,1623,500000,398400,A14,4,29401
104198092,450110,2015-08-15,2016-08-15,896,150000,30000,AE,1,29582
104198136,450085,2015-12-30,2018-12-04,600,34900,0,,1,29440
104198142,455412,2015-10-17,2016-10-17,3062,243500,0,AE,4,29403
104198157,450250,2015-07-18,2016-07-18,1113,250000,40000,AE,1,29928
104198170,450025,2015-07-09,2016-07-09,371,150000,60000,X,1,29909
104198191,450257,2015-02-09,2016-02-09,443,250000,100000,AE,1,29455
104198209,455413,2015-01-24,2016-01-24,1610,176000,15800,A05,1,29414
104198226,450025,2015-10-16,2016-10-16,659,250000,0,A08,1,29926
104198236,450104,2015-12-19,2016-12-19,1672,96600,0,AE,1,29526
104198250,450177,2015-12-19,2016-12-19,190,20000,8000,C,1,29334
104198273,455413,2015-08-05,2016-08-05,370,184600,50000,AE,1,29414
104198291,450250,2015-12-31,2016-12-31,3166,780300,0,AE,2,29928
104198313,455413,2015-11-19,2016-11-19,452,250000,100000,X,1,29466
104198325,450250,2015-06-03,2016-06-03,536,250000,100000,AE,1,29928
104198344,455417,2015-11-07,2016-11-07,422,0,60800,X,1,29466
104198386,450029,2015-09-08,2016-09-08,477,250000,100000,X,1,29461
104198421,455417,2015-01-02,2016-01-02,1857,374600,0,X,2,29464
104198426,450025,2015-06-13,2016-06-13,405,200000,80000,C,1,29909
104198460,450025,2015-11-12,2016-11-12,430,250000,100000,C,1,29910
104198498,450115,2015-07-14,2016-07-14,909,250000,100000,AE,1,29020
104198540,455417,2015-01-03,2016-01-03,376,250000,48800,AE,1,29464
104198551,450068,2015-03-19,2016-03-19,410,250000,0,AE,2,29485
104198557,450104,2015-06-25,2016-06-25,430,250000,100000,X,1,29576
104198561,450068,2015-07-20,2016-07-20,430,250000,100000,X,1,29418
104198564,450068,2015-06-21,2016-06-21,301,75000,30000,X,1,29485
104198579,450257,2015-09-15,2016-09-15,507,250000,100000,AE,1,29455
104198582,455415,2015-10-29,2016-10-29,6098,250000,27600,VE,1,29439
104198618,450106,2015-08-27,2016-08-27,629,50000,0,AE,1,29526
104198645,450042,2015-06-26,2016-06-26,430,250000,100000,X,1,29456
104198710,450104,2015-06-01,2016-06-01,405,200000,80000,X,1,29526
104198726,455412,2015-11-19,2016-11-19,1432,161200,37600,AE,1,29412
104198782,450174,2015-06-19,2016-06-19,2360,250000,0,AE,2,29204
104198799,450025,2015-05-03,2016-05-03,371,150000,60000,X,1,29909
104198836,455412,2015-11-19,2016-11-19,1196,250000,0,AE,1,29455
104198860,450250,2015-10-09,2016-10-09,2449,250000,0,A07,1,29928
104198892,450250,2015-07-13,2016-07-13,430,250000,100000,C,1,29926
104198907,455413,2015-11-21,2016-11-21,543,250000,0,AE,1,29412
104198927,455413,2015-01-02,2016-01-02,491,500000,0,AE,3,29455
104198941,455417,2015-08-19,2016-08-19,430,250000,100000,X,1,29466
104198951,450085,2015-03-04,2016-03-04,320,250000,0,AE,1,29440
104198980,455412,2015-10-25,2016-10-25,1347,192600,0,A05,1,29412
104198994,450170,2015-08-31,2016-08-31,527,193500,92000,AE,1,29223
104199030,450256,2015-08-03,2016-08-03,1348,250000,100000,A13,1,29455
104199036,450110,2015-07-10,2016-07-10,2182,250000,100000,X,1,29582
104199111,455412,2015-10-23,2016-10-23,406,250000,100000,AE,1,29492
104199124,455413,2015-03-16,2016-03-16,231,190100,0,A13,2,29414
104199165,450250,2015-08-15,2016-08-15,3719,250000,100000,A07,1,29928
104199183,450002,2015-04-15,2016-04-15,743,250000,100000,C,1,29803
104199224,455413,2015-05-16,2016-05-16,731,191500,100000,AE,1,29455
104199262,455412,2015-09-22,2016-09-22,2250,150200,0,B,4,29401
104199301,450025,2015-04-05,2016-04-05,1188,170000,25000,A09,1,29920
104199312,450257,2015-05-11,2016-05-11,709,250000,48300,AE,1,29455
104199329,450111,2015-02-19,2016-02-19,390,200000,80000,X,1,29575
104199336,450104,2015-09-13,2016-09-13,405,200000,80000,X,1,29575
104199379,450110,2015-09-07,2016-09-07,477,250000,100000,X,1,29582
104199399,450007,2015-12-08,2016-12-08,430,250000,100000,X,1,29841
104199401,455417,2015-08-24,2016-08-24,430,250000,100000,X,1,29464
104199471,450085,2015-06-08,2016-06-08,477,250000,100000,X,1,29440
104199475,450014,2015-10-05,2016-10-05,405,200000,80000,X,1,29621
104199543,455417,2015-07-14,2016-07-14,459,250000,55100,AE,1,29464
104199545,455417,2015-08-13,2016-08-13,558,33600,9600,C,1,29464
104199547,455412,2015-10-10,2016-10-10,485,250000,100000,VE,1,29492
104199555,455413,2015-05-26,2016-05-26,680,209000,100000,AE,1,29466
104199566,455412,2015-01-03,2016-01-03,1197,250000,100000,AE,1,29403
104199687,450206,2015-09-01,2016-09-01,574,125000,50000,X,1,29445
104199689,455413,2015-08-20,2016-08-20,1123,250000,100000,AE,1,29412
104199710,455413,2015-06-01,2016-06-01,806,220000,0,AE,6,29438
104199730,455412,2015-03-30,2016-03-30,468,250000,100000,AE,1,29412
104199735,455412,2015-12-19,2016-12-19,2252,250000,0,AE,2,29403
104199745,455417,2015-06-01,2016-06-01,886,500000,0,X,6,29464
104199746,450187,2015-03-10,2016-03-10,390,200000,80000,AE,1,29556
104199816,450257,2015-09-11,2016-09-11,732,250000,100000,AE,1,29455
104199838,450250,2015-12-23,2016-12-23,1193,250000,100000,AE,1,29928
104199877,450085,2015-07-26,2016-07-26,430,250000,100000,C,1,29585
104199927,450068,2015-09-03,2016-09-03,795,139200,0,AE,1,29420
104199959,455416,2015-03-01,2016-03-01,309,250000,0,A15,1,29451
104199975,450025,2015-02-26,2016-02-26,390,200000,80000,C,1,29909
104200013,450104,2015-09-21,2016-09-21,582,250000,0,AE,1,29526
104200081,450251,2015-07-29,2016-07-29,430,250000,100000,X,1,29910
104200087,455413,2015-11-12,2016-11-12,1721,142300,0,AE,1,29414
104200109,450029,2015-11-10,2016-11-10,558,100000,40000,X,1,29486
104200160,455412,2015-08-27,2016-08-27,1098,175500,6300,AE,1,29412
104200165,455412,2015-03-09,2016-03-09,408,133900,0,AE,1,29455
104200261,450025,2015-08-15,2016-08-15,417,224500,28700,AE,1,29920
104200272,455416,2015-09-15,2016-09-15,3528,250000,100000,VE,1,29451
104200296,450104,2015-09-25,2016-09-25,430,250000,100000,X,1,29588
104200374,455412,2015-03-29,2016-03-29,473,250000,100000,AE,1,29414
104200423,450025,2015-06-27,2016-06-27,405,200000,80000,C,1,29909
104200424,450068,2015-11-13,2016-11-13,550,192000,79200,AE,1,29485
104200451,450109,2015-01-26,2016-01-26,414,250000,100000,X,1,29577
104200459,450111,2015-06-25,2016-06-25,4824,250000,100000,VE,1,29575
104200477,450250,2015-03-13,2016-03-13,933,0,100000,C,3,29926
104200508,450104,2015-09-13,2016-09-13,430,250000,100000,X,1,29579
104200514,450025,2015-06-04,2016-06-04,343,250000,0,A09,1,29907
104200551,450025,2015-07-10,2016-07-10,780,250000,100000,AE,1,29906
104200558,455417,2015-04-29,2016-04-29,665,242000,49700,AE,1,29464
104200604,450172,2015-12-13,2016-12-13,2498,250000,100000,AE,1,29206
104200607,450170,2015-12-27,2016-12-27,1301,250000,25000,X,1,29229
104200640,450111,2015-09-10,2016-09-10,1010,250000,52500,AE,1,29575
104200678,450025,2015-07-15,2016-07-15,430,250000,100000,C,1,29910
104200704,450104,2015-08-04,2016-08-04,1086,60000,10000,AE,1,29575
104200720,450250,2015-06-14,2016-06-14,684,250000,100000,A07,1,29928
104200738,450025,2015-07-06,2016-07-06,1529,250000,100000,A12,1,29926
104200743,455413,2015-06-07,2016-06-07,742,105000,0,A,1,29426
104200765,450025,2015-03-16,2016-03-16,414,250000,100000,X,1,29909
104200769,450255,2015-09-16,2016-09-16,5885,180600,10500,VE,1,29585
104200779,455413,2015-12-31,2016-12-31,452,250000,100000,AE,1,29455
104200818,450238,2015-09-09,2016-09-09,430,250000,100000,X,1,29631
104200869,455413,2015-01-04,2016-01-04,393,250000,100000,AE,1,29466
104200911,450025,2015-03-10,2016-03-10,1344,333600,0,C,2,29909
104200919,450026,2015-06-27,2016-06-27,655,250000,100000,X,1,29902
104200988,450104,2015-04-14,2016-04-14,579,150000,10000,AE,1,29576
104200998,450073,2015-11-16,2016-11-16,349,125000,50000,X,1,29483
104201004,450025,2015-06-06,2016-06-06,1272,250000,100000,A10,1,29920
104201034,455413,2015-04-12,2016-04-12,270,181500,0,X,1,29455
104201114,450110,2015-05-25,2016-05-25,430,250000,100000,X,1,29582
104201116,455412,2015-08-01,2016-08-01,615,159500,35500,AE,1,29407
104201144,455417,2015-11-25,2016-11-25,253,50000,20000,X,1,29466
104201177,450250,2015-08-29,2016-08-29,604,186000,0,AE,2,29925
104201201,450085,2015-08-11,2016-08-11,4332,250000,0,VE,1,29576
104201247,450109,2015-08-10,2016-08-10,4281,250000,92100,V13,1,29577
104201263,455412,2015-06-22,2016-06-22,1826,250000,0,AE,1,29401
104201331,455413,2015-11-04,2016-11-04,868,250000,100000,AE,1,29455
104201343,450104,2015-10-13,2016-10-13,655,250000,100000,X,1,29579
104201359,455417,2015-05-01,2016-05-01,347,250000,0,AE,1,29464
104201420,455413,2015-04-26,2016-04-26,1027,99300,18900,AE,1,29407
104201425,450110,2015-11-13,2016-11-13,655,250000,100000,X,1,29582
104201428,450110,2015-08-22,2016-08-22,702,250000,67000,AE,1,29582
104201505,450257,2015-02-05,2016-02-05,376,250000,73900,AE,1,29455
104201515,455412,2015-09-06,2016-09-06,568,250000,100000,AE,1,29412
104201520,450170,2015-08-28,2016-08-28,1056,100000,0,AE,1,29210
104201529,450250,2015-02-28,2016-02-28,6510,1025000,0,AE,3,29928
104201538,450250,2015-07-08,2016-07-08,2992,250000,10000,A07,1,29928
104201551,450104,2015-01-14,2016-01-14,356,150000,60000,X,1,29576
104201596,450250,2015-05-27,2016-05-27,1514,250000,100000,A07,1,29928
104201650,450129,2015-09-26,2016-09-26,514,146900,23200,A,1,29006
104201696,450056,2015-08-01,2016-08-01,489,245300,84000,AE,1,29446
104201721,455412,2015-08-28,2016-08-28,5095,500000,0,AE,6,29401
104201773,450250,2015-09-25,2016-09-25,701,155800,15500,A07,4,29925
104201823,450104,2015-03-14,2016-03-14,624,250000,100000,AE,1,29568
104201846,450256,2015-01-31,2016-01-31,532,250000,100000,AE,1,29455
104201904,455412,2015-08-22,2016-08-22,430,250000,100000,X,1,29407
104201907,450250,2015-03-13,2016-03-13,190,0,100000,A07,3,29926
104201932,455413,2015-06-17,2016-06-17,505,122500,8800,A05,1,29412
104201987,450256,2015-08-06,2016-08-06,507,250000,100000,AE,1,29455
104202021,455417,2015-05-19,2016-05-19,689,250000,100000,X,1,29464
104202056,450026,2015-08-09,2016-08-09,368,194400,17400,A08,1,29902
104202167,455412,2015-08-06,2016-08-06,1347,250000,0,AE,1,29407
104202178,455412,2015-09-29,2016-09-29,709,250000,100000,AE,1,29412
104202180,450250,2015-02-28,2016-02-28,414,250000,100000,X,1,29926
104202213,450256,2015-12-11,2016-12-11,398,250000,15000,AE,1,29455
104202225,450104,2015-10-29,2016-10-29,655,250000,100000,X,1,29579
104202236,450026,2015-06-18,2016-06-18,452,89000,33200,A08,1,29902
104202335,455417,2015-08-20,2016-08-20,430,250000,100000,X,1,29466
104202336,450104,2015-06-25,2016-06-25,506,250000,40000,AE,1,29576
104202382,450110,2015-05-23,2016-05-23,918,242800,25800,AE,1,29582
104202386,450251,2015-06-17,2016-06-17,655,250000,100000,X,1,29910
104202449,450251,2015-07-11,2016-07-11,1568,250000,50000,C,6,29910
104202503,450250,2015-08-24,2016-08-24,2207,250000,29800,AE,1,29928
104202534,450025,2015-12-05,2016-12-05,737,250000,100000,AE,1,29920
104202546,450025,2015-07-02,2016-07-02,430,250000,100000,X,1,29910
104202553,450104,2015-10-15,2016-10-15,727,149600,93300,AE,1,29576
104202631,450025,2015-11-23,2016-11-23,430,250000,100000,C,1,29910
104202665,450028,2015-09-26,2016-09-26,877,250000,0,A09,1,29902
104202680,450184,2015-06-20,2016-06-20,430,250000,100000,X,1,29150
104202710,450085,2015-06-08,2016-06-08,430,250000,100000,X,1,29576
104202770,450085,2015-07-31,2016-07-31,430,250000,100000,X,1,29576
104202812,455412,2015-01-03,2016-01-03,675,250000,100000,AE,1,29412
104202838,450025,2015-09-08,2016-09-08,430,250000,100000,X,1,29909
104202927,450104,2015-05-10,2016-05-10,655,250000,100000,X,1,29575
104202931,455412,2015-02-27,2016-02-27,2138,500000,0,A13,3,29412
104202936,450025,2015-11-15,2016-11-15,3318,500000,500000,A15,6,29928
104202977,450110,2015-07-26,2016-07-26,4827,250000,15600,A15,1,29582
104203064,450250,2015-11-08,2016-11-08,5377,1219800,0,A07,3,29926
104203074,450110,2015-10-30,2016-10-30,430,250000,100000,X,1,29582
104203110,455412,2015-09-30,2016-09-30,581,250000,100000,X,1,29492
104203114,450051,2015-10-01,2016-10-01,338,52800,25900,AE,1,29148
104203162,450068,2015-04-20,2016-04-20,520,200000,100000,AE,1,29485
104203211,455412,2015-12-19,2016-12-19,569,250000,100000,AE,1,29414
104203297,455412,2015-05-28,2016-05-28,358,25000,0,AE,1,29492
104203310,455416,2015-03-17,2016-03-17,823,250000,100000,AE,1,29451
104203362,450025,2015-08-21,2016-08-21,430,250000,100000,X,1,29909
104203392,455413,2015-07-10,2016-07-10,3916,250000,50000,AE,1,29407
104203401,450250,2015-10-06,2016-10-06,402,250000,15300,A07,1,29926
104203403,455412,2015-01-18,2016-01-18,2707,500000,74700,A07,6,29401
104203437,450025,2015-04-11,2016-04-11,3820,500000,0,A08,6,29926
104203438,450104,2015-06-27,2016-06-27,814,250000,100000,X,1,29576
104203443,450025,2015-03-15,2016-03-15,443,250000,100000,A06,1,29910
104203451,450030,2015-03-01,2016-03-01,914,249700,0,AE,1,29410
104203476,450104,2015-06-07,2016-06-07,371,150000,60000,X,1,29526
104203552,450110,2015-11-10,2016-11-10,512,250000,100000,AE,1,29582
104203555,455415,2015-12-05,2016-12-05,2050,250000,0,AE,1,29439
104203560,450250,2015-07-30,2016-07-30,683,250000,100000,A07,1,29928
104203585,455412,2015-10-28,2016-10-28,731,250000,100000,AE,1,29492
104203683,455413,2015-10-18,2016-10-18,505,250000,100000,A13,1,29466
104203710,450112,2015-10-07,2016-10-07,623,250000,100000,AE,1,29909
104203735,455417,2015-05-13,2016-05-13,477,250000,100000,X,1,29464
104203743,450111,2015-09-28,2016-09-28,722,232000,40000,AE,1,29575
104203812,450085,2015-03-20,2016-03-20,414,250000,100000,X,1,29585
104203824,450025,2015-07-15,2016-07-15,596,150000,60000,C,1,29906
104203842,450104,2015-07-23,2016-07-23,655,250000,100000,X,1,29576
104203849,455413,2015-12-09,2016-12-09,538,250000,0,X,1,29455
104203889,450256,2015-07-31,2016-07-31,792,250000,100000,AE,1,29455
104203920,450089,2015-12-04,2016-12-04,192,20000,8000,X,1,29617
104203971,450256,2015-11-16,2016-11-16,683,250000,100000,AE,1,29455
104203992,450029,2015-01-06,2016-01-06,254,225000,0,AE,1,29492
104204025,455413,2015-08-09,2016-08-09,430,250000,100000,X,1,29466
104204039,455413,2015-04-18,2016-04-18,452,250000,100000,A15,1,29455
104204067,450250,2015-05-05,2016-05-05,891,250000,81500,A07,2,29928
104204089,450250,2015-01-15,2016-01-15,414,250000,100000,X,1,29926
104204133,455413,2015-04-21,2016-04-21,1160,183000,0,AE,1,29438
104204136,450110,2015-04-17,2016-04-17,428,209000,52500,AE,1,29582
104204140,455412,2015-07-24,2016-07-24,529,250000,100000,AE,1,29492
104204226,450104,2015-05-16,2016-05-16,258,50000,20000,X,1,29575
104204283,450025,2015-06-06,2016-06-06,792,250000,100000,A08,1,29910
104204363,450250,2015-08-24,2016-08-24,786,0,116200,A07,4,29928
104204369,450042,2015-03-07,2016-03-07,187,0,40000,X,1,29406
104204371,450068,2015-06-30,2016-06-30,341,250000,0,AE,1,29485
104204376,450104,2015-04-25,2016-04-25,1041,250000,75000,AE,1,29575
104204393,450026,2015-09-18,2016-09-18,799,250000,100000,A11,1,29902
104204402,450250,2015-04-15,2016-04-15,2870,250000,87500,A07,1,29928
104204406,450250,2015-03-31,2016-03-31,726,568100,0,X,2,29926
104204415,455412,2015-07-11,2016-07-11,3502,250000,100000,AE,1,29407
104204427,450025,2015-07-02,2016-07-02,430,250000,100000,C,1,29907
104204433,450025,2015-05-11,2016-05-11,430,250000,100000,C,1,29909
104204434,455412,2015-03-23,2016-03-23,1183,250000,88700,AE,1,29414
104204470,455413,2015-10-16,2016-10-16,612,250000,30500,A08,1,29455
104204522,450250,2015-03-31,2016-03-31,781,564700,0,X,2,29926
104204530,450251,2015-05-28,2016-05-28,655,250000,100000,X,1,29910
104204537,450250,2015-02-26,2016-02-26,419,250000,100000,AE,1,29915
104204600,450085,2015-08-24,2016-08-24,671,200000,80000,X,1,29440
104204603,450250,2015-05-20,2016-05-20,1013,250000,100000,A07,1,29928
104204664,455413,2015-04-16,2016-04-16,643,250000,100000,AE,1,29455
104204681,455413,2015-09-04,2016-09-04,452,250000,100000,AE,1,29466
104204686,455413,2015-06-23,2016-06-23,430,250000,100000,AE,1,29412
104204693,450112,2015-10-23,2016-10-23,430,250000,100000,C,1,29927
104204747,455412,2015-11-30,2016-11-30,558,100000,40000,X,1,29407
104204821,450030,2015-11-06,2016-11-06,477,250000,100000,X,1,29410
104204846,450172,2015-04-04,2016-04-04,2135,250000,0,AE,1,29206
104204850,450104,2015-11-05,2016-11-05,430,250000,100000,X,1,29526
104204862,455412,2015-05-19,2016-05-19,2543,250000,34800,AE,1,29401
104204866,450250,2015-02-28,2016-02-28,2068,750000,0,A12,2,29928
104204884,450104,2015-04-29,2016-04-29,430,250000,100000,X,1,29576
104204897,450104,2015-09-26,2016-09-26,405,200000,80000,X,1,29579
104204951,450025,2015-01-22,2016-01-22,433,250000,50000,A08,1,29910
104204972,455416,2015-10-19,2016-10-19,535,250000,100000,AE,1,29451
104204994,450025,2015-08-06,2016-08-06,430,250000,100000,C,1,29910
104205153,455413,2015-12-21,2016-12-21,1784,250000,0,AE,1,29455
104205160,455413,2015-12-01,2016-12-01,505,250000,100000,AE,1,29412
104205172,455413,2015-01-22,2016-01-22,400,250000,65800,A12,1,29455
104205178,455412,2015-07-08,2016-07-08,3997,250000,70400,VE,1,29492
104205182,450104,2015-09-17,2016-09-17,430,250000,100000,X,1,29579
104205208,455417,2015-11-27,2016-11-27,2158,500000,100000,X,6,29464
104205217,455412,2015-05-23,2016-05-23,5557,250000,0,VE,1,29414
104205254,455417,2015-05-18,2016-05-18,571,250000,63900,A08,1,29464
104205319,450025,2015-03-13,2016-03-13,440,100000,0,A10,1,29920
104205331,455413,2015-10-04,2016-10-04,371,150000,60000,X,1,29456
104205362,450025,2015-02-28,2016-02-28,2880,500000,500000,C,6,29909
104205383,455413,2015-04-18,2016-04-18,308,250000,0,AE,1,29414
104205415,450257,2015-06-12,2016-06-12,673,250000,40000,AE,1,29455
104205417,450104,2015-09-19,2016-09-19,483,50000,20000,X,1,29588
104205434,450250,2015-08-15,2016-08-15,980,385300,0,X,2,29928
104205453,450002,2015-01-29,2016-01-29,242,188400,0,AE,1,29831
104205497,450029,2015-05-01,2016-05-01,349,125000,50000,X,1,29456
104205516,450089,2015-12-02,2016-12-02,367,100000,40000,X,1,29680
104205526,450025,2015-08-07,2016-08-07,430,250000,100000,C,1,29910
104205538,455413,2015-08-28,2016-08-28,414,250000,54600,AE,1,29407
104205568,455414,2015-07-02,2016-07-02,949,250000,65200,AE,1,29438
104205602,450256,2015-08-20,2016-08-20,677,250000,99100,AE,1,29455
104205637,455413,2015-05-28,2016-05-28,802,250000,30500,A08,1,29455
104205672,450078,2015-07-21,2016-07-21,349,125000,50000,X,1,29505
104205686,450007,2015-01-01,2016-01-01,456,26800,152400,AE,6,29802
104205754,450025,2015-08-14,2016-08-14,780,250000,100000,X,1,29909
104205802,450250,2015-01-15,2016-01-15,502,250000,100000,X,1,29928
104205839,450085,2015-09-28,2016-09-28,405,200000,80000,X,1,29585
104205850,450039,2015-12-19,2016-12-19,1585,132000,0,AE,1,29458
104205887,455412,2015-08-13,2016-08-13,3192,250000,0,AE,1,29407
104205926,450085,2015-09-15,2016-09-15,430,250000,100000,X,1,29585
104205966,450025,2015-05-25,2016-05-25,724,250000,50000,A11,1,29907
104205980,450111,2015-04-10,2016-04-10,787,250000,73900,AE,1,29575
104206014,450042,2015-08-16,2016-08-16,955,83000,0,AE,2,29407
104206045,450104,2015-02-24,2016-02-24,390,200000,80000,X,1,29579
104206077,450110,2015-09-14,2016-09-14,635,250000,100000,AE,1,29582
104206143,455412,2015-12-11,2016-12-11,507,250000,100000,AE,1,29414
104206165,450025,2015-08-29,2016-08-29,430,250000,100000,B,1,29909
104206198,450110,2015-08-09,2016-08-09,564,193600,11000,AE,1,29582
104206241,455412,2015-11-25,2016-11-25,651,250000,100000,X,1,29401
104206259,450115,2015-11-05,2016-11-05,430,250000,100000,X,1,29078
104206340,455413,2015-04-27,2016-04-27,768,250000,100000,AE,1,29402
104206360,455417,2015-05-05,2016-05-05,407,235400,21000,AE,1,29464
104206365,450025,2015-12-31,2016-12-31,710,250000,100000,A10,1,29920
104206367,450250,2015-11-10,2016-11-10,430,250000,100000,C,1,29928
104206378,455417,2015-04-17,2016-04-17,623,162600,61000,A07,1,29464
104206400,450263,2015-02-28,2016-02-28,1275,238400,17600,B,1,29412
104206449,455416,2015-08-02,2016-08-02,1120,250000,89900,AE,1,29451
104206524,450172,2015-01-25,2016-01-25,480,138900,20000,AE,1,29204
104206537,450129,2015-11-15,2016-11-15,849,75000,0,AE,1,29210
104206572,455413,2015-03-13,2016-03-13,417,246000,100000,AE,1,29466
104206603,450250,2015-12-17,2016-12-17,430,250000,100000,X,1,29926
104206627,450029,2015-04-25,2016-04-25,371,150000,60000,X,1,29486
104206633,450251,2015-09-21,2016-09-21,430,250000,100000,X,1,29910
104206641,455413,2015-05-11,2016-05-11,1227,148300,10500,AE,1,29414
104206670,455414,2015-08-03,2016-08-03,695,250000,43800,A12,1,29438
104206722,455412,2015-02-19,2016-02-19,468,250000,0,AE,2,29401
104206730,455412,2015-03-25,2016-03-25,309,250000,0,AE,1,29492
104206811,450085,2015-09-08,2016-09-08,1060,250000,100000,AE,1,29585
104206830,455412,2015-06-14,2016-06-14,430,250000,100000,X,1,29414
104206850,450110,2015-09-12,2016-09-12,1442,165000,21000,C,1,29582
104206890,455413,2015-09-10,2016-09-10,680,219700,91100,AE,1,29458
104206918,450025,2015-05-27,2016-05-27,836,250000,100000,A08,1,29910
104206963,455412,2015-07-02,2016-07-02,631,250000,11600,A07,1,29401
104206977,450256,2015-12-22,2016-12-22,560,250000,66900,AE,1,29455
104207019,450250,2015-06-30,2016-06-30,2677,250000,26200,A07,1,29928
104207078,455413,2015-07-16,2016-07-16,1493,195000,6200,AE,1,29414
104207097,455412,2015-01-15,2016-01-15,2676,250000,22900,AE,1,29401
104207102,450104,2015-10-04,2016-10-04,405,200000,80000,X,1,29588
104207105,455412,2015-04-10,2016-04-10,767,250000,50000,AE,1,29407
104207107,455414,2015-08-19,2016-08-19,794,250000,35300,AE,1,29438
104207126,450110,2015-09-21,2016-09-21,1351,250000,100000,AE,1,29582
104207189,455413,2015-03-15,2016-03-15,2029,250000,52500,AE,1,29466
104262769,450025,2015-11-06,2016-11-06,1743,325700,0,C,2,29909
104262834,455417,2015-11-30,2016-11-30,658,250000,100000,A07,1,29464
104262902,455414,2015-05-27,2016-05-27,657,250000,18900,A12,1,29438
104262913,450025,2015-04-12,2016-04-12,430,250000,100000,X,1,29909
104262956,455417,2015-09-27,2016-09-27,507,250000,100000,AE,1,29464
104262970,450087,2015-10-10,2016-10-10,372,105000,50000,AE,1,29440
104263009,450025,2015-12-01,2016-12-01,655,250000,100000,C,1,29910
104263176,455412,2015-04-06,2016-04-06,877,100000,30000,AE,1,29407
104263194,450073,2015-08-20,2016-08-20,1831,400000,50000,X,6,29483
104263206,450026,2015-01-21,2016-01-21,414,250000,100000,B,1,29902
104263233,455412,2015-05-30,2016-05-30,505,250000,69500,AE,1,29455
104263234,450042,2015-03-24,2016-03-24,183,30000,12000,X,1,29418
104263237,455412,2015-10-27,2016-10-27,602,32200,7500,AE,2,29403
104263248,450068,2015-07-03,2016-07-03,477,250000,100000,X,1,29485
104263294,455417,2015-12-02,2016-12-02,507,250000,100000,AE,1,29464
104263299,450257,2015-12-20,2016-12-20,677,250000,100000,AE,1,29455
104263323,455412,2015-07-20,2016-07-20,469,170400,100000,AE,1,29407
104263337,455418,2015-12-06,2016-12-06,3300,250000,100000,AE,1,29482
104263346,455417,2015-02-22,2016-02-22,427,250000,100000,X,1,29466
104263350,450025,2015-02-01,2016-02-01,398,250000,55100,A08,1,29910
104263378,455417,2015-05-23,2016-05-23,452,250000,100000,AE,1,29466
104263390,455412,2015-07-12,2016-07-12,3532,193600,52500,AE,1,29403
104263395,450025,2015-09-29,2016-09-29,477,250000,100000,C,1,29907
104263402,455417,2015-09-13,2016-09-13,670,250000,49100,A07,1,29464
104263469,455412,2015-12-23,2016-12-23,567,250000,100000,AE,1,29492
104263545,450104,2015-06-17,2016-06-17,301,75000,30000,X,1,29576
104263547,455418,2015-08-28,2016-08-28,836,250000,100000,AE,1,29482
104263653,450104,2015-05-19,2016-05-19,349,125000,50000,X,1,29576
104263752,450257,2015-06-10,2016-06-10,1418,250000,86000,AE,1,29455
104263812,450025,2015-12-10,2016-12-10,655,250000,100000,X,1,29909
104263819,455417,2015-04-21,2016-04-21,430,250000,100000,AE,1,29464
104263845,450104,2015-09-03,2016-09-03,336,75000,30000,X,1,29575
104263955,455412,2015-07-04,2016-07-04,1835,124700,0,A05,1,29403
104263985,450013,2015-12-19,2016-12-19,384,125000,50000,X,1,29621
104263994,455413,2015-04-30,2016-04-30,588,250000,100000,AE,1,29412
104264014,450025,2015-04-18,2016-04-18,430,250000,100000,C,1,29910
104264018,455413,2015-09-06,2016-09-06,452,250000,100000,AE,1,29412
104264025,455417,2015-12-23,2016-12-23,795,250000,100000,AE,1,29466
104264029,450104,2015-06-23,2016-06-23,332,100000,40000,AE,1,29576
104264092,455412,2015-06-19,2016-06-19,2052,250000,0,AE,2,29403
104264117,455412,2015-06-22,2016-06-22,4903,250000,0,V05,1,29414
104264169,450110,2015-12-18,2016-12-18,792,250000,100000,AE,1,29582
104264170,455412,2015-12-31,2016-12-31,6342,5010000,0,X,3,29412
104264200,450104,2015-12-02,2016-12-02,161,0,20000,X,3,29566
104264204,455412,2015-07-29,2016-07-29,1598,220000,30000,A05,1,29403
104264217,450029,2015-07-18,2016-07-18,1245,250000,100000,AE,1,29492
104264257,450029,2015-08-25,2016-08-25,430,250000,100000,X,1,29461
104264272,450068,2015-07-19,2016-07-19,405,200000,80000,X,1,29483
104264273,450250,2015-06-15,2016-06-15,3043,636400,0,AE,2,29928
104264318,450025,2015-04-19,2016-04-19,836,250000,100000,AE,1,29907
104264323,455417,2015-06-29,2016-06-29,430,250000,100000,X,1,29466
104264327,455413,2015-06-08,2016-06-08,596,150000,60000,X,1,29466
104264387,450068,2015-10-27,2016-10-27,655,250000,100000,X,1,29418
104264406,455415,2015-01-30,2016-01-30,1586,250000,0,AE,1,29439
104264414,450110,2015-08-21,2016-08-21,430,250000,100000,X,1,29582
104264453,455412,2015-08-23,2016-08-23,598,250000,100000,AE,1,29455
104264481,450250,2015-09-16,2016-09-16,430,250000,100000,C,1,29926
104264525,455415,2015-04-24,2016-04-24,496,250000,61200,AE,1,29439
104264527,455412,2015-04-24,2016-04-24,816,250000,0,AE,1,29455
104264544,455412,2015-03-15,2016-03-15,440,191500,50000,AE,1,29407
104264583,450029,2015-01-01,2016-01-01,451,500000,50000,X,3,29492
104264590,450025,2015-01-18,2016-01-18,811,250000,100000,A08,1,29926
104264599,450257,2015-09-01,2016-09-01,1334,1000000,0,A12,2,29455
104264600,450115,2015-04-09,2016-04-09,1028,220300,0,AE,1,29074
104264629,455412,2015-06-13,2016-06-13,349,125000,50000,X,1,29403
104264648,455412,2015-03-28,2016-03-28,3233,229500,50000,AE,1,29412
104264649,450025,2015-03-04,2016-03-04,414,250000,100000,X,1,29920
104264654,450042,2015-08-12,2016-08-12,1796,500000,0,AE,3,29405
104264746,455417,2015-01-07,2016-01-07,293,250000,0,AE,1,29464
104264823,450184,2015-08-15,2016-08-15,1755,250000,26300,AE,1,29150
104264840,450230,2015-08-11,2016-08-11,1785,250000,0,AE,1,29127
104264847,455413,2015-12-07,2016-12-07,1369,150200,0,A02,2,29414
104264852,450025,2015-01-16,2016-01-16,284,250000,0,A06,1,29910
104264877,450104,2015-02-11,2016-02-11,472,250000,60800,AE,1,29576
104264910,450129,2015-08-21,2016-08-21,198,30000,12000,X,1,29210
104264925,450025,2015-11-10,2016-11-10,655,250000,100000,C,1,29909
104265023,455413,2015-01-25,2016-01-25,387,232000,100000,AE,1,29412
104265079,450025,2015-05-24,2016-05-24,655,250000,100000,C,1,29909
104265082,450025,2015-03-09,2016-03-09,414,250000,100000,X,1,29907
104265155,455414,2015-08-08,2016-08-08,424,204900,12200,AE,1,29438
104265164,455417,2015-01-23,2016-01-23,483,250000,100000,AE,1,29466
104265169,450025,2015-09-13,2016-09-13,430,250000,100000,X,1,29910
104265192,450104,2015-01-20,2016-01-20,414,250000,100000,X,1,29572
104265204,455412,2015-10-30,2016-10-30,1364,250000,100000,AE,1,29407
104265223,450025,2015-11-30,2016-11-30,430,250000,100000,X,1,29909
104265261,450029,2015-09-04,2016-09-04,236,127000,0,AE,1,29445
104265274,455416,2015-09-30,2016-09-30,585,250000,0,AE,1,29451
104265297,450109,2015-11-13,2016-11-13,371,150000,60000,X,1,29572
104265311,450256,2015-09-09,2016-09-09,331,105100,37100,AE,3,29455
104265331,450085,2015-12-28,2016-12-28,655,250000,100000,X,1,29585
104265346,455417,2015-08-15,2016-08-15,430,250000,100000,X,1,29464
104265355,450172,2015-11-09,2016-11-09,430,250000,100000,X,1,29206
104265369,450110,2015-07-18,2016-07-18,430,250000,100000,X,1,29582
104265431,455412,2015-02-02,2016-02-02,1586,250000,0,AE,1,29403
104265452,450104,2015-03-29,2016-03-29,414,250000,100000,X,1,29576
104265461,450104,2015-08-22,2016-08-22,405,200000,80000,X,1,29576
104265493,455417,2015-08-03,2016-08-03,507,250000,100000,AE,1,29466
104265499,455413,2015-09-24,2016-09-24,462,250000,0,AE,2,29412
104265502,455412,2015-09-27,2016-09-27,618,250000,0,AE,1,29492
104265525,450026,2015-05-15,2016-05-15,430,250000,100000,C,1,29902
104265643,450025,2015-06-28,2016-06-28,726,250000,100000,A09,1,29906
104265682,450025,2015-05-25,2016-05-25,430,250000,100000,C,1,29909
104265796,455412,2015-12-15,2016-12-15,1171,160900,0,A14,1,29403
104265812,450025,2015-03-31,2016-03-31,414,250000,100000,C,1,29926
104265837,450110,2015-09-28,2016-09-28,374,200000,40000,X,3,29582
104265878,450104,2015-07-01,2016-07-01,1462,100000,10000,X,4,29576
104265933,455412,2015-12-05,2016-12-05,738,250000,100000,AE,1,29403
104265949,455414,2015-05-31,2016-05-31,585,216400,0,AE,1,29438
104265954,455413,2015-04-23,2016-04-23,1751,250000,0,AE,1,29414
104265957,450250,2015-07-24,2016-07-24,1913,200000,200000,X,6,29926
104265962,450111,2015-06-26,2016-06-26,477,250000,100000,X,1,29575
104265963,450085,2015-09-26,2016-09-26,430,250000,100000,X,1,29585
104265970,450110,2015-10-13,2016-10-13,430,250000,100000,X,1,29582
104265987,455416,2015-01-21,2016-01-21,4246,250000,100000,AE,1,29451
104265990,450028,2015-04-12,2016-04-12,371,150000,60000,X,1,29935
104266030,455413,2015-02-08,2016-02-08,993,250000,100000,A08,1,29455
104266033,455413,2015-11-05,2016-11-05,405,200000,80000,X,1,29466
104266055,450025,2015-07-08,2016-07-08,430,250000,100000,C,1,29910
104266058,450026,2015-04-25,2016-04-25,449,0,50000,B,1,29902
104266090,450042,2015-10-12,2016-10-12,333,100000,40000,X,1,29405
104266107,450104,2015-09-15,2016-09-15,697,38900,14100,AE,1,29576
104266111,455417,2015-06-14,2016-06-14,430,250000,100000,X,1,29464
104266162,450144,2015-01-30,2016-01-30,362,100000,40000,X,1,29581
104266182,450025,2015-12-08,2016-12-08,724,250000,100000,A09,1,29910
104266201,455412,2015-07-15,2016-07-15,516,0,100000,X,1,29401
104266220,450104,2015-12-06,2016-12-06,346,149600,0,AE,1,29579
104266226,450042,2015-02-18,2016-02-18,2134,300000,300000,X,6,29405
104266245,450109,2015-03-16,2016-03-16,312,100000,40000,X,1,29577
104266304,450025,2015-01-30,2016-01-30,1027,198000,48100,A10,1,29920
104266309,455413,2015-04-10,2016-04-10,430,250000,100000,X,1,29412
104266322,450257,2015-03-16,2016-03-16,443,250000,100000,AE,1,29455
104266368,450085,2015-09-01,2016-09-01,1075,250000,100000,AE,1,29440
104266408,450104,2015-07-11,2016-07-11,430,250000,100000,X,1,29568
104266423,455412,2015-02-23,2016-02-23,468,250000,100000,X,1,29407
104266454,455412,2015-12-13,2016-12-13,1320,471600,0,A14,6,29403
104266480,450025,2015-06-27,2016-06-27,969,250000,22100,A08,1,29909
104266522,455412,2015-07-22,2016-07-22,680,250000,25000,AE,1,29492
104266527,450094,2015-06-08,2016-06-08,470,250000,100000,A,1,29649
104266542,450250,2015-04-28,2016-04-28,576,250000,100000,AE,1,29928
104266543,450026,2015-07-11,2016-07-11,553,220000,80000,A11,1,29902
104266667,450250,2015-04-26,2016-04-26,862,250000,100000,A07,1,29928
104266695,455412,2015-02-17,2016-02-17,1045,500000,0,AE,4,29403
104266727,455417,2015-08-31,2016-08-31,430,250000,100000,X,1,29466
104266730,450250,2015-11-21,2016-11-21,704,250000,100000,AE,1,29928
104266789,455417,2015-10-30,2016-10-30,965,250000,100000,AE,1,29464
104266873,455412,2015-05-20,2016-05-20,405,200000,80000,X,1,29414
104266889,450256,2015-09-14,2016-09-14,732,250000,100000,AE,1,29455
104266897,450104,2015-09-15,2016-09-15,430,250000,100000,X,1,29576
104266928,455413,2015-11-18,2016-11-18,299,180000,50000,AE,1,29412
104266966,455412,2015-07-31,2016-07-31,430,250000,100000,X,1,29412
104267073,450025,2015-09-18,2016-09-18,430,250000,100000,C,1,29909
104267080,450025,2015-07-15,2016-07-15,3289,250000,100000,AE,1,29920
104267085,450087,2015-07-01,2016-07-01,846,250000,78800,AE,1,29440
104267107,450250,2015-06-15,2016-06-15,1984,1058300,0,AE,3,29928
104267127,450025,2015-06-04,2016-06-04,2632,250000,50000,A10,1,29920
104267131,450030,2015-06-28,2016-06-28,430,250000,100000,X,1,29410
104267135,450025,2015-05-30,2016-05-30,430,250000,100000,B,1,29909
104267228,450250,2015-06-25,2016-06-25,485,250000,100000,AE,1,29926
104267268,450250,2015-04-26,2016-04-26,761,250000,100000,AE,1,29928
104267297,455417,2015-04-14,2016-04-14,430,250000,100000,X,1,29464
104267320,450250,2015-12-29,2016-12-29,2348,160000,25000,A07,1,29928
104267324,450250,2015-05-07,2016-05-07,430,250000,100000,X,1,29926
104267325,450104,2015-02-03,2016-02-03,414,250000,100000,X,1,29579
104267335,450025,2015-05-04,2016-05-04,655,250000,100000,C,1,29909
104267362,450025,2015-11-10,2016-11-10,712,250000,88700,A10,1,29920
104267406,455412,2015-10-11,2016-10-11,1101,637000,0,A17,2,29407
104267477,450259,2015-07-20,2016-07-20,630,200000,80000,X,1,29003
104267550,455417,2015-10-08,2016-10-08,430,250000,100000,X,1,29464
104267584,450104,2015-04-30,2016-04-30,1825,88000,10500,AE,1,29576
104267657,455413,2015-03-12,2016-03-12,300,250000,0,AE,1,29466
104267716,450025,2015-09-08,2016-09-08,724,250000,100000,X,1,29920
104267763,450110,2015-06-15,2016-06-15,19016,30017100,0,X,3,29582
104267767,450129,2015-05-13,2016-05-13,2356,222100,25800,A,1,29172
104267768,450184,2015-06-26,2016-06-26,655,250000,100000,X,1,29150
104267776,450140,2015-03-30,2016-03-30,410,165900,0,A,1,29169
104267777,450068,2015-07-16,2016-07-16,399,250000,0,AE,1,29485
104267822,450250,2015-02-14,2016-02-14,612,225000,30000,A07,1,29926
104267856,450110,2015-01-21,2016-01-21,349,153000,40000,AE,1,29582
104267874,450029,2015-04-17,2016-04-17,430,250000,100000,AE,1,29461
104267901,450026,2015-07-24,2016-07-24,405,200000,80000,X,1,29902
104267911,455417,2015-11-26,2016-11-26,394,126200,47300,X,1,29464
104268013,450030,2015-10-30,2016-10-30,655,250000,100000,X,1,29410
104268014,450250,2015-08-01,2016-08-01,1715,250000,62100,A07,1,29928
104268031,450025,2015-09-07,2016-09-07,513,250000,100000,A08,1,29926
104268049,455412,2015-08-28,2016-08-28,430,250000,100000,X,1,29414
104268100,455412,2015-08-24,2016-08-24,2132,275000,0,AE,3,29492
104268124,455415,2015-08-19,2016-08-19,6710,250000,45400,VE,1,29439
104268125,450089,2015-09-20,2016-09-20,477,250000,100000,X,1,29650
104268173,455413,2015-11-07,2016-11-07,468,130000,100000,AE,1,29414
104268232,450028,2015-12-15,2016-12-15,1448,250000,0,A09,1,29902
104268240,455417,2015-09-11,2016-09-11,430,250000,100000,X,1,29464
104268254,450068,2015-07-02,2016-07-02,606,193100,3800,AE,1,29418
104268267,450028,2015-06-25,2016-06-25,1261,464900,0,A09,2,29935
104268305,450250,2015-07-17,2016-07-17,655,250000,100000,C,1,29926
104268336,450104,2015-02-10,2016-02-10,963,90000,10000,AE,1,29575
104268340,450250,2015-06-30,2016-06-30,1422,250000,100000,AE,1,29928
104268362,450104,2015-01-29,2016-01-29,414,250000,100000,X,1,29576
104268411,450250,2015-07-28,2016-07-28,793,460000,0,A07,6,29928
104268444,455417,2015-09-25,2016-09-25,643,250000,100000,AE,1,29466
104268452,450025,2015-09-10,2016-09-10,291,0,100000,C,1,29920
104268467,450111,2015-09-14,2016-09-14,2457,500000,200000,X,4,29575
104268478,455415,2015-08-06,2016-08-06,284,0,49700,AE,1,29412
104268480,450104,2015-07-08,2016-07-08,400,200000,80000,X,1,29568
104268562,455412,2015-09-11,2016-09-11,540,250000,0,AE,1,29455
104268602,450025,2015-10-29,2016-10-29,792,250000,100000,A09,1,29910
104268607,455412,2015-06-30,2016-06-30,456,167000,15000,AE,1,29407
104268612,450250,2015-06-07,2016-06-07,1014,250000,100000,A07,1,29928
104268694,450170,2015-11-04,2016-11-04,430,250000,100000,X,1,29203
104268711,455417,2015-06-20,2016-06-20,630,200000,80000,X,1,29464
104268721,450085,2015-01-10,2016-01-10,517,0,37800,X,3,29576
104268744,455414,2015-05-24,2016-05-24,2527,97900,5300,VE,1,29438
104268758,450025,2015-01-13,2016-01-13,414,250000,100000,C,1,29909
104268772,455412,2015-11-14,2016-11-14,895,250000,50000,AE,1,29401
104268808,450109,2015-01-05,2016-01-05,312,100000,40000,X,1,29577
104268817,450109,2015-08-27,2016-08-27,430,250000,100000,X,1,29577
104268830,455412,2015-04-10,2016-04-10,5209,1012700,0,X,3,29412
104268844,455412,2015-08-22,2016-08-22,504,250000,73000,A02,1,29414
104268876,450170,2015-07-30,2016-07-30,4049,178600,0,X,1,29205
104268913,450250,2015-09-16,2016-09-16,818,54000,0,X,6,29926
104268917,455413,2015-10-04,2016-10-04,1786,179300,44100,AE,1,29407
104268924,450025,2015-09-22,2016-09-22,430,250000,100000,X,1,29910
104268937,450256,2015-11-17,2016-11-17,670,250000,42000,AE,1,29455
104268963,455413,2015-11-29,2016-11-29,727,204000,0,AE,1,29412
104269083,450042,2015-05-16,2016-05-16,430,250000,100000,X,1,29406
104269134,450164,2015-10-26,2016-10-26,702,250000,100000,X,1,29115
104269238,450250,2015-08-19,2016-08-19,1151,100000,35000,A12,1,29928
104269243,450250,2015-10-21,2016-10-21,400,0,55100,AO,6,29928
104269354,450141,2015-08-31,2016-08-31,444,200000,80000,X,1,29546
104269368,450104,2015-10-02,2016-10-02,841,0,100000,X,6,29575
104269434,450085,2015-02-25,2016-02-25,556,250000,100000,AE,1,29440
104269437,450029,2015-02-24,2016-02-24,464,250000,0,AE,1,29461
104269447,450255,2015-08-18,2016-08-18,4327,250000,75000,AE,1,29585
104269492,450257,2015-11-30,2016-11-30,677,250000,100000,AE,1,29455
104269493,455416,2015-09-26,2016-09-26,539,250000,99500,AE,1,29451
104269577,455412,2015-09-23,2016-09-23,535,250000,100000,AE,1,29492
104269589,450250,2015-03-19,2016-03-19,1067,250000,0,A15,1,29928
104269590,450029,2015-03-10,2016-03-10,670,220000,100000,AE,1,29492
104269593,455413,2015-12-30,2016-12-30,1440,500000,153700,A05,4,29414
104269621,455417,2015-03-27,2016-03-27,487,250000,100000,A08,1,29464
104269627,450089,2015-10-12,2016-10-12,349,125000,50000,X,1,29681
104269628,450104,2015-08-14,2016-08-14,2728,500000,300000,X,6,29588
104269640,450085,2015-04-16,2016-04-16,430,250000,100000,X,1,29576
104269642,455417,2015-07-05,2016-07-05,571,250000,100000,AE,1,29466
104269670,450112,2015-11-05,2016-11-05,430,250000,100000,X,1,29927
104269752,450025,2015-09-27,2016-09-27,430,250000,100000,X,1,29909
104269799,450104,2015-08-11,2016-08-11,859,33000,0,AE,1,29576
104269877,450025,2015-03-20,2016-03-20,355,250000,100000,X,1,29907
104269891,450104,2015-10-13,2016-10-13,430,250000,100000,X,1,29572
104269936,455412,2015-11-24,2016-11-24,550,250000,43100,AE,1,29407
104269990,455412,2015-05-21,2016-05-21,937,60500,0,AE,6,29407
104270015,450025,2015-06-05,2016-06-05,723,250000,100000,A10,1,29920
104270066,450025,2015-03-14,2016-03-14,666,250000,25000,A12,1,29926
104270181,450250,2015-04-30,2016-04-30,430,250000,100000,B,1,29926
104270203,455412,2015-01-08,2016-01-08,866,250000,100000,AE,2,29412
104270227,455413,2015-07-16,2016-07-16,706,250000,100000,A08,1,29464
104270237,450250,2015-06-15,2016-06-15,2722,768200,0,AE,2,29928
104270298,450109,2015-07-30,2016-07-30,371,150000,60000,X,1,29577
104270308,455412,2015-09-07,2016-09-07,430,250000,100000,X,1,29414
104270317,455417,2015-06-02,2016-06-02,643,250000,100000,AE,1,29466
104270320,450111,2015-03-16,2016-03-16,356,150000,60000,X,2,29575
104270340,455413,2015-08-03,2016-08-03,452,250000,100000,A14,1,29466
104270447,450129,2015-09-23,2016-09-23,638,250000,0,AE,1,29072
104270452,455412,2015-03-14,2016-03-14,607,250000,73000,AE,1,29407
104270509,450025,2015-04-18,2016-04-18,430,250000,100000,C,1,29920
104270583,450042,2015-10-01,2016-10-01,430,250000,100000,X,1,29420
104270644,455412,2015-05-12,2016-05-12,795,250000,100000,AE,1,29492
104270661,450257,2015-01-09,2016-01-09,448,250000,100000,AE,1,29455
104270700,450250,2015-08-31,2016-08-31,485,250000,100000,A07,1,29926
104270701,455417,2015-09-28,2016-09-28,507,250000,100000,AE,1,29466
104270721,450025,2015-10-31,2016-10-31,430,250000,100000,C,1,29902
104270773,450176,2015-12-10,2016-12-10,405,200000,80000,X,1,29334
104270782,450250,2015-01-30,2016-01-30,414,250000,100000,X,1,29926
104270792,450250,2015-12-31,2016-12-31,6692,500000,0,A07,6,29928
104270800,450104,2015-08-16,2016-08-16,1071,250000,100000,AE,1,29588
104270823,455412,2015-01-16,2016-01-16,4441,250000,67000,AE,1,29401
104270832,450104,2015-09-12,2016-09-12,430,250000,100000,X,1,29576
104270909,450104,2015-07-28,2016-07-28,732,181500,66200,AE,1,29575
104270922,455417,2015-11-04,2016-11-04,501,250000,88800,AE,1,29464
104270924,455413,2015-12-20,2016-12-20,878,46400,0,VE,1,29412
104270943,450109,2015-09-26,2016-09-26,405,150000,60000,X,1,29577
104270969,450085,2015-12-29,2016-12-29,1670,600000,0,AE,2,29585
104271033,450111,2015-06-17,2016-06-17,430,250000,100000,X,1,29575
104271034,450111,2015-07-11,2016-07-11,2789,644200,0,AE,3,29575
104271046,450025,2015-12-31,2016-12-31,2423,490300,0,C,2,29909
104271104,455413,2015-08-10,2016-08-10,430,250000,100000,X,1,29429
104271113,450250,2015-06-21,2016-06-21,4510,250000,100000,AE,1,29928
104271142,450104,2015-11-09,2016-11-09,371,150000,60000,X,1,29577
104271156,450068,2015-10-19,2016-10-19,533,209000,59900,AE,1,29456
104271168,450085,2015-09-26,2016-09-26,2046,250000,100000,AE,1,29440
104271193,450085,2015-03-23,2016-03-23,414,250000,100000,X,1,29576
104271218,450187,2015-12-16,2016-12-16,405,200000,80000,X,1,29510
104271223,455412,2015-02-11,2016-02-11,542,250000,0,X,1,29455
104271298,450113,2015-10-02,2016-10-02,467,180000,30000,AE,1,29909
104271301,450250,2015-02-01,2016-02-01,7397,2866200,0,A07,3,29928
104271308,450111,2015-05-19,2016-05-19,721,204900,50000,X,1,29575
104271333,450025,2015-02-14,2016-02-14,414,250000,100000,C,1,29910
104271373,450250,2015-05-18,2016-05-18,455,250000,75000,A07,1,29926
104271394,455414,2015-04-18,2016-04-18,519,250000,80500,A12,1,29438
104271436,455417,2015-03-07,2016-03-07,443,250000,100000,AE,1,29464
104271532,455417,2015-08-05,2016-08-05,405,200000,80000,X,1,29466
104271536,450085,2015-09-14,2016-09-14,5354,250000,100000,A16,1,29585
104271566,450104,2015-09-24,2016-09-24,430,250000,100000,X,1,29568
104271593,455414,2015-11-09,2016-11-09,416,0,55100,AE,3,29438
104271599,450122,2015-09-30,2016-09-30,444,150000,60000,X,1,29332
104271604,450250,2015-09-12,2016-09-12,481,250000,100000,A07,1,29926
104271615,450028,2015-06-08,2016-06-08,430,250000,100000,C,1,29935
104271618,450110,2015-01-09,2016-01-09,407,146000,0,AE,1,29582
104271675,455417,2015-06-23,2016-06-23,513,250000,100000,AE,1,29466
104271686,455416,2015-05-28,2016-05-28,4226,250000,71900,A08,1,29451
104271694,450029,2015-05-27,2016-05-27,502,250000,100000,AE,1,29461
104271711,450025,2015-05-23,2016-05-23,371,150000,60000,X,1,29909
104271740,450250,2015-04-07,2016-04-07,430,250000,100000,C,1,29926
104271741,450073,2015-07-19,2016-07-19,430,250000,100000,X,1,29485
104271749,450111,2015-08-11,2016-08-11,698,250000,20000,AE,1,29575
104271763,455412,2015-02-28,2016-02-28,515,250000,100000,AE,1,29403
104271767,455412,2015-07-07,2016-07-07,405,200000,80000,X,1,29407
104271794,455412,2015-02-25,2016-02-25,1196,250000,100000,AE,1,29412
104271800,455412,2015-11-30,2016-11-30,643,250000,100000,AE,1,29412
104271851,455412,2015-05-14,2016-05-14,1421,250000,88700,AE,1,29414
104271913,455413,2015-05-29,2016-05-29,405,200000,80000,X,1,29412
104271914,450250,2015-08-11,2016-08-11,430,250000,100000,X,1,29926
104271954,455417,2015-07-03,2016-07-03,724,250000,100000,AE,1,29464
104271993,455413,2015-05-27,2016-05-27,1361,234700,46400,AE,1,29412
104272022,455412,2015-07-05,2016-07-05,765,250000,100000,AE,1,29412
104272046,450025,2015-06-08,2016-06-08,430,250000,100000,X,1,29910
104272075,455413,2015-09-28,2016-09-28,2290,180400,98000,A13,1,29412
104272084,455417,2015-01-15,2016-01-15,414,250000,100000,X,1,29466
104272095,455417,2015-09-16,2016-09-16,2110,250000,100000,AE,1,29464
104272174,455413,2015-04-30,2016-04-30,3001,210000,15000,AE,1,29407
104272179,450025,2015-10-01,2016-10-01,507,250000,100000,X,1,29909
104272219,455413,2015-09-08,2016-09-08,612,159500,88900,AE,1,29426
104272231,450085,2015-02-09,2016-02-09,580,441000,0,AE,2,29585
104272235,455417,2015-09-01,2016-09-01,406,250000,50000,AE,1,29466
104272295,450085,2015-04-27,2016-04-27,430,250000,100000,X,1,29576
104272338,450094,2015-03-24,2016-03-24,176,20000,8000,X,1,29666
104272376,450025,2015-09-14,2016-09-14,430,250000,100000,X,1,29909
104272386,450110,2015-12-13,2016-12-13,1775,250000,29600,AE,1,29582
104272459,450257,2015-09-23,2016-09-23,425,0,85600,AE,3,29455
104272476,450025,2015-08-20,2016-08-20,430,250000,100000,X,1,29909
104272499,450104,2015-10-09,2016-10-09,430,250000,100000,X,1,29579
104272544,455412,2015-08-03,2016-08-03,816,250000,0,AE,1,29414
104272551,450109,2015-06-03,2016-06-03,430,250000,100000,X,1,29577
104272580,450104,2015-11-04,2016-11-04,430,250000,100000,X,1,29576
104272583,450085,2015-11-09,2016-11-09,3704,250000,100000,AE,1,29576
104272594,450104,2015-11-25,2016-11-25,430,250000,100000,X,1,29572
104272655,450256,2015-04-23,2016-04-23,468,250000,100000,AE,1,29455
104272689,450025,2015-08-29,2016-08-29,291,0,100000,C,1,29910
104272752,450085,2015-11-13,2016-11-13,430,250000,100000,X,1,29585
104272753,455412,2015-01-29,2016-01-29,2361,500000,0,X,6,29407
104272766,450104,2015-12-05,2016-12-05,721,225000,0,AE,1,29526
104272783,450251,2015-04-07,2016-04-07,430,250000,100000,C,1,29910
104272806,455413,2015-06-14,2016-06-14,663,250000,0,AE,1,29414
104272830,450025,2015-07-01,2016-07-01,655,250000,100000,C,1,29910
104272858,450025,2015-06-18,2016-06-18,933,250000,85100,AE,1,29907
104272902,455413,2015-10-27,2016-10-27,718,250000,32000,AE,1,29451
104272924,450250,2015-04-30,2016-04-30,430,250000,100000,X,1,29926
104272967,455417,2015-06-12,2016-06-12,729,159500,73900,AE,1,29464
104272975,450089,2015-11-14,2016-11-14,444,200000,80000,X,1,29615
104272981,455413,2015-05-02,2016-05-02,1328,250000,100000,AE,1,29455
104273029,455417,2015-08-05,2016-08-05,792,250000,100000,X,1,29466
104273075,455412,2015-10-30,2016-10-30,21510,500000,100000,AE,3,29414
104273105,455413,2015-11-22,2016-11-22,505,250000,100000,A06,1,29455
104273123,455417,2015-07-12,2016-07-12,507,250000,100000,AE,1,29466
104273130,455414,2015-03-05,2016-03-05,2546,250000,47500,VE,1,29438
104273137,455412,2015-09-29,2016-09-29,918,84700,5600,A07,1,29403
104273143,455412,2015-02-19,2016-02-19,380,186300,57900,AE,1,29414
104273147,455412,2015-01-30,2016-01-30,309,250000,0,AE,1,29492
104273175,450112,2015-11-27,2016-11-27,561,75000,30000,X,1,29927
104273272,450250,2015-09-17,2016-09-17,385,250000,100000,X,1,29926
104273281,450025,2015-06-06,2016-06-06,405,200000,80000,X,1,29909
104273323,450029,2015-05-04,2016-05-04,430,250000,100000,X,1,29461
104273351,455417,2015-09-11,2016-09-11,523,250000,100000,A07,1,29464
104273405,450025,2015-06-27,2016-06-27,630,200000,80000,C,1,29909
104273508,455412,2015-02-16,2016-02-16,807,250000,0,AE,1,29407
104273546,450087,2015-07-16,2016-07-16,1802,250000,50000,AE,1,29440
104273553,455416,2015-04-16,2016-04-16,869,250000,100000,AE,1,29451
104273581,450026,2015-10-27,2016-10-27,3502,250000,100000,A08,1,29902
104273591,450068,2015-10-02,2016-10-02,430,250000,100000,X,1,29483
104273620,450042,2015-11-07,2016-11-07,574,125000,50000,X,1,29405
104273635,450256,2015-05-25,2016-05-25,1302,250000,52500,AE,1,29455
104273656,455412,2015-05-19,2016-05-19,1826,250000,0,AE,1,29401
104273667,450104,2015-10-31,2016-10-31,430,250000,100000,X,1,29588
104273721,450250,2015-08-06,2016-08-06,704,250000,100000,A07,1,29928
104273729,450110,2015-09-18,2016-09-18,1011,54500,0,AE,1,29582
104273739,455417,2015-04-16,2016-04-16,932,500000,250000,AE,6,29464
104273774,455412,2015-06-27,2016-06-27,373,172000,20000,AE,1,29414
104273810,455412,2015-03-30,2016-03-30,308,250000,0,AE,1,29403
104273887,450110,2015-01-29,2016-01-29,2311,523500,0,X,2,29582
104273901,455412,2015-01-06,2016-01-06,2382,250000,0,AE,1,29401
104273943,455412,2015-04-28,2016-04-28,4039,500000,0,A14,6,29401
104273947,450104,2015-09-01,2016-09-01,430,250000,100000,X,1,29568
104273960,455416,2015-11-17,2016-11-17,1937,250000,89900,AE,1,29451
104273970,450104,2015-02-09,2016-02-09,390,200000,80000,X,1,29575
104273974,455412,2015-04-17,2016-04-17,430,250000,100000,X,1,29412
104273989,450025,2015-11-29,2016-11-29,430,250000,100000,C,1,29909
104274069,450250,2015-03-20,2016-03-20,414,250000,100000,X,1,29928
104274084,450025,2015-01-07,2016-01-07,414,250000,100000,X,1,29909
104274192,450250,2015-04-21,2016-04-21,9178,8697300,0,A12,3,29928
104274194,455412,2015-05-20,2016-05-20,589,250000,0,AE,1,29401
104274203,455415,2015-01-30,2016-01-30,743,60000,0,VE,1,29439
104274207,450110,2015-09-11,2016-09-11,693,250000,63800,AE,1,29582
104274280,455413,2015-09-26,2016-09-26,1784,250000,0,A05,1,29414
104274287,455412,2015-06-09,2016-06-09,4788,250000,85600,AE,1,29401
104274312,450110,2015-10-20,2016-10-20,2817,154000,73500,AE,1,29582
104274358,450250,2015-05-07,2016-05-07,908,250000,100000,AE,1,29928
104274405,455417,2015-08-31,2016-08-31,568,250000,0,AE,1,29466
104274422,450250,2015-11-17,2016-11-17,430,250000,100000,B,1,29926
104274458,455413,2015-10-29,2016-10-29,429,250000,70400,AE,1,29407
104274513,450250,2015-10-10,2016-10-10,655,250000,100000,X,1,29926
104274530,450025,2015-02-11,2016-02-11,414,250000,100000,C,1,29910
104274532,455412,2015-08-26,2016-08-26,2096,123600,30000,AE,6,29407
104274548,455412,2015-05-16,2016-05-16,589,250000,0,AE,1,29403
104274550,455412,2015-11-01,2016-11-01,325,170000,0,AE,1,29407
104274560,455412,2015-10-04,2016-10-04,653,250000,0,AE,1,29492
104274592,450025,2015-07-14,2016-07-14,477,250000,100000,X,1,29941
104274595,455413,2015-10-02,2016-10-02,363,250000,100000,A14,1,29464
104274659,450250,2015-07-26,2016-07-26,655,250000,100000,X,1,29926
104274665,450106,2015-11-13,2016-11-13,371,150000,60000,X,1,29527
104274675,450042,2015-02-26,2016-02-26,1256,121000,0,AE,1,29405
104274678,450110,2015-07-11,2016-07-11,1697,105000,0,AE,1,29582
104274713,455417,2015-03-10,2016-03-10,5096,250000,100000,V10,1,29464
104274733,450104,2015-07-11,2016-07-11,405,200000,80000,X,1,29575
104274736,450250,2015-06-08,2016-06-08,814,228100,26900,A07,1,29928
104274861,450025,2015-03-13,2016-03-13,414,250000,100000,C,1,29909
104274896,455412,2015-07-29,2016-07-29,2708,236100,52500,AE,1,29407
104274921,450110,2015-03-05,2016-03-05,418,200000,22100,AE,1,29582
104275022,450104,2015-09-14,2016-09-14,630,200000,80000,X,1,29576
104275038,450025,2015-08-07,2016-08-07,430,250000,100000,X,1,29909
104275040,450029,2015-05-01,2016-05-01,630,200000,80000,X,1,29492
104275091,455412,2015-07-25,2016-07-25,2428,250000,20000,AE,2,29403
104275128,450025,2015-08-20,2016-08-20,430,250000,100000,C,1,29909
104275142,450025,2015-01-14,2016-01-14,875,250000,100000,AE,1,29926
104275151,450104,2015-06-24,2016-06-24,430,250000,100000,X,1,29576
104275156,450073,2015-12-02,2016-12-02,430,250000,100000,X,1,29483
104275178,450085,2015-05-28,2016-05-28,1239,0,200000,X,6,29585
104275212,450025,2015-09-12,2016-09-12,724,250000,100000,A08,1,29909
104275218,455417,2015-04-03,2016-04-03,452,250000,100000,AE,1,29466
104275239,450025,2015-11-24,2016-11-24,430,250000,100000,X,1,29909
104275255,455412,2015-03-06,2016-03-06,3273,250000,100000,AE,1,29401
104275267,455414,2015-02-15,2016-02-15,438,250000,41000,AE,1,29438
104275290,450176,2015-08-24,2016-08-24,430,250000,100000,X,1,29369
104275384,450025,2015-06-05,2016-06-05,430,250000,100000,C,1,29910
104275408,455412,2015-10-25,2016-10-25,890,57000,0,AE,1,29412
104275434,450250,2015-08-25,2016-08-25,510,250000,100000,A07,1,29926
104275435,455417,2015-01-16,2016-01-16,374,250000,0,AE,1,29464
104275475,455413,2015-11-07,2016-11-07,1221,194000,0,AE,1,29412
104275547,450104,2015-09-19,2016-09-19,655,250000,100000,X,1,29582
104275612,455417,2015-12-16,2016-12-16,505,250000,100000,AE,1,29464
104275626,450255,2015-03-30,2016-03-30,322,250000,0,AE,1,29585
104275653,450025,2015-07-28,2016-07-28,953,82500,15500,A09,1,29920
104275661,455413,2015-07-22,2016-07-22,366,24000,0,A08,1,29466
104275777,455415,2015-04-04,2016-04-04,977,250000,24400,AE,1,29439
104275816,450085,2015-03-05,2016-03-05,3759,142000,0,V21,1,29585
104275825,455412,2015-07-30,2016-07-30,744,250000,80500,AE,1,29407
104275838,450025,2015-10-31,2016-10-31,507,250000,100000,A09,1,29907
104275882,455413,2015-10-12,2016-10-12,6028,825000,0,AE,3,29407
104275900,450073,2015-02-02,2016-02-02,390,150000,60000,X,1,29485
104275982,450104,2015-11-16,2016-11-16,405,200000,80000,X,1,29579
104276000,450111,2015-11-30,2016-11-30,1165,160000,0,AE,1,29575
104276002,455413,2015-06-15,2016-06-15,1086,145200,0,AE,1,29412
104276050,450104,2015-12-22,2016-12-22,550,250000,63800,AE,1,29588
104276093,450250,2015-04-01,2016-04-01,11051,1500000,0,A12,3,29928
104276110,450250,2015-09-01,2016-09-01,1238,235200,0,A07,6,29926
104276120,455413,2015-12-30,2018-12-04,600,34900,0,,1,29412
104276136,450085,2015-01-09,2016-01-09,414,250000,100000,B,1,29440
104276185,455417,2015-03-06,2016-03-06,248,114100,0,A13,2,29464
104276229,455417,2015-09-30,2016-09-30,453,250000,100000,AE,1,29466
104276232,455417,2015-03-08,2016-03-08,666,234000,40500,A07,1,29464
104276246,450068,2015-10-14,2016-10-14,371,150000,60000,X,1,29485
104276259,450029,2015-10-11,2016-10-11,430,250000,100000,X,1,29486
104276273,450250,2015-03-17,2016-03-17,823,250000,100000,A07,1,29928
104276314,450104,2015-08-19,2016-08-19,430,250000,100000,X,1,29576
104276348,450025,2015-06-22,2016-06-22,655,250000,100000,C,1,29910
104276437,450075,2015-09-23,2016-09-23,663,118800,4100,A14,1,29180
104276440,450109,2015-06-07,2016-06-07,11078,23010000,100000,VE,3,29577
104276459,450110,2015-09-22,2016-09-22,3512,731900,100000,AE,3,29582
104276474,450025,2015-01-29,2016-01-29,390,200000,80000,X,1,29910
104276589,450039,2015-02-21,2016-02-21,293,250000,0,AE,1,29458
104276631,450250,2015-07-09,2016-07-09,1505,250000,76700,AE,1,29928
104276674,455412,2015-02-25,2016-02-25,2379,250000,46500,AE,1,29412
104276741,450104,2015-03-13,2016-03-13,356,150000,60000,X,1,29576
104276821,450025,2015-06-23,2016-06-23,430,250000,100000,C,1,29909
104276859,450257,2015-05-21,2016-05-21,8185,250000,100000,VE,1,29455
104276863,450085,2015-05-20,2016-05-20,2062,250000,100000,B,1,29585
104276909,455416,2015-05-25,2016-05-25,648,250000,0,AE,1,29451
104276964,450025,2015-07-22,2016-07-22,655,250000,100000,C,1,29909
104277033,450203,2015-11-15,2016-11-15,1183,65000,0,A,1,29003
104277050,450025,2015-07-11,2016-07-11,574,125000,50000,C,1,29906
104277055,455412,2015-04-14,2016-04-14,608,130000,30000,AE,1,29414
104277067,455412,2015-05-16,2016-05-16,5505,250000,40000,AE,1,29455
104277071,450109,2015-09-17,2016-09-17,596,150000,60000,X,1,29577
104277077,455416,2015-02-28,2016-02-28,3479,250000,0,V13,1,29451
104277103,450025,2015-01-02,2016-01-02,414,250000,100000,C,1,29910
104277125,455417,2015-12-04,2016-12-04,648,250000,68100,AE,1,29466
104277152,455412,2015-09-01,2016-09-01,477,250000,100000,X,1,29412
104277163,455413,2015-05-24,2016-05-24,106,250000,37800,AE,1,29455
104277190,450121,2015-10-27,2016-10-27,2360,250000,0,AE,2,29720
104277203,450250,2015-04-28,2016-04-28,1268,250000,100000,A07,1,29928
104277208,450085,2015-06-09,2016-06-09,430,250000,100000,X,1,29440
104277257,450029,2015-12-22,2016-12-22,561,250000,100000,AE,1,29492
104277320,450117,2015-10-15,2016-10-15,571,75000,0,AE,4,29020
104277328,455413,2015-05-19,2016-05-19,549,102700,62500,AE,1,29455
104277391,455412,2015-08-15,2016-08-15,747,250000,84000,A05,1,29414
104277397,455412,2015-07-31,2016-07-31,499,250000,69100,X,1,29407
104277408,450026,2015-01-01,2016-01-01,143,44000,0,X,1,29902
104277478,450104,2015-05-19,2016-05-19,808,133100,0,AE,1,29576
104277510,450250,2015-04-07,2016-04-07,908,250000,100000,AE,1,29926
104277587,455414,2015-10-01,2016-10-01,709,250000,50000,AE,1,29438
104277590,455417,2015-10-08,2016-10-08,430,250000,100000,X,1,29464
104277621,450250,2015-04-26,2016-04-26,2615,250000,21000,A07,1,29928
104277623,450025,2015-12-03,2016-12-03,430,250000,100000,C,1,29910
104277625,450251,2015-06-16,2016-06-16,655,250000,100000,X,1,29909
104277650,450085,2015-08-01,2016-08-01,3907,250000,100000,VE,1,29576
104277671,450085,2015-12-23,2016-12-23,561,250000,100000,AE,1,29440
104277702,455417,2015-03-21,2016-03-21,390,200000,80000,X,1,29466
104277738,455412,2015-01-20,2016-01-20,126,900,300,AE,6,29492
104277783,450109,2015-08-27,2016-08-27,430,250000,100000,X,1,29577
104277923,455412,2015-08-31,2016-08-31,1284,238300,17500,AE,1,29414
104277924,450113,2015-06-23,2016-06-23,430,250000,100000,X,1,29909
104277969,455412,2015-12-23,2016-12-23,1217,250000,46300,AE,1,29407
104277990,450104,2015-09-07,2016-09-07,655,250000,100000,X,1,29572
104277997,455412,2015-03-04,2016-03-04,529,250000,10000,AE,1,29455
104278027,455413,2015-12-15,2016-12-15,643,250000,100000,AE,1,29414
104278082,450025,2015-07-08,2016-07-08,371,150000,60000,X,1,29906
104278099,450250,2015-01-10,2016-01-10,7274,1148800,0,A07,3,29928
104278129,450109,2015-10-28,2016-10-28,1733,250000,0,X,1,29572
104278146,450030,2015-01-16,2016-01-16,746,190000,25000,AE,1,29410
104278149,450250,2015-10-22,2016-10-22,485,250000,100000,AE,1,29928
104278199,450109,2015-11-21,2016-11-21,630,200000,80000,X,1,29577
104278287,455413,2015-12-05,2016-12-05,1659,500000,0,X,6,29455
104278288,450104,2015-06-22,2016-06-22,1915,150000,15000,AE,1,29575
104278319,450025,2015-07-16,2016-07-16,655,250000,100000,X,1,29910
104278344,450115,2015-02-21,2016-02-21,802,225000,100000,AE,1,29020
104278357,455417,2015-07-21,2016-07-21,481,250000,0,X,1,29466
104278368,450111,2015-05-10,2016-05-10,734,250000,31500,AE,1,29575
104278381,455415,2015-10-16,2016-10-16,644,250000,100000,AE,1,29439
104278462,450110,2015-05-29,2016-05-29,997,250000,100000,AE,1,29582
104278513,455412,2015-10-22,2016-10-22,3867,600000,0,AE,3,29401
104278520,455413,2015-05-26,2016-05-26,1123,250000,100000,A06,1,29455
104278526,455417,2015-12-08,2016-12-08,507,250000,100000,AE,1,29464
104278602,455417,2015-03-23,2016-03-23,328,150000,60000,AE,1,29466
104278611,455412,2015-08-22,2016-08-22,558,100000,40000,X,1,29407
104278636,450025,2015-12-01,2016-12-01,731,250000,100000,A10,1,29920
104278730,450104,2015-03-31,2016-03-31,414,250000,100000,X,1,29576
104278737,455413,2015-06-04,2016-06-04,452,250000,100000,AE,1,29412
104278799,450025,2015-07-26,2016-07-26,430,250000,100000,X,1,29909
104278807,450025,2015-08-19,2016-08-19,724,250000,100000,AE,1,29920
104278840,450094,2015-07-26,2016-07-26,588,140000,0,AE,1,29649
104278867,450256,2015-10-21,2016-10-21,567,250000,100000,AE,1,29455
104278934,455413,2015-01-15,2016-01-15,376,238100,83700,AE,1,29455
104278984,450250,2015-10-22,2016-10-22,3098,250000,100000,X,1,29928
104278988,455412,2015-01-16,2016-01-16,2486,250000,100000,AE,1,29401
104279043,450110,2015-03-14,2016-03-14,414,250000,100000,X,1,29582
104279047,455413,2015-11-28,2016-11-28,1345,190400,0,X,1,29412
104279100,450025,2015-12-31,2016-12-31,430,250000,100000,X,1,29909
104279177,455412,2015-11-24,2016-11-24,655,250000,100000,X,1,29403
104279181,450104,2015-07-15,2016-07-15,814,250000,100000,AE,1,29526
104279188,455412,2015-07-06,2016-07-06,711,250000,0,AE,1,29455
104279196,450029,2015-06-19,2016-06-19,566,250000,0,AE,1,29461
104279205,450110,2015-04-21,2016-04-21,863,62000,0,AE,6,29582
104279225,455413,2015-09-04,2016-09-04,725,153000,65000,AE,1,29412
104279231,450110,2015-11-27,2016-11-27,673,250000,52500,AE,1,29582
104279243,450085,2015-05-14,2016-05-14,1217,204900,85200,A,1,29440
104279306,450106,2015-01-14,2016-01-14,499,250000,63800,AE,1,29526
104279316,455417,2015-05-02,2016-05-02,738,250000,100000,AE,2,29466
104279377,455416,2015-07-21,2016-07-21,626,250000,12200,AE,1,29451
104279379,450025,2015-06-09,2016-06-09,430,250000,100000,C,1,29910
104279393,450025,2015-07-12,2016-07-12,430,250000,100000,X,1,29909
104279399,450025,2015-05-10,2016-05-10,430,250000,100000,C,1,29910
104279409,450250,2015-02-06,2016-02-06,418,250000,100000,AE,1,29928
104279416,455413,2015-01-18,2016-01-18,266,250000,0,AE,1,29464
104279418,455412,2015-10-28,2016-10-28,724,250000,100000,AE,1,29492
104279429,450250,2015-07-13,2016-07-13,1529,250000,99900,A08,1,29928
104279436,450206,2015-01-02,2016-01-02,312,100000,40000,X,1,29445
104279461,455417,2015-07-08,2016-07-08,572,250000,0,AE,1,29466
104279473,450112,2015-02-03,2016-02-03,564,228800,100000,A01,1,29927
104279474,455417,2015-06-22,2016-06-22,430,250000,100000,X,1,29464
104279479,450085,2015-09-06,2016-09-06,430,250000,100000,X,1,29585
104279496,450250,2015-02-11,2016-02-11,428,250000,75000,X,1,29926
104279520,450255,2015-06-09,2016-06-09,7431,468200,30600,AE,4,29585
104279549,450250,2015-10-06,2016-10-06,232,8100,25600,A07,2,29928
104279560,450042,2015-10-18,2016-10-18,657,250000,18300,AE,1,29405
104279622,450025,2015-02-25,2016-02-25,658,250000,100000,AE,1,29906
104279641,455412,2015-12-05,2016-12-05,405,200000,80000,X,1,29407
104279642,450025,2015-01-22,2016-01-22,183,30000,12000,X,1,29907
104279680,450250,2015-08-29,2016-08-29,1414,186000,0,X,2,29926
104279786,455413,2015-03-19,2016-03-19,403,250000,66900,AE,1,29412
104279864,450025,2015-11-20,2016-11-20,732,250000,100000,A08,1,29909
104279867,450112,2015-12-19,2016-12-19,430,250000,100000,C,1,29909
104279886,450104,2015-07-29,2016-07-29,630,200000,80000,X,1,29576
104279896,455413,2015-11-17,2016-11-17,257,238000,0,AE,1,29455
104279909,455414,2015-01-19,2016-01-19,487,223300,0,AE,1,29438
104279977,450025,2015-07-06,2016-07-06,406,250000,100000,AE,1,29909
104280007,450129,2015-11-24,2016-11-24,510,250000,0,A,1,29212
104280092,455412,2015-09-11,2016-09-11,343,22000,0,AE,1,29412
104280102,455417,2015-04-21,2016-04-21,1516,500000,0,AE,6,29464
104280134,450250,2015-02-20,2016-02-20,289,225000,50000,A07,1,29926
104280138,450025,2015-02-09,2016-02-09,171,31000,15500,A11,1,29906
104280144,450257,2015-09-15,2016-09-15,1900,1045000,0,A12,3,29455
104280174,450085,2015-07-31,2016-07-31,430,250000,100000,X,1,29576
104280186,455416,2015-10-04,2016-10-04,597,250000,2300,AE,1,29451
104280267,455417,2015-11-30,2016-11-30,355,250000,0,AE,1,29466
104280298,450104,2015-08-17,2016-08-17,655,250000,100000,X,1,29566
104280300,450257,2015-08-19,2016-08-19,568,250000,0,AE,1,29455
104280305,455413,2015-08-08,2016-08-08,308,250000,0,AE,1,29455
104280344,450250,2015-05-26,2016-05-26,430,250000,100000,X,1,29926
104280359,455413,2015-03-27,2016-03-27,3019,250000,0,VE,1,29466
104280407,455417,2015-10-29,2016-10-29,902,250000,50000,AE,1,29464
104280409,455417,2015-06-15,2016-06-15,683,250000,100000,AE,1,29466
104280471,450181,2015-09-07,2016-09-07,192,20000,8000,X,1,29301
104280614,450111,2015-09-01,2016-09-01,430,250000,100000,X,1,29575
104280654,450078,2015-06-23,2016-06-23,430,250000,100000,X,1,29505
104280733,450163,2015-04-09,2016-04-09,386,125000,50000,AE,1,29059
104280757,450250,2015-05-22,2016-05-22,430,250000,100000,X,1,29926
104280802,450250,2015-08-01,2016-08-01,536,250000,100000,A07,1,29928
104280813,450068,2015-11-04,2016-11-04,702,181000,0,A,2,29485
104280822,450250,2015-08-21,2016-08-21,1198,500000,0,A07,6,29926
104280839,455413,2015-06-28,2016-06-28,655,250000,100000,X,1,29438
104280857,450250,2015-11-03,2016-11-03,536,250000,100000,A07,1,29928
104280872,455412,2015-11-17,2016-11-17,507,250000,44100,AE,1,29455
104280880,450104,2015-11-09,2016-11-09,620,250000,52600,AE,1,29588
104280907,455412,2015-11-13,2016-11-13,2260,500000,0,AE,3,29407
104280947,455417,2015-01-25,2016-01-25,443,250000,100000,AE,1,29464
104280990,450255,2015-06-15,2016-06-15,3717,250000,42200,AE,1,29585
104281007,450112,2015-03-13,2016-03-13,528,5600,3100,A,1,29909
104281083,450025,2015-05-25,2016-05-25,430,250000,100000,B,1,29909
104281088,450104,2015-07-23,2016-07-23,625,200000,80000,X,1,29572
104281099,450250,2015-04-09,2016-04-09,479,250000,100000,AE,1,29926
104281182,455418,2015-09-23,2016-09-23,2372,250000,31400,A08,1,29482
104281270,450170,2015-09-26,2016-09-26,301,75000,30000,X,1,29061
104281332,450110,2015-01-23,2016-01-23,356,150000,60000,X,1,29582
104281360,450250,2015-12-01,2016-12-01,706,250000,100000,AE,1,29928
104281375,455416,2015-10-15,2016-10-15,535,250000,100000,AE,1,29451
104281392,450110,2015-10-01,2016-10-01,539,250000,100000,AE,1,29582
104281395,450256,2015-10-12,2016-10-12,693,250000,100000,AE,1,29455
104281435,455413,2015-01-30,2016-01-30,414,250000,100000,X,1,29414
104281443,455412,2015-04-30,2016-04-30,1826,116700,26300,AE,1,29403
104281533,455412,2015-04-23,2016-04-23,535,250000,100000,AE,1,29412
104281544,450085,2015-07-01,2016-07-01,405,200000,80000,X,1,29440
104281596,450104,2015-11-04,2016-11-04,430,250000,100000,X,1,29579
104281642,455415,2015-06-02,2016-06-02,466,250000,35300,AE,1,29439
104281654,450085,2015-12-09,2016-12-09,587,21000,0,A,1,29510
104281661,450042,2015-10-07,2016-10-07,476,184000,88000,VE,1,29405
104281666,455415,2015-02-21,2016-02-21,433,250000,60800,AE,1,29439
104281675,455412,2015-10-07,2016-10-07,568,250000,0,AE,1,29403
104281691,450250,2015-03-13,2016-03-13,933,0,100000,C,3,29926
104281713,450129,2015-03-23,2016-03-23,634,122100,0,AE,1,29210
104281716,455412,2015-09-24,2016-09-24,680,250000,100000,AE,1,29412
104281735,455413,2015-05-03,2016-05-03,715,250000,100000,A09,1,29429
104281741,455412,2015-05-23,2016-05-23,405,200000,80000,AE,1,29414
104281762,450025,2015-05-19,2016-05-19,655,250000,100000,C,1,29910
104281811,450104,2015-07-12,2016-07-12,430,250000,100000,X,1,29575
104281812,450141,2015-08-13,2016-08-13,1161,102300,25000,A,1,29546
104281835,455413,2015-06-26,2016-06-26,1287,198300,20000,A07,1,29412
104281849,455412,2015-07-24,2016-07-24,430,250000,100000,X,1,29492
104281863,455413,2015-01-30,2016-01-30,398,250000,100000,A02,1,29464
104281867,455413,2015-10-12,2016-10-12,422,193100,100000,AE,1,29455
104281869,450042,2015-06-22,2016-06-22,430,250000,100000,X,1,29485
104281889,450068,2015-08-07,2016-08-07,815,126500,52500,A,1,29485
104281951,450068,2015-08-22,2016-08-22,1305,250000,0,X,1,29485
104281974,450085,2015-10-05,2016-10-05,371,150000,60000,X,1,29576
104281990,450250,2015-03-13,2016-03-13,933,0,100000,C,3,29926
104282010,455416,2015-09-13,2016-09-13,527,250000,100000,AE,1,29451
104282025,455417,2015-05-15,2016-05-15,458,250000,100000,AE,1,29466
104282046,450206,2015-02-07,2016-02-07,460,250000,100000,X,1,29445
104282072,450085,2015-01-01,2016-01-01,1299,711500,0,AE,2,29585
104282090,455417,2015-03-06,2016-03-06,344,250000,63800,AE,1,29466
104282144,455413,2015-06-23,2016-06-23,7530,250000,100000,VE,1,29412
104282154,450250,2015-06-09,2016-06-09,1197,250000,100000,AE,1,29928
104282162,450029,2015-10-01,2016-10-01,430,250000,100000,X,1,29445
104282185,455417,2015-09-06,2016-09-06,430,250000,100000,X,1,29466
104282252,455412,2015-03-05,2016-03-05,473,250000,100000,AE,1,29414
104282323,455413,2015-04-24,2016-04-24,2509,135500,0,VE,1,29407
104282366,455412,2015-03-25,2016-03-25,489,250000,100000,AE,1,29414
104282413,450025,2015-01-29,2016-01-29,414,250000,100000,X,1,29920
104282495,450104,2015-09-03,2016-09-03,371,150000,60000,X,1,29572
104282512,455413,2015-08-17,2016-08-17,458,250000,100000,AE,1,29458
104282528,450263,2015-10-15,2016-10-15,405,200000,80000,AE,1,29412
104282545,455417,2015-11-14,2016-11-14,652,250000,50000,AE,1,29466
104282625,450263,2015-07-14,2016-07-14,430,250000,100000,X,1,29412
104282627,450257,2015-12-20,2016-12-20,1123,250000,100000,AE,1,29455
104282639,450025,2015-04-26,2016-04-26,318,141400,0,A09,1,29906
104282706,450110,2015-04-18,2016-04-18,477,250000,100000,X,1,29582
104282715,450250,2015-12-28,2016-12-28,1754,250000,100000,AE,1,29928
104282717,450110,2015-09-30,2016-09-30,405,200000,80000,X,1,29582
104282744,450250,2015-08-29,2016-08-29,749,243100,0,X,2,29926
104282780,450250,2015-07-01,2016-07-01,1500,250000,0,A07,2,29926
104282811,450025,2015-12-07,2016-12-07,430,250000,100000,C,1,29909
104282841,450085,2015-10-09,2016-10-09,430,250000,100000,X,1,29576
104282859,455412,2015-02-26,2016-02-26,906,167000,0,B,1,29414
104282870,450250,2015-11-23,2016-11-23,789,250000,100000,A07,1,29926
104282894,450085,2015-09-09,2016-09-09,579,0,125000,AE,6,29585
104282895,450104,2015-09-25,2016-09-25,405,200000,80000,X,1,29576
104282913,450250,2015-07-21,2016-07-21,430,250000,100000,B,1,29926
104282926,450250,2015-10-12,2016-10-12,479,250000,100000,A07,1,29928
104282934,450104,2015-12-05,2016-12-05,496,225000,0,AE,1,29526
104282948,455416,2015-02-28,2016-02-28,457,250000,88700,AE,1,29451
104282964,450250,2015-08-04,2016-08-04,735,250000,94400,AE,1,29928
104282973,450251,2015-09-28,2016-09-28,371,150000,60000,X,1,29910
104283017,455413,2015-08-18,2016-08-18,505,250000,100000,AE,1,29414
104283105,450104,2015-10-17,2016-10-17,405,200000,80000,X,1,29588
104283107,455417,2015-01-19,2016-01-19,428,189600,0,AE,1,29464
104283229,450025,2015-07-25,2016-07-25,430,250000,100000,X,1,29909
104283244,450250,2015-08-11,2016-08-11,9263,500000,300000,X,6,29928
104283261,450104,2015-06-26,2016-06-26,430,250000,100000,X,1,29579
104283263,450104,2015-09-03,2016-09-03,777,242000,11000,AE,1,29588
104283294,450104,2015-10-04,2016-10-04,301,75000,30000,X,1,29575
104283301,455412,2015-12-13,2016-12-13,785,250000,0,AE,1,29403
104283358,455412,2015-09-19,2016-09-19,1054,250000,27900,AE,1,29455
104283366,455412,2015-08-08,2016-08-08,438,160900,88700,A05,1,29403
104283388,455412,2015-01-29,2016-01-29,2682,4190900,0,A05,3,29455
104283466,450025,2015-02-14,2016-02-14,414,250000,100000,X,1,29909
104283495,450104,2015-05-29,2016-05-29,371,150000,60000,X,1,29576
104283498,450104,2015-08-15,2016-08-15,430,250000,100000,X,1,29576
104283516,450104,2015-02-08,2016-02-08,226,0,60000,X,1,29577
104283520,455413,2015-03-25,2016-03-25,845,250000,1000,AE,1,29412
104283521,450110,2015-07-16,2016-07-16,3194,1364500,0,AE,3,29582
104283526,455417,2015-02-17,2016-02-17,443,250000,100000,AE,1,29466
104283535,455417,2015-04-30,2016-04-30,505,250000,100000,AE,1,29466
104283541,455413,2015-10-23,2016-10-23,560,250000,0,AE,1,29412
104283593,455412,2015-07-21,2016-07-21,2134,250000,50000,AE,1,29455
104283648,450028,2015-03-06,2016-03-06,552,250000,0,A09,1,29902
104283667,450250,2015-03-23,2016-03-23,833,250000,100000,A07,1,29926
104283673,450109,2015-03-24,2016-03-24,414,250000,100000,X,1,29577
104283687,455412,2015-07-20,2016-07-20,718,250000,59200,A02,1,29407
104283741,455417,2015-08-20,2016-08-20,507,250000,100000,AE,1,29464
104283749,455415,2015-08-27,2016-08-27,3602,108500,7000,V13,1,29439
104283772,455413,2015-09-09,2016-09-09,1023,162000,0,AE,1,29407
104283812,455417,2015-08-14,2016-08-14,574,125000,50000,X,1,29464
104283816,450263,2015-02-16,2016-02-16,2014,250000,87300,AE,1,29412
104283823,450025,2015-10-05,2016-10-05,2379,500000,0,A15,6,29928
104283831,450025,2015-04-09,2016-04-09,382,250000,10500,A08,1,29910
104283872,450025,2015-03-11,2016-03-11,390,200000,80000,X,1,29909
104283890,450104,2015-03-14,2016-03-14,414,250000,100000,X,1,29576
104283924,450025,2015-08-21,2016-08-21,430,250000,100000,C,1,29907
104283930,450025,2015-01-13,2016-01-13,1036,250000,22100,A10,1,29920
104283998,450257,2015-11-20,2016-11-20,732,250000,100000,AE,1,29455
104284007,450039,2015-03-27,2016-03-27,2188,250000,42000,A14,1,29458
104284065,450025,2015-02-12,2016-02-12,414,250000,100000,X,1,29910
104284084,455413,2015-09-10,2016-09-10,737,199700,100000,A12,1,29487
104284141,450030,2015-06-30,2016-06-30,1537,193100,5900,AE,1,29410
104284147,455412,2015-06-15,2016-06-15,535,250000,100000,AE,1,29455
104284148,450250,2015-11-03,2016-11-03,510,250000,100000,A12,1,29926
104284156,450104,2015-09-01,2016-09-01,630,200000,80000,X,1,29579
104284176,455416,2015-10-14,2016-10-14,844,250000,50000,A13,1,29451
104284183,450184,2015-07-03,2016-07-03,541,183700,0,AE,1,29150
104284205,455416,2015-10-14,2016-10-14,4887,250000,60800,AE,1,29451
104284253,450111,2015-05-09,2016-05-09,781,250000,0,AE,3,29575
104284260,455417,2015-07-28,2016-07-28,477,250000,100000,X,1,29464
104284264,455412,2015-12-13,2016-12-13,1782,154600,0,AE,1,29403
104284274,450104,2015-12-28,2016-12-28,552,171800,92600,AE,1,29566
104284296,450085,2015-07-03,2016-07-03,430,250000,100000,X,1,29585
104284424,450250,2015-07-31,2016-07-31,1931,500000,100000,X,6,29928
104284504,455414,2015-10-07,2016-10-07,765,250000,100000,A12,1,29438
104284576,450109,2015-10-01,2016-10-01,655,250000,100000,X,1,29577
104284584,455413,2015-11-27,2016-11-27,675,211200,100000,AE,1,29412
104284607,455412,2015-04-17,2016-04-17,405,200000,80000,X,1,29403
104284623,455413,2015-11-06,2016-11-06,1105,178900,0,AE,1,29412
104284666,450025,2015-03-20,2016-03-20,108,18000,2000,A09,1,29906
104284755,455412,2015-02-13,2016-02-13,468,250000,100000,AE,1,29414
104284768,450025,2015-06-27,2016-06-27,405,200000,80000,C,1,29909
104284773,450111,2015-05-01,2016-05-01,9312,480000,63800,AE,6,29575
104284801,450109,2015-07-27,2016-07-27,253,50000,20000,X,1,29577
104284804,455413,2015-06-24,2016-06-24,390,236700,0,AE,1,29412
104284861,450085,2015-09-19,2016-09-19,513,250000,60000,AE,1,29440
104284897,455413,2015-04-07,2016-04-07,1172,70000,4900,AE,1,29407
104284900,455416,2015-10-20,2016-10-20,1614,250000,4600,AE,1,29451
104284987,455412,2015-05-21,2016-05-21,1738,500000,185000,X,6,29492
104284991,450104,2015-07-01,2016-07-01,430,250000,100000,X,1,29579
104285030,455417,2015-10-09,2016-10-09,1595,83200,14600,AE,1,29464
104285065,450104,2015-07-25,2016-07-25,371,150000,60000,X,1,29566
104285073,455412,2015-04-10,2016-04-10,919,238000,100000,AE,1,29492
104285080,455412,2015-08-02,2016-08-02,430,250000,100000,X,1,29403
104285089,450068,2015-02-15,2016-02-15,510,250000,0,AE,1,29485
104285113,455412,2015-04-16,2016-04-16,430,250000,100000,X,1,29412
104285145,450025,2015-05-11,2016-05-11,622,250000,0,AE,1,29910
104285183,450042,2015-06-07,2016-06-07,648,0,26300,X,6,29418
104285194,450256,2015-08-09,2016-08-09,507,250000,100000,AE,1,29455
104285209,450250,2015-02-27,2016-02-27,419,250000,100000,AE,1,29928
104285214,450025,2015-02-26,2016-02-26,269,50000,20000,C,1,29910
104285233,450083,2015-11-19,2016-11-19,488,50000,20000,X,3,29591
104285267,455413,2015-04-03,2016-04-03,198,30000,12000,X,1,29466
104285271,450104,2015-02-08,2016-02-08,414,250000,100000,X,1,29576
104285296,450104,2015-02-23,2016-02-23,414,250000,100000,X,1,29566
104285303,450193,2015-07-07,2016-07-07,477,250000,100000,X,1,29745
104285320,450104,2015-06-25,2016-06-25,399,250000,0,AE,1,29576
104285321,455412,2015-09-07,2016-09-07,405,200000,80000,X,1,29455
104285325,455415,2015-09-12,2016-09-12,842,99900,0,AE,1,29439
104285328,455414,2015-07-15,2016-07-15,4786,250000,51700,VE,1,29438
104285331,450250,2015-09-10,2016-09-10,909,250000,100000,A07,1,29928
104285354,450025,2015-09-09,2016-09-09,437,250000,34800,AE,1,29920
104285355,455417,2015-08-17,2016-08-17,430,250000,100000,X,1,29464
104285360,450025,2015-02-18,2016-02-18,424,250000,80500,X,1,29915
104285378,455416,2015-06-18,2016-06-18,838,250000,6800,A13,1,29451
104285405,455417,2015-12-27,2016-12-27,567,250000,100000,A02,1,29466
104285429,450196,2015-12-14,2016-12-14,647,500000,0,AE,3,29732
104285442,455413,2015-05-27,2016-05-27,429,250000,74800,A07,1,29412
104285454,450104,2015-06-14,2016-06-14,430,250000,100000,X,1,29566
104285484,450025,2015-12-31,2016-12-31,2244,250000,21000,VE,1,29920
104285569,450109,2015-10-25,2016-10-25,721,0,29100,AE,1,29572
104285585,455412,2015-04-08,2016-04-08,627,250000,100000,AE,1,29401
104285592,450251,2015-07-27,2016-07-27,405,200000,80000,X,1,29910
104285601,455413,2015-05-21,2016-05-21,2897,250000,100000,AE,1,29412
104285633,450170,2015-12-24,2016-12-24,453,30000,12000,X,1,29205
104285643,450025,2015-02-27,2016-02-27,1129,250000,100000,A09,1,29907
104285661,455417,2015-10-14,2016-10-14,1897,196000,25000,AE,1,29464
104285679,450025,2015-10-16,2016-10-16,787,90800,33100,X,4,29910
104285698,450250,2015-08-21,2016-08-21,430,250000,100000,X,1,29926
104285725,450250,2015-01-27,2016-01-27,1569,250000,60800,A07,1,29928
104285732,455412,2015-05-21,2016-05-21,574,250000,27600,AE,1,29412
104285734,450025,2015-12-31,2016-12-31,2423,490300,0,X,2,29909
104285805,455412,2015-03-28,2016-03-28,5380,500000,0,AE,4,29403
104285820,450263,2015-06-13,2016-06-13,1965,250000,20200,AE,1,29412
104285859,455413,2015-08-19,2016-08-19,842,103700,0,AE,1,29414
104285881,450029,2015-10-20,2016-10-20,301,75000,30000,X,1,29486
104285971,455412,2015-09-01,2016-09-01,2189,250000,0,AE,1,29403
104285973,455412,2015-03-31,2016-03-31,515,250000,100000,X,1,29412
104285989,450104,2015-12-04,2018-12-04,600,34900,0,,1,29544
104286005,455413,2015-07-02,2016-07-02,430,250000,100000,X,1,29412
104286009,450110,2015-01-12,2016-01-12,1915,209200,20800,A13,1,29582
104286011,455417,2015-08-07,2016-08-07,430,250000,100000,X,1,29466
104286021,455412,2015-03-25,2016-03-25,2454,250000,52500,X,1,29407
104286045,450109,2015-07-08,2016-07-08,655,250000,100000,X,1,29572
104286052,455413,2015-10-31,2016-10-31,1996,139300,84000,AE,1,29412
104286060,455412,2015-06-12,2016-06-12,630,200000,80000,X,1,29407
104286092,450085,2015-06-01,2016-06-01,426,250000,100000,X,1,29585
104286093,455413,2015-03-20,2016-03-20,429,200000,80000,X,1,29407
104286132,450250,2015-08-19,2016-08-19,386,0,20000,X,1,29926
104286134,450170,2015-10-28,2016-10-28,737,249200,60100,AE,1,29209
104286191,450025,2015-06-15,2016-06-15,2685,216500,72000,AE,1,29910
104286213,455417,2015-04-25,2016-04-25,513,250000,100000,AE,1,29466
104286275,455412,2015-01-06,2016-01-06,2668,577600,0,AE,2,29492
104286278,450110,2015-10-27,2016-10-27,2581,128900,12800,AE,1,29582
104286291,450025,2015-04-06,2016-04-06,473,250000,100000,A10,1,29920
104286368,455417,2015-06-06,2016-06-06,507,250000,100000,X,1,29466
104286407,455413,2015-03-07,2016-03-07,763,250000,100000,AE,1,29429
104286422,450250,2015-08-30,2016-08-30,908,250000,100000,A07,1,29928
104286451,450257,2015-05-15,2016-05-15,513,250000,100000,AE,1,29455
104286473,450025,2015-09-07,2016-09-07,343,250000,0,X,1,29940
104286521,455412,2015-07-06,2016-07-06,477,250000,100000,VE,1,29407
104286560,455412,2015-10-05,2016-10-05,3159,392000,0,AE,6,29492
104286585,455412,2015-04-11,2016-04-11,360,250000,0,AE,1,29455
104286654,450250,2015-05-11,2016-05-11,748,250000,86800,AE,1,29928
104286681,455412,2015-07-17,2016-07-17,655,250000,100000,X,1,29412
104286713,455417,2015-12-11,2016-12-11,465,0,100000,AE,1,29466
104286776,450025,2015-03-21,2016-03-21,443,250000,100000,X,1,29907
104286801,450104,2015-09-21,2016-09-21,430,250000,100000,X,1,29579
104286812,450085,2015-04-26,2016-04-26,3242,250000,100000,VE,1,29585
104286869,455417,2015-07-26,2016-07-26,506,250000,100000,AE,1,29466
104286912,450068,2015-12-15,2016-12-15,831,173000,0,AE,1,29420
104286936,450250,2015-06-01,2016-06-01,1754,250000,100000,AE,2,29928
104286942,450250,2015-10-03,2016-10-03,6954,12500000,0,X,3,29928
104287035,450109,2015-08-28,2016-08-28,546,125000,30000,X,3,29572
104287087,450110,2015-04-19,2016-04-19,596,150000,60000,X,1,29582
104287088,455417,2015-06-02,2016-06-02,841,0,100000,X,6,29464
104287153,450025,2015-12-31,2016-12-31,2423,490300,0,C,2,29909
104287207,455413,2015-10-31,2016-10-31,574,125000,50000,X,1,29414
104287212,450196,2015-08-31,2016-08-31,491,115000,57000,AE,1,29730
104287246,455417,2015-01-20,2016-01-20,414,250000,100000,X,1,29464
104287253,450110,2015-09-14,2016-09-14,655,250000,100000,X,1,29582
104287259,450131,2015-08-16,2016-08-16,1437,140000,0,AE,1,29033
104287294,450250,2015-09-11,2016-09-11,908,250000,100000,AE,1,29928
104287309,450104,2015-11-26,2016-11-26,371,150000,60000,X,1,29568
104287312,455417,2015-07-13,2016-07-13,430,250000,100000,X,1,29464
104287341,450025,2015-03-01,2016-03-01,487,250000,100000,A08,1,29907
104287364,450025,2015-04-10,2016-04-10,427,250000,25900,X,1,29909
104287395,455413,2015-03-10,2016-03-10,463,208300,0,AE,1,29412
104287415,450025,2015-04-29,2016-04-29,1627,250000,100000,A07,1,29926
104287417,450085,2015-11-15,2016-11-15,2168,540000,0,AE,2,29585
104287422,455417,2015-11-20,2016-11-20,724,250000,100000,AE,1,29466
104287441,450042,2015-08-12,2016-08-12,1982,227000,0,AE,1,29405
104287458,455412,2015-08-05,2016-08-05,3502,250000,100000,AE,1,29401
104287500,450256,2015-09-07,2016-09-07,732,250000,100000,AE,1,29455
104287504,450025,2015-07-04,2016-07-04,430,250000,100000,X,1,29920
104287524,455413,2015-01-07,2016-01-07,394,250000,100000,AE,1,29412
104287570,450104,2015-01-19,2016-01-19,6217,5780000,0,AE,3,29572
104287599,455417,2015-10-19,2016-10-19,1700,250000,98200,X,1,29464
104287601,450176,2015-04-16,2016-04-16,430,250000,100000,X,1,29369
104287630,450025,2015-09-22,2016-09-22,454,250000,100000,X,1,29910
104287642,455412,2015-02-10,2016-02-10,371,250000,100000,AE,1,29403
104287678,450129,2015-07-01,2016-07-01,437,250000,0,AE,1,29036
104287706,450104,2015-06-27,2016-06-27,655,250000,100000,X,1,29579
104287724,450129,2015-10-01,2016-10-01,1663,155100,14700,AE,1,29212
104287743,450085,2015-05-02,2016-05-02,430,250000,100000,X,1,29576
104287748,450026,2015-10-28,2016-10-28,430,250000,100000,X,1,29902
104287756,450250,2015-07-01,2016-07-01,3098,250000,100000,A07,1,29928
104287759,450109,2015-09-18,2016-09-18,992,88000,0,VE,3,29577
104287768,450025,2015-06-04,2016-06-04,5468,3423000,0,A11,3,29920
104287795,450250,2015-01-25,2016-01-25,364,250000,41000,A08,1,29910
104287816,455417,2015-12-08,2016-12-08,513,250000,100000,AE,1,29466
104287833,450257,2015-05-30,2016-05-30,1028,250000,68700,A06,1,29455
104287867,455413,2015-12-19,2016-12-19,505,250000,100000,A05,1,29414
104287882,450109,2015-03-16,2016-03-16,414,250000,100000,X,1,29572
104287892,450250,2015-02-15,2016-02-15,1059,250000,100000,AE,1,29928
104287893,450042,2015-12-28,2016-12-28,643,85000,0,AE,1,29418
104287897,450025,2015-10-04,2016-10-04,507,250000,100000,A08,1,29909
104287902,450025,2015-10-02,2016-10-02,627,250000,0,AE,1,29906
104287907,455417,2015-10-18,2016-10-18,430,250000,100000,X,1,29466
104287937,455413,2015-10-15,2016-10-15,8982,250000,100000,VE,1,29407
104287959,450110,2015-03-07,2016-03-07,1841,50000,0,AE,6,29582
104287968,450085,2015-11-21,2016-11-21,291,0,100000,X,1,29585
104287983,455412,2015-09-27,2016-09-27,590,154000,26300,AE,3,29412
104288006,450170,2015-06-25,2016-06-25,430,250000,100000,X,1,29229
104288050,450110,2015-11-08,2016-11-08,655,250000,100000,X,1,29582
104288052,455412,2015-11-30,2016-11-30,717,250000,100000,AE,1,29492
104288056,450200,2015-09-18,2016-09-18,198,30000,12000,X,1,29650
104288060,455417,2015-05-03,2016-05-03,477,250000,100000,X,1,29464
104288104,450257,2015-10-17,2016-10-17,507,250000,100000,AE,1,29455
104288133,450025,2015-10-01,2016-10-01,663,250000,31100,AE,1,29920
104288219,455412,2015-05-28,2016-05-28,765,250000,100000,AE,1,29412
104288226,455417,2015-09-09,2016-09-09,643,250000,100000,AE,1,29464
104288232,455413,2015-04-29,2016-04-29,854,0,200000,X,6,29455
104288282,450025,2015-02-12,2016-02-12,344,250000,50000,AE,1,29907
104288298,450111,2015-08-01,2016-08-01,655,250000,100000,X,2,29575
104288311,450104,2015-12-15,2016-12-15,1499,140400,0,AE,1,29579
104288463,455412,2015-06-10,2016-06-10,430,250000,100000,X,1,29412
104288471,455413,2015-07-18,2016-07-18,3327,220000,0,VE,1,29412
104288492,455418,2015-06-14,2016-06-14,627,250000,0,AE,1,29482
104288505,450104,2015-08-31,2016-08-31,371,150000,60000,X,1,29588
104288513,450250,2015-03-08,2016-03-08,423,250000,100000,A07,1,29926
104288603,450029,2015-09-23,2016-09-23,2571,250000,25600,AE,1,29492
104288614,455412,2015-05-22,2016-05-22,2736,250000,0,AE,1,29401
104288621,450250,2015-04-23,2016-04-23,1014,250000,100000,VE,1,29928
104288623,450110,2015-05-20,2016-05-20,31276,3580000,0,V20,3,29582
104288653,450250,2015-01-28,2016-01-28,3991,250000,100000,A07,1,29928
104288670,450068,2015-06-04,2016-06-04,1118,75200,16400,AE,1,29456
104288706,450025,2015-09-29,2016-09-29,3490,256300,12200,AE,1,29906
104288721,450110,2015-10-12,2016-10-12,1500,181500,55100,AE,1,29582
104288730,450111,2015-03-01,2016-03-01,444,250000,40200,AE,2,29575
104288747,450250,2015-03-13,2016-03-13,933,0,100000,C,3,29926
104288750,450250,2015-10-06,2016-10-06,1408,250000,85200,A07,1,29928
104288788,450025,2015-12-31,2016-12-31,1844,372800,0,C,2,29909
104288816,450060,2015-04-10,2016-04-10,530,250000,100000,AE,1,29501
104288832,450025,2015-08-16,2016-08-16,750,250000,0,A10,1,29926
104288890,450068,2015-12-04,2018-12-04,600,34900,0,,1,29483
104288905,455417,2015-08-15,2016-08-15,505,250000,100000,AE,1,29466
104288930,450085,2015-07-07,2016-07-07,430,250000,100000,X,1,29585
104288979,450111,2015-08-15,2016-08-15,430,250000,100000,X,1,29575
104288985,455416,2015-08-23,2016-08-23,3702,250000,30600,AE,1,29451
104288991,450104,2015-11-07,2016-11-07,376,221000,0,AE,1,29526
104288993,450111,2015-10-02,2016-10-02,430,250000,100000,X,1,29575
104289036,450025,2015-05-15,2016-05-15,430,250000,100000,C,1,29910
104289056,455412,2015-04-08,2016-04-08,6765,250000,100000,VE,1,29455
104289068,455412,2015-06-17,2016-06-17,767,191600,0,AE,1,29412
104289142,455415,2015-07-25,2016-07-25,3631,250000,0,VE,1,29439
104289182,450104,2015-06-26,2016-06-26,344,125000,50000,X,2,29588
104289199,450029,2015-06-21,2016-06-21,405,200000,80000,X,1,29486
104289208,450250,2015-03-29,2016-03-29,1900,945300,0,A12,3,29928
104289234,455413,2015-09-17,2016-09-17,405,150000,60000,X,1,29455
104289246,450025,2015-08-15,2016-08-15,430,250000,100000,C,1,29909
104289260,455417,2015-03-18,2016-03-18,415,214200,63800,A02,1,29464
104289263,455417,2015-10-24,2016-10-24,607,250000,100000,X,1,29464
104289272,455414,2015-05-23,2016-05-23,698,250000,41000,AE,1,29438
104289286,455413,2015-04-27,2016-04-27,596,118100,0,AE,1,29438
104289327,455413,2015-02-15,2016-02-15,521,250000,67000,AE,1,29414
104289338,455417,2015-09-28,2016-09-28,1496,250000,18900,B,1,29464
104289354,455413,2015-01-22,2016-01-22,445,183000,0,AE,1,29414
104289362,455412,2015-03-30,2016-03-30,1547,185000,0,AE,1,29401
104289407,455412,2015-09-30,2016-09-30,479,200000,50000,AE,1,29412
104289561,450025,2015-11-01,2016-11-01,514,58000,12400,A10,1,29907
104289618,455412,2015-05-05,2016-05-05,474,250000,27600,X,1,29414
104289673,455412,2015-10-23,2016-10-23,486,250000,80000,AE,1,29414
104289674,455412,2015-08-13,2016-08-13,1055,302500,0,A13,3,29414
104289689,450085,2015-05-03,2016-05-03,405,200000,80000,X,1,29576
104289742,455412,2015-09-02,2016-09-02,1262,250000,39900,AE,1,29407
104289748,450104,2015-08-01,2016-08-01,731,250000,30000,AE,1,29576
104289777,455416,2015-09-28,2016-09-28,3750,1000000,0,AE,2,29451
104289801,450109,2015-09-17,2016-09-17,641,0,50000,X,6,29577
104289803,450089,2015-03-22,2016-03-22,458,51500,0,A,1,29617
104289841,455412,2015-11-05,2016-11-05,505,200000,100000,AE,1,29403
104289894,450112,2015-10-24,2016-10-24,705,181500,100000,A,1,29936
104289917,455412,2015-07-02,2016-07-02,581,250000,100000,AE,1,29492
104289940,450025,2015-12-23,2016-12-23,430,250000,100000,C,1,29909
104289945,455413,2015-05-19,2016-05-19,431,250000,100000,AE,1,29455
104289951,450170,2015-10-07,2016-10-07,430,250000,100000,X,1,29061
104290046,455417,2015-11-18,2016-11-18,430,250000,100000,X,1,29466
104290062,450181,2015-04-19,2016-04-19,405,250000,100000,X,1,29307
104290068,450037,2015-09-21,2016-09-21,776,250000,100000,AE,1,29449
104290073,450042,2015-07-10,2016-07-10,655,250000,100000,X,1,29485
104290085,450110,2015-06-21,2016-06-21,3118,250000,45000,AE,1,29582
104290095,450042,2015-10-15,2016-10-15,349,125000,50000,X,1,29406
104290108,450025,2015-05-10,2016-05-10,688,250000,66200,AE,1,29920
104290136,450025,2015-08-27,2016-08-27,2379,500000,0,A15,6,29928
104290175,450170,2015-04-01,2016-04-01,634,150000,60000,X,1,29063
104290195,450250,2015-06-25,2016-06-25,683,250000,100000,A10,1,29928
104290314,450025,2015-02-09,2016-02-09,414,250000,100000,X,1,29906
104290354,450025,2015-06-24,2016-06-24,732,250000,100000,A09,1,29910
104290360,455416,2015-01-15,2016-01-15,2278,250000,30500,AE,1,29451
104290490,455415,2015-04-29,2016-04-29,3547,1819000,0,AE,3,29439
104290522,450250,2015-11-26,2016-11-26,621,250000,100000,A07,1,29926
104290556,455415,2015-08-11,2016-08-11,591,250000,0,AE,1,29439
104290578,455417,2015-03-20,2016-03-20,1793,792000,0,A14,3,29464
104290586,455412,2015-10-28,2016-10-28,738,250000,100000,AE,1,29492
104290610,455412,2015-06-13,2016-06-13,540,250000,100000,AE,1,29492
104290613,450028,2015-03-23,2016-03-23,1134,110000,0,A08,6,29935
104290637,450042,2015-09-27,2016-09-27,430,250000,100000,X,1,29418
104290641,455413,2015-06-24,2016-06-24,543,250000,100000,AE,1,29412
104290658,450250,2015-09-27,2016-09-27,430,250000,100000,C,1,29926
104290693,450025,2015-08-24,2016-08-24,430,250000,100000,X,1,29910
104290723,450104,2015-05-01,2016-05-01,430,250000,100000,X,1,29579
104374766,450025,2015-07-01,2016-07-01,430,250000,100000,C,1,29907
104374816,450250,2015-02-01,2016-02-01,2537,500000,0,A07,6,29926
104374820,455412,2015-07-11,2016-07-11,636,250000,36800,AE,1,29492
104374859,455412,2015-04-30,2016-04-30,535,250000,100000,AE,1,29414
104374886,455417,2015-07-11,2016-07-11,430,250000,100000,X,1,29464
104374917,450250,2015-05-30,2016-05-30,430,250000,100000,X,1,29928
104374934,455412,2015-04-28,2016-04-28,990,250000,100000,A14,1,29401
104374956,450104,2015-10-27,2016-10-27,693,240000,100000,AE,1,29588
104374996,450025,2015-07-12,2016-07-12,1061,250000,100000,A15,1,29928
104374999,450250,2015-09-09,2016-09-09,662,250000,57900,A07,1,29928
104375039,450104,2015-08-31,2016-08-31,584,145000,12200,AE,1,29575
104375098,455413,2015-09-04,2016-09-04,1559,250000,8400,C,1,29464
104375115,450104,2015-09-11,2016-09-11,430,250000,100000,X,1,29566
104375165,450025,2015-07-05,2016-07-05,430,250000,100000,C,1,29907
104375308,450085,2015-09-04,2016-09-04,702,250000,100000,X,1,29440
104375356,455418,2015-08-08,2016-08-08,780,250000,100000,AE,1,29482
104375399,450042,2015-01-30,2016-01-30,898,97600,0,AE,1,29405
104375409,450025,2015-04-04,2016-04-04,738,250000,100000,A09,1,29910
104375420,450029,2015-07-15,2016-07-15,506,203300,100000,AE,1,29492
104375427,455412,2015-12-07,2016-12-07,625,250000,100000,AE,1,29414
104375445,455413,2015-07-30,2016-07-30,308,250000,0,X,1,29455
104375478,450250,2015-06-15,2016-06-15,430,250000,100000,X,1,29926
104375523,450109,2015-11-21,2016-11-21,430,250000,100000,X,1,29577
104375530,450025,2015-07-16,2016-07-16,655,250000,100000,C,1,29909
104375551,450250,2015-03-31,2016-03-31,204,0,50000,A07,3,29928
104375617,455417,2015-10-15,2016-10-15,10594,1730300,0,A07,3,29464
104375703,450104,2015-02-21,2016-02-21,414,250000,100000,X,1,29566
104375730,455412,2015-10-23,2016-10-23,5986,750000,0,AE,2,29401
104375772,455413,2015-10-10,2016-10-10,567,250000,100000,AE,1,29412
104375790,455412,2015-07-21,2016-07-21,783,237600,100000,AE,1,29412
104375802,450025,2015-07-20,2016-07-20,496,250000,33100,A08,1,29926
104375808,450025,2015-12-11,2016-12-11,430,250000,100000,X,1,29909
104375824,455412,2015-06-30,2016-06-30,535,250000,100000,AE,1,29492
104375934,450104,2015-08-16,2016-08-16,430,250000,100000,X,1,29576
104375938,450250,2015-10-14,2016-10-14,655,250000,100000,C,1,29926
104375976,455416,2015-12-31,2016-12-31,476,0,100000,AE,3,29451
104375983,455417,2015-06-01,2016-06-01,795,250000,60800,AE,1,29464
104376018,455413,2015-08-28,2016-08-28,484,16500,0,AE,4,29412
104376024,450250,2015-06-20,2016-06-20,655,250000,100000,C,1,29926
104376038,455413,2015-12-20,2016-12-20,433,250000,78800,A02,1,29466
104376042,455417,2015-07-02,2016-07-02,506,250000,100000,AE,1,29466
104376050,450025,2015-07-04,2016-07-04,430,250000,100000,C,1,29910
104376053,450042,2015-02-14,2016-02-14,414,250000,100000,X,1,29485
104376058,450025,2015-12-29,2016-12-29,430,250000,100000,C,1,29926
104376061,450025,2015-03-25,2016-03-25,1384,250000,50000,A09,1,29915
104376082,455412,2015-10-05,2016-10-05,1268,250000,100000,AE,1,29492
104376146,450025,2015-07-18,2016-07-18,405,200000,80000,X,1,29909
104376171,455417,2015-06-18,2016-06-18,631,250000,100000,AE,1,29464
104376206,450250,2015-03-12,2016-03-12,2442,250000,33100,A07,1,29928
104376244,455417,2015-08-13,2016-08-13,655,250000,100000,X,1,29466
104376251,450172,2015-10-19,2016-10-19,477,250000,100000,X,1,29209
104376289,450104,2015-07-07,2016-07-07,430,250000,100000,X,1,29566
104376344,455412,2015-04-04,2016-04-04,714,250000,60100,AE,1,29412
104376360,455412,2015-04-18,2016-04-18,632,183000,0,X,1,29414
104376369,450085,2015-03-02,2016-03-02,414,250000,100000,X,1,29576
104376428,450104,2015-10-12,2016-10-12,430,250000,100000,X,1,29588
104376440,455412,2015-01-30,2016-01-30,309,250000,0,AE,1,29492
104376450,450109,2015-04-08,2016-04-08,405,200000,80000,X,1,29577
104376481,450160,2015-10-10,2016-10-10,458,30000,0,AE,1,29115
104376504,450025,2015-10-08,2016-10-08,657,250000,100000,X,3,29907
104376521,450109,2015-01-08,2016-01-08,21837,500000,330800,VE,6,29572
104376523,450250,2015-04-02,2016-04-02,272,0,39000,AE,1,29928
104376524,455413,2015-07-28,2016-07-28,560,173000,25000,AE,1,29412
104376538,455412,2015-10-14,2016-10-14,1608,250000,82200,AE,1,29407
104376540,455417,2015-12-02,2016-12-02,655,250000,100000,X,2,29464
104376544,455412,2015-06-14,2016-06-14,752,244000,25000,AE,1,29407
104376565,450104,2015-08-01,2016-08-01,371,150000,60000,X,1,29526
104376577,455413,2015-01-24,2016-01-24,398,250000,100000,AE,1,29412
104376593,455415,2015-07-05,2016-07-05,2066,110000,10500,VE,4,29439
104376596,455412,2015-08-01,2016-08-01,1908,190000,50000,AE,1,29412
104376716,450250,2015-10-20,2016-10-20,789,250000,100000,A07,1,29926
104376732,450068,2015-06-04,2016-06-04,2000,176100,55000,AE,1,29483
104376738,455417,2015-03-31,2016-03-31,393,250000,100000,AE,1,29466
104376756,450250,2015-06-18,2016-06-18,1971,250000,6800,A07,1,29928
104376758,450104,2015-06-13,2016-06-13,405,200000,80000,X,1,29576
104376771,450250,2015-11-15,2016-11-15,430,250000,100000,X,1,29926
104376820,450257,2015-06-27,2016-06-27,764,250000,100000,AE,1,29455
104376870,455412,2015-09-27,2016-09-27,1131,199100,0,AE,1,29407
104376872,450068,2015-03-05,2016-03-05,414,250000,100000,X,1,29485
104376890,450031,2015-09-30,2016-09-30,430,250000,100000,X,1,29461
104376893,455416,2015-04-06,2016-04-06,760,250000,100000,AE,1,29451
104376928,450104,2015-07-30,2016-07-30,430,250000,100000,X,1,29568
104376975,450250,2015-09-30,2016-09-30,934,250000,100000,A07,1,29928
104376981,455413,2015-08-16,2016-08-16,430,250000,100000,X,1,29449
104376988,450025,2015-01-08,2016-01-08,414,250000,100000,C,1,29909
104377042,450255,2015-07-14,2016-07-14,506,250000,94400,AE,1,29585
104377070,455412,2015-04-22,2016-04-22,430,250000,100000,X,1,29412
104377149,455414,2015-06-10,2016-06-10,724,250000,69100,AE,1,29438
104377159,450250,2015-03-27,2016-03-27,414,250000,100000,C,1,29926
104377245,450250,2015-04-29,2016-04-29,2430,250000,47300,AE,1,29928
104377443,450250,2015-07-27,2016-07-27,2098,250000,0,A07,1,29928
104377467,450129,2015-06-20,2016-06-20,477,250000,100000,X,1,29212
104377553,450250,2015-04-20,2016-04-20,485,250000,100000,A07,1,29926
104377567,450056,2015-08-18,2016-08-18,886,213400,0,AE,1,29446
104377590,455417,2015-07-13,2016-07-13,655,250000,100000,X,2,29464
104377600,455412,2015-08-05,2016-08-05,430,250000,100000,X,1,29455
104377683,455412,2015-09-15,2016-09-15,523,250000,100000,AE,1,29407
104377715,450104,2015-11-13,2016-11-13,430,250000,100000,X,1,29575
104377717,450025,2015-05-09,2016-05-09,655,250000,100000,C,1,29920
104377734,455417,2015-10-11,2016-10-11,430,250000,100000,B,1,29464
104377778,450250,2015-05-25,2016-05-25,1250,250000,100000,A07,1,29928
104377798,450129,2015-11-05,2016-11-05,333,100000,40000,X,1,29212
104377810,450110,2015-10-16,2016-10-16,692,164500,24600,VE,1,29582
104377849,455412,2015-02-06,2016-02-06,210,159600,0,X,1,29407
104377958,450076,2015-02-10,2016-02-10,326,173000,0,AE,1,29541
104377991,455413,2015-08-31,2016-08-31,677,250000,100000,AE,1,29455
104377992,450129,2015-11-09,2016-11-09,2687,192000,64200,AE,1,29210
104378034,450068,2015-05-16,2016-05-16,430,250000,100000,X,1,29485
104378057,450076,2015-07-01,2016-07-01,625,200000,80000,X,1,29501
104378059,455417,2015-06-11,2016-06-11,882,250000,100000,AE,1,29466
104378066,455416,2015-03-04,2016-03-04,5412,250000,100000,AE,1,29451
104378086,450256,2015-02-21,2016-02-21,293,250000,0,AE,1,29455
104378103,450025,2015-11-12,2016-11-12,479,191700,97500,X,1,29902
104378122,450250,2015-06-15,2016-06-15,2613,750000,0,A07,2,29928
104378153,455417,2015-12-21,2016-12-21,1008,0,300000,AE,6,29464
104378237,450025,2015-06-18,2016-06-18,430,250000,100000,X,1,29909
104378240,450104,2015-11-10,2016-11-10,808,31500,28100,AE,1,29526
104378262,450025,2015-07-05,2016-07-05,430,250000,100000,C,1,29909
104378263,455413,2015-08-30,2016-08-30,557,250000,26300,AE,1,29412
104378271,450085,2015-08-24,2016-08-24,2033,695600,0,X,2,29440
104378302,450025,2015-05-28,2016-05-28,780,250000,100000,AE,1,29926
104378312,455412,2015-04-24,2016-04-24,581,250000,100000,X,1,29407
104378314,450068,2015-09-21,2016-09-21,497,202800,0,AE,1,29485
104378323,450257,2015-05-19,2016-05-19,452,250000,100000,AE,1,29455
104378349,455412,2015-01-08,2016-01-08,761,0,100000,VE,3,29401
104378431,455412,2015-05-07,2016-05-07,615,126000,50000,AE,1,29412
104378477,450170,2015-07-01,2016-07-01,852,500000,0,AE,3,29209
104378488,450250,2015-09-14,2016-09-14,6535,1000000,0,AE,2,29928
104378499,450172,2015-05-21,2016-05-21,952,250000,0,AE,1,29206
104378503,455412,2015-05-08,2016-05-08,632,242000,100000,AE,1,29403
104378506,450029,2015-02-10,2016-02-10,492,250000,100000,AE,1,29492
104378507,450250,2015-06-25,2016-06-25,1014,250000,100000,A15,1,29928
104378514,450026,2015-07-09,2016-07-09,586,0,26300,X,6,29902
104378516,455413,2015-09-23,2016-09-23,566,39800,14800,AE,1,29412
104378518,450104,2015-10-04,2016-10-04,430,250000,100000,X,1,29576
104378548,455412,2015-05-14,2016-05-14,405,200000,80000,X,1,29407
104378584,450250,2015-05-12,2016-05-12,577,250000,100000,A07,1,29926
104378644,450085,2015-05-15,2016-05-15,4308,462000,0,A16,2,29585
104378653,450025,2015-11-27,2016-11-27,430,250000,100000,C,1,29910
104378682,450085,2015-09-20,2016-09-20,430,250000,100000,AE,1,29440
104378704,450250,2015-04-28,2016-04-28,533,224100,0,A07,1,29928
104378714,450104,2015-09-14,2016-09-14,430,250000,100000,X,1,29526
104378728,455414,2015-02-18,2016-02-18,1425,250000,84000,AE,6,29438
104378762,450042,2015-12-31,2016-12-31,491,78300,0,X,1,29405
104378774,450257,2015-01-27,2016-01-27,573,250000,100000,AE,1,29455
104378808,450110,2015-02-20,2016-02-20,414,250000,100000,X,1,29582
104378816,455413,2015-12-15,2016-12-15,504,181500,3400,A14,1,29466
104378817,450031,2015-10-27,2016-10-27,430,250000,100000,X,1,29461
104378833,450085,2015-03-05,2016-03-05,492,250000,100000,AE,1,29585
104378843,455417,2015-03-13,2016-03-13,486,250000,100000,AE,1,29466
104378847,450104,2015-06-21,2016-06-21,430,250000,100000,X,1,29576
104378888,450085,2015-05-15,2016-05-15,430,250000,100000,X,1,29585
104378891,450250,2015-04-07,2016-04-07,1529,250000,100000,A07,1,29926
104378913,450257,2015-09-01,2016-09-01,3155,1000000,0,AE,2,29455
104379011,450250,2015-04-29,2016-04-29,2264,750000,0,AE,2,29928
104379014,450025,2015-02-10,2016-02-10,414,250000,100000,C,1,29910
104379059,455412,2015-12-29,2016-12-29,513,250000,100000,AE,1,29492
104379086,450025,2015-06-16,2016-06-16,1179,169000,0,A07,1,29910
104379094,455413,2015-09-18,2016-09-18,287,216700,0,X,1,29412
104379112,450110,2015-07-17,2016-07-17,596,150000,60000,X,1,29582
104379122,455412,2015-05-12,2016-05-12,3014,200000,40000,AE,6,29403
104379169,450104,2015-08-26,2016-08-26,430,250000,100000,X,1,29577
104379171,450109,2015-10-22,2016-10-22,596,150000,60000,X,2,29572
104379183,450042,2015-04-13,2016-04-13,1537,725000,0,AE,3,29418
104379200,450104,2015-09-12,2016-09-12,430,250000,100000,X,1,29576
104379298,455417,2015-07-21,2016-07-21,560,250000,0,AE,1,29466
104379317,450104,2015-05-18,2016-05-18,596,150000,60000,X,1,29579
104379364,455413,2015-08-04,2016-08-04,577,250000,31100,A08,1,29455
104379365,455413,2015-04-26,2016-04-26,431,250000,77600,A06,1,29438
104379436,455413,2015-01-06,2016-01-06,1549,250000,0,AE,1,29412
104379437,450104,2015-06-19,2016-06-19,430,250000,100000,X,1,29576
104379440,455414,2015-12-18,2016-12-18,3928,250000,100000,VE,1,29438
104379473,455417,2015-07-07,2016-07-07,430,250000,100000,X,1,29464
104379480,455412,2015-03-09,2016-03-09,356,250000,0,AE,1,29492
104379483,455417,2015-09-05,2016-09-05,506,250000,100000,X,1,29466
104379509,455413,2015-12-05,2016-12-05,430,250000,100000,X,1,29466
104379546,455412,2015-04-13,2016-04-13,1967,250000,0,AE,2,29401
104379550,450250,2015-08-15,2016-08-15,655,250000,100000,X,1,29926
104379554,450085,2015-05-05,2016-05-05,455,30000,30000,X,3,29585
104379581,455412,2015-03-02,2016-03-02,468,250000,100000,AE,1,29492
104379647,450255,2015-04-19,2016-04-19,2784,242000,67000,AE,1,29585
104379686,455412,2015-03-21,2016-03-21,896,186000,0,AE,1,29407
104379715,455417,2015-08-30,2016-08-30,507,250000,100000,AE,1,29466
104379734,450025,2015-05-24,2016-05-24,1857,135000,500,A09,1,29907
104379777,450250,2015-07-23,2016-07-23,3291,250000,30000,A07,1,29928
104379871,455417,2015-07-09,2016-07-09,824,471000,0,AE,2,29466
104379884,450068,2015-12-25,2016-12-25,371,150000,60000,X,1,29485
104379901,450104,2015-04-14,2016-04-14,430,250000,100000,X,1,29576
104379940,450025,2015-11-22,2016-11-22,430,250000,100000,X,1,29909
104380044,450104,2015-05-05,2016-05-05,405,200000,80000,X,1,29579
104380074,450256,2015-05-30,2016-05-30,1281,225900,52400,AE,1,29455
104380137,450250,2015-03-14,2016-03-14,312,100000,40000,X,1,29926
104380206,455416,2015-06-23,2016-06-23,10690,250000,50000,VE,1,29451
104380233,450025,2015-03-08,2016-03-08,401,250000,57900,A10,1,29920
104380240,455412,2015-09-26,2016-09-26,1337,250000,90300,AE,1,29412
104380259,455412,2015-07-26,2016-07-26,429,250000,100000,X,1,29412
104380303,450250,2015-12-13,2016-12-13,2442,1022200,0,AE,3,29928
104380312,450025,2015-04-06,2016-04-06,821,333600,0,AE,2,29909
104380376,450110,2015-07-14,2016-07-14,461,33300,29000,AE,3,29582
104380380,450085,2015-10-05,2016-10-05,2150,250000,82700,AE,1,29585
104380404,455412,2015-05-02,2016-05-02,535,250000,100000,X,1,29455
104380442,450102,2015-03-15,2016-03-15,414,150000,60000,X,1,29944
104380489,450110,2015-03-04,2016-03-04,278,250000,0,AE,1,29582
104380497,450026,2015-04-17,2016-04-17,702,250000,100000,B,1,29902
104380503,450250,2015-02-28,2016-02-28,9756,1625900,0,A07,3,29928
104380513,450025,2015-09-15,2016-09-15,1091,478300,53600,AE,6,29907
104380554,450250,2015-10-02,2016-10-02,655,250000,100000,X,1,29928
104380615,450085,2015-11-08,2016-11-08,291,0,100000,X,1,29585
104380624,450025,2015-08-21,2016-08-21,647,177200,38500,A09,1,29920
104380686,450263,2015-04-01,2016-04-01,1888,250000,50000,AE,1,29412
104380705,450025,2015-06-11,2016-06-11,430,250000,100000,X,1,29910
104380805,455413,2015-01-23,2016-01-23,743,250000,100000,AE,1,29412
104380828,450025,2015-08-19,2016-08-19,631,250000,100000,A12,1,29920
104380836,450251,2015-08-26,2016-08-26,732,250000,100000,X,1,29910
104380848,450110,2015-06-20,2016-06-20,430,250000,100000,X,1,29582
104380863,455412,2015-01-12,2016-01-12,248,0,80000,X,3,29401
104380893,455413,2015-11-13,2016-11-13,430,250000,100000,X,1,29429
104380909,450040,2015-08-22,2016-08-22,420,250000,21500,A03,1,29449
104380920,450250,2015-10-15,2016-10-15,2531,250000,100000,A07,1,29928
104380938,450030,2015-09-29,2016-09-29,2436,214700,0,A,3,29410
104380946,455417,2015-12-27,2016-12-27,513,250000,100000,AE,1,29464
104381006,455417,2015-12-17,2016-12-17,566,250000,100000,AE,1,29466
104381042,450025,2015-08-15,2016-08-15,506,250000,100000,X,1,29915
104381049,455417,2015-01-25,2016-01-25,463,250000,100000,AE,1,29466
104381198,450250,2015-05-29,2016-05-29,485,250000,100000,A07,1,29926
104381279,455412,2015-02-18,2016-02-18,215,50000,8000,X,3,29407
104381286,450250,2015-11-30,2016-11-30,430,250000,100000,C,1,29926
104381339,455417,2015-10-31,2016-10-31,452,250000,100000,AE,1,29466
104381351,450120,2015-01-29,2016-01-29,390,200000,80000,X,1,29720
104381360,455412,2015-08-28,2016-08-28,1269,250000,30500,AE,1,29401
104381391,450111,2015-04-01,2016-04-01,371,150000,60000,X,1,29575
104381394,455418,2015-08-16,2016-08-16,4332,250000,0,VE,1,29482
104381400,450110,2015-09-17,2016-09-17,680,0,32700,AE,3,29582
104381496,455416,2015-08-08,2016-08-08,1535,135900,25000,AE,1,29451
104381515,455417,2015-06-26,2016-06-26,513,250000,100000,AE,1,29466
104381543,450076,2015-03-22,2016-03-22,386,169700,0,A,1,29560
104381552,455415,2015-06-13,2016-06-13,816,250000,0,AE,1,29439
104381561,455417,2015-02-01,2016-02-01,414,250000,100000,X,1,29464
104381570,450250,2015-05-30,2016-05-30,1197,250000,100000,AE,1,29928
104381602,450250,2015-02-14,2016-02-14,1298,141000,10500,AE,1,29928
104381603,455413,2015-06-10,2016-06-10,1384,152800,24700,AE,1,29438
104381620,455417,2015-04-21,2016-04-21,458,250000,100000,AE,1,29464
104381626,455417,2015-07-11,2016-07-11,727,250000,100000,AE,1,29466
104381670,455418,2015-02-27,2016-02-27,2871,250000,100000,AE,1,29482
104381677,455417,2015-03-29,2016-03-29,334,250000,0,AE,1,29466
104381735,450104,2015-07-27,2016-07-27,371,150000,60000,X,1,29568
104381737,455417,2015-06-05,2016-06-05,430,250000,100000,X,1,29466
104381750,455412,2015-07-09,2016-07-09,535,250000,100000,AE,1,29492
104381818,450104,2015-09-22,2016-09-22,5390,250000,33100,VE,1,29576
104381883,455412,2015-01-01,2016-01-01,414,250000,100000,X,1,29407
104381929,450104,2015-07-23,2016-07-23,1153,55000,0,AE,1,29575
104381988,450256,2015-06-07,2016-06-07,1334,1000000,0,A15,2,29455
104382043,450025,2015-08-06,2016-08-06,4440,1919800,0,X,3,29910
104382046,455412,2015-06-30,2016-06-30,570,148000,0,AE,1,29407
104382073,450104,2015-10-30,2016-10-30,405,200000,80000,X,1,29588
104382141,450089,2015-10-10,2016-10-10,516,130000,3000,AE,2,29609
104382148,450025,2015-06-04,2016-06-04,863,250000,100000,A14,1,29941
104382150,455412,2015-10-24,2016-10-24,655,250000,100000,X,1,29414
104382213,450085,2015-09-27,2016-09-27,432,250000,100000,X,3,29576
104382225,450025,2015-08-19,2016-08-19,430,250000,100000,C,1,29906
104382280,450025,2015-07-28,2016-07-28,471,128000,52500,A12,1,29926
104382327,455417,2015-11-14,2016-11-14,815,250000,80000,AE,1,29464
104382437,455417,2015-08-13,2016-08-13,477,250000,100000,X,1,29464
104382624,450025,2015-05-09,2016-05-09,430,250000,100000,C,1,29909
104382654,450112,2015-11-27,2016-11-27,1997,500000,50000,X,6,29927
104382683,450025,2015-02-20,2016-02-20,200,90400,0,AE,6,29925
104382725,450025,2015-06-07,2016-06-07,404,75000,50000,X,1,29907
104382784,455412,2015-11-07,2016-11-07,430,250000,100000,X,1,29414
104382790,450262,2015-05-31,2016-05-31,913,250000,0,AE,1,29429
104382849,450250,2015-04-01,2016-04-01,666,171600,73900,AE,1,29926
104382929,455417,2015-08-09,2016-08-09,258,50000,20000,X,1,29464
104382955,455412,2015-03-24,2016-03-24,1533,183000,0,AE,1,29414
104382960,450087,2015-01-31,2016-01-31,6090,500000,250000,AE,6,29440
104383001,455417,2015-11-05,2016-11-05,234,0,29600,AE,2,29464
104383015,450172,2015-01-02,2016-01-02,718,76500,0,X,2,29205
104383025,450109,2015-08-17,2016-08-17,333,100000,40000,X,1,29572
104383030,450104,2015-09-20,2016-09-20,553,75000,60000,X,3,29576
104383044,455417,2015-11-18,2016-11-18,906,330000,0,X,2,29464
104383062,450129,2015-06-21,2016-06-21,430,250000,100000,X,1,29073
104383121,450170,2015-10-12,2016-10-12,477,250000,100000,X,1,29206
104383128,455415,2015-07-26,2016-07-26,430,250000,100000,AE,1,29439
104383135,450026,2015-06-08,2016-06-08,430,250000,100000,X,1,29902
104383153,450110,2015-04-05,2016-04-05,2593,200000,36800,AE,1,29582
104383207,455416,2015-04-30,2016-04-30,1120,500000,0,X,6,29451
104383257,450025,2015-10-30,2016-10-30,1070,500000,0,X,6,29906
104383321,450068,2015-11-21,2016-11-21,643,82000,0,AE,1,29485
104383333,455412,2015-04-10,2016-04-10,591,250000,0,AE,1,29401
104383347,455412,2015-12-10,2016-12-10,430,250000,100000,X,1,29403
104383364,450025,2015-07-03,2016-07-03,429,250000,100000,C,1,29902
104383452,455417,2015-06-16,2016-06-16,333,250000,0,X,1,29464
104383457,455412,2015-12-30,2016-12-30,724,250000,100000,AE,1,29492
104383458,450025,2015-09-14,2016-09-14,430,250000,100000,C,1,29906
104383524,455413,2015-04-08,2016-04-08,430,250000,100000,X,1,29412
104383561,450025,2015-10-08,2016-10-08,724,250000,100000,AE,1,29910
104383592,450109,2015-05-07,2016-05-07,6485,500000,500000,VE,6,29577
104383602,455413,2015-05-30,2016-05-30,430,250000,100000,X,1,29412
104383628,455412,2015-03-09,2016-03-09,401,207700,57900,AE,1,29407
104383662,450104,2015-09-13,2016-09-13,592,100000,40000,X,1,29575
104383795,455412,2015-04-03,2016-04-03,766,200000,0,AE,1,29403
104383867,450112,2015-09-30,2016-09-30,489,171600,57900,A09,1,29936
104383880,450025,2015-05-20,2016-05-20,611,250000,13500,A08,1,29909
104383881,455412,2015-01-31,2016-01-31,3349,250000,40200,AE,1,29407
104383897,450037,2015-10-21,2016-10-21,430,250000,100000,X,1,29449
104383925,450160,2015-01-22,2016-01-22,414,250000,100000,X,1,29118
104383942,450025,2015-01-31,2016-01-31,414,250000,100000,X,1,29909
104383945,450025,2015-05-20,2016-05-20,430,250000,100000,C,1,29910
104383948,450250,2015-03-02,2016-03-02,2200,250000,100000,A10,1,29928
104384114,455412,2015-10-24,2016-10-24,792,250000,100000,AE,1,29412
104384144,455413,2015-06-10,2016-06-10,361,250000,0,AE,1,29407
104384146,455412,2015-01-27,2016-01-27,200,47000,20000,AE,3,29492
104384151,455412,2015-11-20,2016-11-20,3431,250000,10500,AE,1,29401
104384162,450104,2015-04-05,2016-04-05,430,250000,100000,X,1,29577
104384170,450184,2015-03-20,2016-03-20,183,30000,12000,X,1,29150
104384175,450025,2015-07-30,2016-07-30,1788,242000,52500,A08,1,29926
104384192,450026,2015-08-09,2016-08-09,487,40000,10000,X,6,29902
104384270,450131,2015-10-02,2016-10-02,872,66600,0,AE,1,29033
104384275,450250,2015-04-25,2016-04-25,612,223400,0,AE,1,29928
104384285,450250,2015-07-12,2016-07-12,536,250000,100000,A07,1,29926
104384290,455412,2015-05-25,2016-05-25,1544,148000,85700,AE,1,29403
104384329,455413,2015-10-08,2016-10-08,2488,227300,0,A07,1,29412
104384336,455417,2015-05-25,2016-05-25,527,165000,78800,AE,1,29464
104384339,450025,2015-10-25,2016-10-25,430,250000,100000,C,1,29909
104384359,455412,2015-04-29,2016-04-29,1826,250000,0,AE,1,29401
104384371,450250,2015-10-01,2016-10-01,4831,3152700,0,X,3,29926
104384378,450250,2015-03-08,2016-03-08,445,250000,100000,X,1,29926
104384381,455414,2015-10-19,2016-10-19,564,250000,100000,AE,1,29438
104384382,450110,2015-09-14,2016-09-14,1926,175300,0,AE,6,29582
104384392,450104,2015-11-30,2016-11-30,3806,220000,38300,AE,1,29576
104384440,450025,2015-04-14,2016-04-14,430,250000,100000,C,1,29906
104384456,450257,2015-05-24,2016-05-24,433,0,76700,VE,3,29455
104384461,450104,2015-04-28,2016-04-28,597,250000,100000,AE,1,29576
104384467,455413,2015-12-21,2016-12-21,868,129400,0,AE,1,29414
104384526,455417,2015-11-10,2016-11-10,358,250000,0,AE,1,29464
104384580,450025,2015-12-12,2016-12-12,6629,250000,100000,AO,1,29920
104384596,455412,2015-07-31,2016-07-31,1320,250000,75000,AE,1,29412
104384608,450085,2015-10-30,2016-10-30,371,150000,60000,X,1,29585
104384681,450110,2015-11-22,2016-11-22,3337,250000,21000,AE,1,29582
104384720,455412,2015-10-31,2016-10-31,1948,250000,0,AE,2,29403
104384812,455416,2015-09-22,2016-09-22,3515,250000,20200,AE,1,29451
104384815,450172,2015-01-14,2016-01-14,390,200000,80000,X,1,29209
104384816,450187,2015-09-05,2016-09-05,444,200000,80000,X,1,29560
104384834,450025,2015-04-04,2016-04-04,710,250000,73900,AE,1,29920
104384841,450250,2015-02-26,2016-02-26,695,250000,100000,A07,1,29928
104384846,455412,2015-05-07,2016-05-07,823,250000,100000,AE,1,29492
104384863,455417,2015-06-30,2016-06-30,903,250000,100000,AE,1,29464
104384883,450104,2015-07-01,2016-07-01,301,75000,30000,X,1,29576
104384886,450250,2015-04-17,2016-04-17,807,250000,50000,AE,1,29928
104384890,455413,2015-03-28,2016-03-28,312,100000,40000,X,1,29466
104384941,455417,2015-10-05,2016-10-05,428,205000,50000,AE,1,29466
104384991,455417,2015-03-13,2016-03-13,337,250000,0,AE,2,29464
104384994,450029,2015-09-09,2016-09-09,371,150000,60000,X,1,29492
104385005,455417,2015-08-25,2016-08-25,452,250000,100000,AE,1,29466
104385025,450250,2015-09-17,2016-09-17,683,250000,100000,AE,1,29928
104385172,450065,2015-09-28,2016-09-28,381,125000,50000,AE,1,29536
104385185,450068,2015-03-20,2016-03-20,364,194000,0,AE,1,29456
104385193,450025,2015-12-31,2016-12-31,2450,503500,0,X,2,29909
104385205,450025,2015-06-28,2016-06-28,430,250000,100000,X,1,29907
104385222,450250,2015-12-23,2016-12-23,1345,250000,55100,AE,1,29928
104385265,450109,2015-06-19,2016-06-19,430,250000,100000,X,1,29577
104385283,450129,2015-09-07,2016-09-07,406,203900,0,AE,1,29212
104385288,450076,2015-05-24,2016-05-24,1054,167400,0,A,1,29591
104385289,455417,2015-02-11,2016-02-11,443,250000,100000,AE,1,29464
104385306,455414,2015-04-27,2016-04-27,826,275000,41000,AE,3,29438
104385402,450110,2015-07-01,2016-07-01,938,250000,100000,AE,1,29582
104385414,455412,2015-05-26,2016-05-26,740,250000,27600,AE,1,29414
104385423,450250,2015-09-23,2016-09-23,430,250000,100000,X,1,29926
104385432,455415,2015-01-02,2016-01-02,749,0,62300,A13,1,29439
104385434,450025,2015-09-07,2016-09-07,507,250000,100000,A09,1,29920
104385461,450104,2015-06-11,2016-06-11,405,200000,80000,X,1,29576
104385469,455415,2015-11-25,2016-11-25,540,250000,100000,AE,1,29439
104385525,455418,2015-05-12,2016-05-12,731,250000,100000,AE,1,29482
104385542,450025,2015-05-18,2016-05-18,430,250000,100000,X,1,29910
104385596,455412,2015-10-21,2016-10-21,446,200000,80000,X,1,29407
104385705,450025,2015-04-12,2016-04-12,563,184000,100000,AE,1,29906
104385720,450257,2015-09-27,2016-09-27,538,250000,0,AE,1,29455
104385737,450251,2015-03-10,2016-03-10,414,250000,100000,X,1,29910
104385757,450250,2015-05-16,2016-05-16,908,250000,100000,A07,1,29928
104385810,450025,2015-12-13,2016-12-13,1499,250000,100000,A11,1,29940
104385835,450094,2015-09-11,2016-09-11,405,200000,80000,X,1,29646
104385841,450026,2015-08-18,2016-08-18,1001,68200,0,C,6,29902
104385853,450110,2015-09-16,2016-09-16,1003,225500,26300,AE,1,29582
104385857,450054,2015-12-30,2018-12-04,600,34900,0,,1,29148
104385944,450250,2015-06-03,2016-06-03,934,250000,100000,A07,1,29928
104385967,450025,2015-07-07,2016-07-07,512,250000,100000,AE,1,29910
104385989,450224,2015-11-16,2016-11-16,1555,73300,0,AE,1,29127
104385993,455416,2015-05-04,2016-05-04,3226,250000,48600,VE,1,29451
104386037,450068,2015-04-27,2016-04-27,559,250000,52500,AE,1,29485
104386047,450104,2015-03-23,2016-03-23,235,50000,20000,X,1,29588
104386056,455413,2015-02-28,2016-02-28,313,250000,100000,AE,1,29455
104386083,455413,2015-10-16,2016-10-16,491,250000,100000,AE,1,29466
104386097,455413,2015-11-23,2016-11-23,771,250000,100000,A02,1,29466
104386141,455417,2015-09-26,2016-09-26,1955,250000,24400,AE,1,29464
104386147,455412,2015-07-03,2016-07-03,592,250000,55100,AE,1,29407
104386148,455415,2015-07-10,2016-07-10,589,250000,0,AE,1,29439
104386214,450250,2015-08-04,2016-08-04,704,250000,100000,A07,1,29928
104386228,455416,2015-03-01,2016-03-01,309,250000,0,A15,1,29451
104386229,455413,2015-03-02,2016-03-02,878,250000,77600,A06,1,29464
104386232,455414,2015-08-24,2016-08-24,716,250000,62300,AE,1,29438
104386271,450104,2015-10-09,2016-10-09,204,0,40000,X,1,29566
104386280,455412,2015-11-01,2016-11-01,1391,250000,20700,AE,1,29412
104386289,450025,2015-09-05,2016-09-05,513,250000,100000,A10,1,29920
104386307,455413,2015-03-26,2016-03-26,376,250000,79400,A12,1,29464
104386337,455412,2015-06-22,2016-06-22,382,250000,25000,X,1,29414
104386365,455413,2015-04-17,2016-04-17,556,250000,20000,A07,1,29412
104386420,450056,2015-09-27,2016-09-27,1006,250000,100000,AE,1,29438
104386438,450025,2015-01-11,2016-01-11,414,250000,100000,C,1,29909
104386480,450002,2015-09-01,2016-09-01,573,250000,8000,X,3,29841
104386502,450250,2015-04-09,2016-04-09,430,250000,100000,C,1,29926
104386538,450109,2015-10-08,2016-10-08,477,250000,100000,X,1,29572
104386543,450025,2015-06-03,2016-06-03,430,250000,100000,X,1,29909
104386562,450025,2015-11-27,2016-11-27,2668,250000,0,AE,1,29920
104386567,450085,2015-06-17,2016-06-17,315,175200,0,AE,1,29440
104386658,450068,2015-05-13,2016-05-13,616,250000,100000,AE,1,29485
104386697,450104,2015-05-16,2016-05-16,371,150000,60000,X,1,29579
104386705,455418,2015-04-13,2016-04-13,3891,250000,67000,A08,1,29482
104386734,455415,2015-12-18,2016-12-18,3468,250000,100000,VE,1,29439
104386735,450250,2015-04-29,2016-04-29,1382,250000,60800,AE,1,29928
104386755,450250,2015-02-12,2016-02-12,1546,471600,53600,X,2,29928
104386766,450104,2015-12-19,2016-12-19,702,250000,100000,X,1,29575
104386768,450085,2015-04-12,2016-04-12,405,250000,100000,X,1,29585
104386807,450025,2015-02-09,2016-02-09,342,250000,2000,AE,1,29902
104386811,450251,2015-02-26,2016-02-26,414,250000,100000,X,1,29910
104386824,450029,2015-05-02,2016-05-02,630,200000,80000,X,1,29492
104386829,455416,2015-04-24,2016-04-24,760,250000,100000,AE,1,29451
104386887,455413,2015-06-26,2016-06-26,430,250000,100000,X,1,29412
104386995,450111,2015-12-08,2016-12-08,655,250000,100000,X,1,29575
104386998,450104,2015-11-20,2016-11-20,430,250000,100000,X,1,29579
104387012,450025,2015-11-09,2016-11-09,343,250000,0,A11,1,29940
104387067,450026,2015-08-31,2016-08-31,1743,400000,0,A11,6,29902
104387073,455412,2015-08-11,2016-08-11,1437,250000,0,B,1,29414
104387106,450110,2015-07-13,2016-07-13,574,125000,50000,X,1,29582
104387117,455414,2015-03-27,2016-03-27,403,250000,37100,AE,1,29438
104387124,450250,2015-07-03,2016-07-03,611,250000,10000,A07,1,29928
104387202,455417,2015-10-28,2016-10-28,1726,135200,0,V10,1,29464
104387204,455412,2015-09-15,2016-09-15,456,250000,32000,AE,1,29492
104387219,450085,2015-05-04,2016-05-04,430,250000,100000,X,1,29585
104387225,450110,2015-09-01,2016-09-01,430,250000,100000,X,1,29582
104387256,455413,2015-11-05,2016-11-05,1529,121000,0,AE,1,29412
104387283,450111,2015-06-24,2016-06-24,655,250000,100000,X,1,29575
104387302,450250,2015-03-13,2016-03-13,697,250000,100000,A07,1,29926
104387322,450250,2015-11-08,2016-11-08,3375,250000,23400,A07,1,29928
104387348,450104,2015-03-24,2016-03-24,356,150000,60000,X,1,29527
104387384,450068,2015-01-14,2016-01-14,541,207900,0,AE,1,29485
104387427,450104,2015-05-15,2016-05-15,430,250000,100000,X,1,29572
104387433,455413,2015-11-25,2016-11-25,430,250000,100000,X,1,29407
104387447,455417,2015-06-16,2016-06-16,791,250000,58500,AE,1,29464
104387476,450110,2015-03-07,2016-03-07,3206,232000,0,VE,1,29582
104387477,450104,2015-06-18,2016-06-18,430,250000,100000,X,1,29576
104387544,450025,2015-10-11,2016-10-11,654,250000,100000,A09,1,29907
104387643,450104,2015-11-04,2016-11-04,430,250000,100000,X,1,29576
104387675,450025,2015-09-04,2016-09-04,459,250000,50000,A10,1,29907
104387719,450250,2015-03-07,2016-03-07,2200,250000,100000,AE,1,29928
104387781,450025,2015-07-30,2016-07-30,405,200000,80000,X,1,29909
104387827,450250,2015-01-10,2016-01-10,1116,743100,0,A07,2,29928
104387837,450250,2015-09-16,2016-09-16,908,250000,100000,A07,1,29928
104387840,450257,2015-08-30,2016-08-30,738,250000,100000,AE,1,29455
104387859,455412,2015-04-05,2016-04-05,4609,500000,100000,X,6,29403
104387864,455413,2015-03-27,2016-03-27,414,250000,100000,X,1,29414
104387874,450176,2015-04-24,2016-04-24,162,20000,8000,X,1,29369
104387899,455417,2015-10-05,2016-10-05,507,250000,100000,AE,1,29464
104387910,455412,2015-11-21,2016-11-21,430,250000,100000,X,1,29414
104387949,450030,2015-05-04,2016-05-04,1784,197900,21300,AE,1,29410
104388006,450042,2015-05-10,2016-05-10,655,250000,100000,X,1,29420
104388022,455413,2015-09-05,2016-09-05,471,219900,43100,AE,1,29414
104388039,450109,2015-08-21,2016-08-21,405,200000,80000,X,1,29577
104388070,450104,2015-12-30,2018-12-04,600,34900,0,,1,29568
104388080,455413,2015-03-19,2016-03-19,964,110600,25600,A05,1,29412
104388110,450089,2015-10-29,2016-10-29,409,150000,60000,X,1,29687
104388149,450250,2015-02-25,2016-02-25,297,250000,5600,A07,1,29926
104388210,450085,2015-01-14,2016-01-14,414,250000,100000,X,1,29576
104388231,450025,2015-07-18,2016-07-18,267,0,80000,X,3,29909
104388260,450025,2015-06-29,2016-06-29,430,250000,100000,B,1,29909
104388277,450025,2015-11-14,2016-11-14,521,250000,57900,A10,1,29907
104388298,455412,2015-03-29,2016-03-29,2713,250000,0,AE,1,29403
104388321,455412,2015-08-15,2016-08-15,2736,250000,0,AE,1,29407
104388386,450104,2015-07-11,2016-07-11,371,150000,60000,X,1,29575
104388451,455413,2015-06-23,2016-06-23,405,200000,80000,X,1,29414
104388454,455413,2015-06-16,2016-06-16,524,250000,50000,AE,1,29455
104388487,455417,2015-12-11,2016-12-11,569,250000,0,AE,1,29466
104388489,450025,2015-07-20,2016-07-20,738,250000,100000,A09,1,29907
104388504,450025,2015-12-31,2016-12-31,1785,345300,0,C,2,29909
104388621,450250,2015-09-30,2016-09-30,1424,250000,100000,A07,1,29928
104388642,455417,2015-03-28,2016-03-28,675,250000,100000,AE,1,29466
104388656,450025,2015-12-31,2016-12-31,1703,307000,0,C,2,29909
104388715,455412,2015-07-29,2016-07-29,655,250000,100000,X,1,29414
104388769,455412,2015-09-20,2016-09-20,469,250000,0,AE,1,29407
104388779,450042,2015-09-13,2016-09-13,1280,150000,50000,X,6,29405
104388809,450042,2015-03-21,2016-03-21,422,110000,54400,X,1,29420
104388846,455417,2015-06-29,2016-06-29,3683,250000,0,AE,1,29464
104388896,450068,2015-05-31,2016-05-31,98,6500,900,X,1,29456
104388900,450025,2015-11-15,2016-11-15,426,250000,100000,C,1,29910
104388944,450250,2015-09-23,2016-09-23,655,250000,100000,X,1,29926
104388960,455413,2015-04-06,2016-04-06,2885,500000,0,B,6,29407
104388990,450170,2015-12-23,2016-12-23,1241,150000,0,AE,1,29223
104388992,450025,2015-05-08,2016-05-08,405,200000,80000,X,1,29920
104389019,450089,2015-06-07,2016-06-07,1980,190000,0,AE,2,29615
104389063,450250,2015-03-21,2016-03-21,861,250000,0,A07,1,29928
104389064,450110,2015-10-23,2016-10-23,343,250000,0,AE,1,29582
104389067,455417,2015-09-20,2016-09-20,479,154600,0,X,1,29466
104389132,450085,2015-03-15,2016-03-15,633,250000,100000,AE,1,29585
104389213,455412,2015-03-19,2016-03-19,2486,250000,100000,AE,1,29403
104389219,450263,2015-07-10,2016-07-10,849,250000,100000,AE,1,29412
104389283,450076,2015-12-05,2016-12-05,410,104400,0,AE,1,29541
104389290,455416,2015-09-18,2016-09-18,1660,250000,0,AE,1,29451
104389318,450250,2015-05-27,2016-05-27,884,250000,25000,AE,1,29928
104389344,455412,2015-11-08,2016-11-08,866,250000,100000,AE,1,29414
104389365,455413,2015-12-28,2016-12-28,490,250000,100000,AE,1,29455
104389366,450250,2015-07-05,2016-07-05,1186,250000,100000,A07,1,29928
104389370,455413,2015-09-06,2016-09-06,724,250000,0,A09,1,29466
104389393,450091,2015-04-25,2016-04-25,430,250000,100000,X,1,29605
104389412,455417,2015-08-10,2016-08-10,430,250000,100000,X,1,29466
104389440,455412,2015-07-16,2016-07-16,360,250000,0,AE,1,29492
104389482,455412,2015-06-07,2016-06-07,430,250000,100000,X,1,29407
104389484,455413,2015-11-30,2016-11-30,401,250000,22400,A13,1,29464
104389518,450025,2015-05-11,2016-05-11,328,100000,40000,C,1,29907
104389555,455412,2015-03-07,2016-03-07,2382,250000,0,AE,1,29401
104389570,455412,2015-07-30,2016-07-30,727,250000,100000,AE,1,29492
104389596,450176,2015-10-16,2016-10-16,430,250000,100000,X,1,29349
104389602,450250,2015-09-27,2016-09-27,1317,250000,82700,A07,1,29926
104389634,450068,2015-03-21,2016-03-21,543,250000,100000,AE,1,29485
104389668,455412,2015-05-09,2016-05-09,3503,250000,100000,AE,1,29401
104389684,455412,2015-03-31,2016-03-31,487,250000,0,AE,1,29455
104389731,455417,2015-08-19,2016-08-19,655,250000,100000,X,1,29464
104389758,450042,2015-03-26,2016-03-26,277,220000,0,AE,1,29405
104389779,450250,2015-03-03,2016-03-03,1321,250000,73900,A07,1,29926
104389815,450257,2015-07-03,2016-07-03,765,250000,97800,A13,1,29455
104389862,455417,2015-08-12,2016-08-12,949,250000,100000,AE,1,29464
104389871,450170,2015-04-26,2016-04-26,558,100000,40000,X,1,29016
104389914,450068,2015-06-19,2016-06-19,548,250000,50000,AE,1,29485
104389922,455413,2015-08-21,2016-08-21,643,250000,100000,AE,1,29455
104390031,455412,2015-12-31,2016-12-31,507,250000,100000,AE,1,29492
104390060,450085,2015-02-09,2016-02-09,390,200000,80000,X,1,29576
104390126,450250,2015-06-29,2016-06-29,479,250000,100000,AE,1,29926
104390135,450068,2015-11-22,2016-11-22,754,173000,57900,AE,1,29456
104390156,455412,2015-03-31,2016-03-31,297,16900,700,AE,1,29412
104390159,455412,2015-09-11,2016-09-11,6121,250000,100000,AE,1,29407
104390181,450026,2015-11-01,2016-11-01,1201,500000,0,X,6,29902
104390195,455417,2015-07-01,2016-07-01,291,0,100000,X,3,29464
104390218,455412,2015-02-05,2016-02-05,406,250000,100000,AE,1,29401
104390412,450025,2015-12-15,2016-12-15,430,250000,100000,C,1,29909
104390426,455415,2015-02-02,2016-02-02,2126,250000,0,AE,1,29439
104390514,455412,2015-05-16,2016-05-16,539,100000,30000,X,3,29412
104390531,450109,2015-05-18,2016-05-18,430,250000,100000,X,1,29577
104390560,450029,2015-11-23,2016-11-23,430,250000,100000,X,1,29461
104390562,450085,2015-10-16,2016-10-16,3053,198100,16300,AE,1,29576
104390629,450251,2015-12-02,2016-12-02,430,250000,100000,X,1,29910
104390637,455413,2015-02-20,2016-02-20,318,250000,12200,X,1,29438
104390660,455413,2015-01-15,2016-01-15,471,250000,20000,AE,1,29414
104390665,455417,2015-07-15,2016-07-15,440,250000,100000,AE,1,29466
104390690,450104,2015-06-24,2016-06-24,430,250000,100000,X,1,29526
104390713,450025,2015-09-03,2016-09-03,1525,219000,46300,AE,1,29902
104390774,450110,2015-11-28,2016-11-28,655,250000,100000,X,1,29582
104390792,455412,2015-11-07,2016-11-07,617,159500,5300,AE,1,29412
104390809,450085,2015-06-28,2016-06-28,558,100000,40000,X,1,29585
104390810,455412,2015-11-22,2016-11-22,5706,161000,20000,AE,1,29412
104390836,450025,2015-04-16,2016-04-16,430,250000,100000,X,1,29926
104390859,455417,2015-10-22,2016-10-22,405,200000,80000,X,1,29466
104390867,450104,2015-05-28,2016-05-28,655,250000,100000,X,1,29576
104390905,455417,2015-10-04,2016-10-04,507,250000,100000,AE,1,29466
104390921,455412,2015-12-21,2016-12-21,639,250000,100000,AE,1,29407
104390937,450110,2015-01-12,2016-01-12,414,250000,100000,X,1,29582
104390972,455412,2015-05-22,2016-05-22,941,250000,57900,AE,1,29403
104391006,450025,2015-04-20,2016-04-20,678,250000,50000,AE,1,29920
104391010,450134,2015-03-19,2016-03-19,1877,500000,100000,X,6,29072
104391011,455412,2015-10-06,2016-10-06,523,250000,100000,AE,1,29492
104391057,455412,2015-01-24,2016-01-24,521,250000,79900,AE,1,29492
104391088,450250,2015-04-11,2016-04-11,291,0,100000,C,1,29926
104391110,450025,2015-03-31,2016-03-31,414,250000,100000,C,1,29907
104391122,455412,2015-09-26,2016-09-26,2150,250000,0,AE,1,29407
104391144,455416,2015-05-15,2016-05-15,392,250000,60800,AE,1,29451
104391149,455417,2015-02-07,2016-02-07,395,250000,50000,A08,1,29464
104391153,450256,2015-12-23,2016-12-23,742,250000,100000,AE,1,29455
104391172,450110,2015-09-29,2016-09-29,2629,250000,55100,AE,1,29582
104391215,450104,2015-03-22,2016-03-22,414,250000,100000,X,1,29566
104391220,450104,2015-12-03,2016-12-03,405,200000,80000,X,1,29575
104391232,450250,2015-09-21,2016-09-21,1049,250000,55100,A07,1,29928
104391242,450078,2015-04-06,2016-04-06,198,30000,12000,X,1,29505
104391292,455412,2015-10-26,2016-10-26,1129,100000,20000,AE,1,29403
104391311,455416,2015-07-20,2016-07-20,5536,250000,100000,VE,1,29451
104391329,455412,2015-08-12,2016-08-12,405,200000,80000,X,1,29414
104391393,455412,2015-11-01,2016-11-01,2598,250000,52500,VE,1,29455
104391432,450104,2015-10-02,2016-10-02,597,150000,60000,AE,1,29526
104391526,450068,2015-06-27,2016-06-27,430,250000,100000,X,1,29485
104391551,455412,2015-11-18,2016-11-18,624,250000,0,AE,1,29403
104391560,455417,2015-08-31,2016-08-31,463,250000,55100,AE,1,29464
104391589,450263,2015-01-30,2016-01-30,481,200900,57900,AE,1,29412
104391613,450250,2015-12-03,2016-12-03,430,250000,100000,C,1,29926
104391627,455412,2015-06-15,2016-06-15,822,250000,100000,AE,1,29492
104391683,450058,2015-09-07,2016-09-07,162,20000,8000,X,1,29488
104391693,450078,2015-03-31,2016-03-31,389,125000,50000,X,1,29505
104391705,450025,2015-09-22,2016-09-22,509,160000,0,A07,1,29915
104391721,455412,2015-01-31,2016-01-31,439,250000,26700,A05,1,29414
104391746,450227,2015-07-20,2016-07-20,656,192000,0,A,1,29655
104391749,450087,2015-08-07,2016-08-07,429,250000,100000,X,1,29440
104391793,450104,2015-07-29,2016-07-29,430,250000,100000,X,1,29576
104391804,450250,2015-10-17,2016-10-17,655,250000,100000,C,1,29926
104391869,455417,2015-04-01,2016-04-01,513,250000,100000,AE,1,29464
104391942,450110,2015-08-07,2016-08-07,483,250000,100000,AE,1,29566
104391985,450104,2015-08-09,2016-08-09,940,50400,23000,AE,1,29568
104392024,455417,2015-09-14,2016-09-14,430,250000,100000,X,1,29464
104392069,455413,2015-07-30,2016-07-30,452,250000,100000,AE,1,29487
104392070,450250,2015-07-10,2016-07-10,1197,250000,100000,A07,1,29926
104392071,450250,2015-12-30,2016-12-30,684,250000,100000,A07,1,29928
104392072,450025,2015-06-24,2016-06-24,641,0,50000,C,4,29910
104392094,450068,2015-09-07,2016-09-07,349,125000,50000,X,1,29483
104392116,455417,2015-12-19,2016-12-19,527,231000,100000,AE,1,29464
104392150,455418,2015-07-12,2016-07-12,3525,250000,100000,A08,2,29482
104392221,450025,2015-06-30,2016-06-30,1788,228500,69300,A09,1,29906
104392223,450250,2015-07-28,2016-07-28,479,250000,100000,A07,1,29926
104392230,450257,2015-06-07,2016-06-07,1466,250000,70000,AE,1,29455
104392240,455412,2015-01-02,2016-01-02,777,250000,62100,AE,1,29407
104392287,450104,2015-01-12,2016-01-12,328,137800,20800,AE,1,29576
104392310,450104,2015-10-22,2016-10-22,1054,18200,0,A,1,29526
104392362,455412,2015-03-31,2016-03-31,601,250000,0,AE,1,29412
104392380,450250,2015-04-07,2016-04-07,684,250000,100000,AE,1,29928
104392387,450025,2015-07-04,2016-07-04,655,250000,100000,X,1,29910
104392388,450075,2015-11-16,2016-11-16,483,250000,15800,AE,1,29130
104392413,450251,2015-01-14,2016-01-14,414,250000,100000,X,1,29910
104392462,455417,2015-11-07,2016-11-07,506,250000,100000,AE,1,29466
104392473,450029,2015-10-25,2016-10-25,349,125000,50000,X,1,29461
104392495,455412,2015-11-01,2016-11-01,371,150000,60000,X,1,29412
104392497,455417,2015-01-01,2016-01-01,208,5000,50000,AE,1,29464
104392507,450025,2015-05-15,2016-05-15,737,250000,100000,A10,1,29920
104392520,450025,2015-10-12,2016-10-12,1780,343500,0,C,2,29909
104392528,450104,2015-08-23,2016-08-23,333,100000,40000,X,1,29579
104392549,450025,2015-12-22,2016-12-22,567,250000,100000,A08,1,29909
104392551,455412,2015-02-06,2016-02-06,620,250000,63800,AE,1,29403
104392565,450085,2015-09-22,2016-09-22,1831,400000,50000,X,6,29585
104392600,455413,2015-09-10,2016-09-10,660,203800,52500,A13,1,29464
104392611,450025,2015-11-23,2016-11-23,430,250000,100000,C,1,29920
104392626,450042,2015-10-03,2016-10-03,460,192900,0,AE,1,29405
104392705,450104,2015-06-22,2016-06-22,371,150000,60000,X,1,29566
104392734,450085,2015-03-27,2016-03-27,586,0,100000,X,6,29585
104392783,455412,2015-01-31,2016-01-31,6170,9000000,0,AE,3,29492
104392803,455417,2015-12-20,2016-12-20,617,250000,36000,AE,1,29464
104392812,450025,2015-09-03,2016-09-03,576,250000,100000,X,1,29910
104392841,450042,2015-07-30,2016-07-30,629,127300,36900,A07,1,29405
104392844,450104,2015-08-17,2016-08-17,405,200000,80000,X,1,29568
104392868,450250,2015-04-25,2016-04-25,655,250000,100000,C,1,29928
104392878,455412,2015-05-26,2016-05-26,4306,250000,61200,A07,1,29401
104392955,455417,2015-03-11,2016-03-11,442,250000,100000,AE,1,29466
104392973,450085,2015-06-06,2016-06-06,1196,132700,0,A,1,29440
104392985,450109,2015-08-07,2016-08-07,430,250000,100000,X,1,29572
104393008,455413,2015-08-19,2016-08-19,588,250000,14100,AE,1,29412
104393059,450104,2015-05-22,2016-05-22,430,250000,100000,X,1,29579
104393093,450110,2015-07-02,2016-07-02,738,250000,100000,AE,1,29582
104393111,450025,2015-03-22,2016-03-22,390,200000,80000,X,1,29907
104393192,455417,2015-11-26,2016-11-26,568,250000,0,AE,1,29466
104393265,455414,2015-03-06,2016-03-06,426,250000,30200,AE,1,29438
104393346,450085,2015-05-16,2016-05-16,430,250000,100000,X,1,29585
104393374,450025,2015-08-07,2016-08-07,655,250000,100000,C,1,29909
104393437,455414,2015-07-23,2016-07-23,2480,250000,34800,VE,1,29438
104393441,450025,2015-11-14,2016-11-14,651,250000,100000,C,2,29910
104393452,455413,2015-05-22,2016-05-22,2227,250000,43500,AE,1,29412
104393493,450250,2015-08-27,2016-08-27,1422,250000,100000,AE,1,29928
104393526,455413,2015-08-03,2016-08-03,638,250000,0,AE,1,29483
104393533,450025,2015-01-27,2016-01-27,414,250000,100000,X,1,29909
104393536,455412,2015-03-25,2016-03-25,563,250000,100000,X,1,29492
104393539,455417,2015-03-24,2016-03-24,443,250000,100000,AE,1,29464
104393563,450250,2015-09-29,2016-09-29,2778,250000,74900,A07,1,29928
104393593,450085,2015-03-28,2016-03-28,3364,250000,55100,VE,1,29576
104393759,450104,2015-05-23,2016-05-23,422,20000,20000,X,3,29579
104393774,455413,2015-06-01,2016-06-01,2631,250000,77600,A07,1,29412
104393846,450076,2015-06-29,2016-06-29,2442,137000,0,AE,1,29506
104393860,450104,2015-08-26,2016-08-26,507,230000,100000,AE,1,29579
104393862,455412,2015-02-28,2016-02-28,298,231000,0,AE,1,29407
104393919,455417,2015-06-30,2016-06-30,2482,250000,0,VE,1,29466
104393936,455417,2015-06-26,2016-06-26,615,148500,52500,AE,2,29466
104393947,455412,2015-12-30,2016-12-30,476,250000,70700,AE,1,29412
104393957,450250,2015-02-13,2016-02-13,502,219700,0,A08,1,29926
104394012,450184,2015-11-04,2016-11-04,776,275000,0,AE,3,29150
104394014,450111,2015-06-13,2016-06-13,726,250000,50000,AE,1,29575
104394027,450110,2015-01-04,2016-01-04,566,250000,42500,AE,1,29582
104394063,455413,2015-01-15,2016-01-15,1163,210100,31500,AE,1,29414
104394330,450025,2015-12-16,2016-12-16,596,150000,60000,C,1,29909
104394386,455413,2015-06-10,2016-06-10,1187,12100,0,AE,6,29455
104394392,455413,2015-07-01,2016-07-01,2398,159900,0,V09,1,29466
104394495,455417,2015-05-26,2016-05-26,710,250000,25000,AE,1,29464
104394545,450206,2015-03-05,2016-03-05,399,158000,100000,AE,1,29445
104394612,450068,2015-06-27,2016-06-27,430,250000,100000,X,1,29483
104394651,455417,2015-06-30,2016-06-30,430,250000,100000,X,1,29464
104394658,450029,2015-06-15,2016-06-15,430,250000,100000,X,1,29486
104394663,455412,2015-03-10,2016-03-10,2186,250000,20400,AE,1,29412
104394675,450104,2015-08-12,2016-08-12,775,200000,80000,AE,1,29588
104394677,455417,2015-05-30,2016-05-30,430,250000,100000,X,1,29466
104394690,450025,2015-03-28,2016-03-28,471,250000,100000,X,1,29907
104394710,450026,2015-04-27,2016-04-27,574,125000,50000,B,1,29902
104394735,455412,2015-01-07,2016-01-07,460,199700,0,AE,1,29412
104394873,450250,2015-09-06,2016-09-06,1754,250000,100000,AE,1,29928
104394880,450110,2015-10-09,2016-10-09,477,250000,100000,X,1,29582
104394890,450109,2015-11-02,2016-11-02,349,125000,50000,X,1,29577
104394912,450087,2015-10-27,2016-10-27,823,250000,100000,AE,1,29440
104394921,450109,2015-08-26,2016-08-26,3599,500000,0,AE,6,29577
104394935,450104,2015-04-22,2016-04-22,430,250000,100000,X,1,29579
104394957,450104,2015-05-28,2016-05-28,655,250000,100000,X,1,29575
104394975,450104,2015-04-21,2016-04-21,454,151300,100000,AE,1,29527
104395059,450104,2015-05-06,2016-05-06,371,150000,60000,X,1,29588
104395115,455412,2015-10-27,2016-10-27,882,43600,0,AE,1,29401
104395155,455413,2015-11-07,2016-11-07,768,250000,100000,A09,1,29466
104395205,455412,2015-02-04,2016-02-04,576,250000,24200,AE,1,29412
104395217,455412,2015-08-03,2016-08-03,788,250000,100000,AE,1,29407
104395281,450025,2015-12-08,2016-12-08,405,200000,80000,C,1,29909
104395282,450087,2015-08-16,2016-08-16,729,500000,100000,X,3,29440
104395302,455416,2015-11-04,2016-11-04,3027,250000,67000,AE,1,29451
104395308,450113,2015-02-16,2016-02-16,465,250000,100000,X,1,29909
104395311,455412,2015-05-04,2016-05-04,598,250000,100000,AE,1,29414
104395341,450250,2015-10-26,2016-10-26,387,250000,50600,A07,1,29928
104395348,450025,2015-08-10,2016-08-10,630,200000,80000,X,1,29907
104395375,450025,2015-12-03,2016-12-03,430,250000,100000,C,1,29909
104395428,455417,2015-06-22,2016-06-22,393,211600,23200,AE,1,29466
104395440,455417,2015-02-09,2016-02-09,393,250000,100000,AE,1,29466
104395475,450085,2015-04-10,2016-04-10,2109,250000,72400,B,1,29576
104395513,450025,2015-07-06,2016-07-06,1822,250000,73900,AE,1,29926
104395581,450025,2015-03-29,2016-03-29,414,250000,100000,C,1,29909
104395590,450129,2015-05-30,2016-05-30,1339,500000,0,AE,3,29210
104395599,450256,2015-05-26,2016-05-26,1432,250000,100000,AE,1,29455
104395626,455414,2015-04-14,2016-04-14,1530,250000,61000,AE,1,29438
104395631,450250,2015-12-11,2016-12-11,3777,250000,57900,A07,1,29928
104395635,450250,2015-12-03,2016-12-03,3098,250000,100000,AE,1,29928
104395652,450085,2015-06-14,2016-06-14,561,250000,100000,AE,1,29585
104395701,450025,2015-10-08,2016-10-08,621,250000,100000,A12,1,29928
104395711,455412,2015-02-15,2016-02-15,414,250000,100000,X,1,29412
104395714,455412,2015-05-24,2016-05-24,592,242100,100000,AE,1,29414
104395737,450029,2015-05-02,2016-05-02,405,200000,80000,X,1,29492
104395738,455417,2015-04-20,2016-04-20,405,200000,80000,X,1,29464
104395772,455412,2015-03-15,2016-03-15,801,250000,0,A05,3,29412
104395821,450110,2015-10-05,2016-10-05,708,250000,100000,AE,1,29582
104395829,450025,2015-10-02,2016-10-02,430,250000,100000,C,1,29909
104395868,455416,2015-04-03,2016-04-03,1066,250000,61800,AE,1,29451
104395925,450195,2015-07-23,2016-07-23,371,150000,60000,X,1,29715
104395934,450250,2015-03-21,2016-03-21,1089,142100,0,AE,1,29928
104396025,450250,2015-04-23,2016-04-23,683,250000,100000,A07,1,29928
104396026,450025,2015-05-14,2016-05-14,572,130000,25600,A10,1,29907
104396036,450025,2015-03-01,2016-03-01,414,250000,100000,X,1,29909
104396041,455412,2015-09-30,2016-09-30,1190,209000,21000,AE,1,29407
104396044,450250,2015-08-01,2016-08-01,1553,0,100000,AE,3,29928
104396062,455412,2015-08-20,2016-08-20,1558,250000,85600,AE,1,29403
104396076,450257,2015-12-31,2016-12-31,1430,250000,10500,AE,1,29455
104396082,450025,2015-11-12,2016-11-12,430,250000,100000,C,1,29910
104396083,450085,2015-06-23,2016-06-23,430,250000,100000,X,1,29585
104396088,450104,2015-08-06,2016-08-06,630,200000,80000,X,1,29579
104396098,455417,2015-07-23,2016-07-23,2148,250000,50000,AE,1,29464
104396128,450170,2015-12-06,2016-12-06,371,150000,60000,X,1,29209
104396147,450085,2015-06-12,2016-06-12,3930,250000,53600,AE,1,29585
104396195,450238,2015-11-08,2016-11-08,430,250000,100000,X,1,29631
104396255,450085,2015-06-19,2016-06-19,561,250000,100000,AE,1,29440
104396277,450250,2015-11-15,2016-11-15,845,60500,0,X,6,29926
104396282,450025,2015-02-11,2016-02-11,1005,250000,16300,AE,2,29909
104396334,450129,2015-05-31,2016-05-31,430,250000,100000,X,1,29072
104396380,455417,2015-06-13,2016-06-13,1323,250000,82700,AE,1,29464
104396396,450025,2015-10-19,2016-10-19,430,250000,100000,X,1,29910
104396406,450104,2015-05-06,2016-05-06,405,200000,80000,X,1,29575
104396421,450026,2015-08-18,2016-08-18,477,250000,100000,X,1,29902
104396431,455412,2015-02-11,2016-02-11,398,250000,100000,AE,1,29412
104396457,455413,2015-11-29,2016-11-29,482,227400,89400,A04,1,29449
104396468,450104,2015-09-26,2016-09-26,405,200000,80000,X,1,29588
104396471,450085,2015-10-20,2016-10-20,934,500000,0,AE,2,29585
104396475,450109,2015-02-04,2016-02-04,2198,250000,100000,AE,1,29577
104396490,450104,2015-11-03,2016-11-03,830,0,25000,AE,6,29526
104396503,455412,2015-06-30,2016-06-30,696,250000,0,AE,1,29412
104396506,450115,2015-03-05,2016-03-05,229,51300,0,A14,1,29130
104396519,455412,2015-12-30,2018-12-04,600,34900,0,,1,29403
104396524,450257,2015-07-13,2016-07-13,1547,250000,75500,AE,1,29455
104396528,455414,2015-12-28,2016-12-28,4549,250000,100000,VE,1,29438
104396554,450025,2015-02-27,2016-02-27,414,250000,100000,C,1,29909
104396580,455414,2015-02-21,2016-02-21,464,250000,100000,AE,2,29438
104396583,450250,2015-11-24,2016-11-24,536,250000,100000,A07,1,29926
104396591,450073,2015-02-23,2016-02-23,1316,45000,0,AE,1,29483
104396603,450110,2015-04-02,2016-04-02,910,210000,25000,AE,1,29582
104396630,450104,2015-09-12,2016-09-12,1189,250000,85600,AE,1,29566
104396651,450025,2015-08-04,2016-08-04,891,250000,100000,A08,1,29910
104396713,450104,2015-06-23,2016-06-23,430,250000,100000,X,1,29576
104396737,450170,2015-12-14,2016-12-14,349,125000,50000,X,1,29229
104396744,450250,2015-05-03,2016-05-03,633,250000,100000,A07,1,29928
104396760,450104,2015-05-11,2016-05-11,6292,250000,40000,VE,1,29576
104396798,450250,2015-06-30,2016-06-30,1080,250000,100000,AE,1,29928
104396808,455412,2015-12-18,2016-12-18,1948,250000,0,AE,2,29403
104396839,450025,2015-05-26,2016-05-26,405,200000,80000,C,1,29909
104396862,450109,2015-09-06,2016-09-06,655,250000,100000,X,1,29577
104396871,455414,2015-11-30,2016-11-30,760,250000,100000,AE,1,29438
104396885,455413,2015-09-29,2016-09-29,346,250000,0,X,1,29455
104396937,455413,2015-08-29,2016-08-29,2333,180000,90000,AE,1,29455
104396957,450025,2015-03-01,2016-03-01,483,250000,100000,A10,1,29920
104396987,450257,2015-07-01,2016-07-01,677,250000,100000,AE,1,29455
104396995,450250,2015-02-13,2016-02-13,1031,285900,0,A07,6,29926
104397000,450025,2015-06-19,2016-06-19,430,250000,100000,X,1,29909
104397049,455417,2015-06-02,2016-06-02,430,250000,100000,X,1,29464
104397066,455413,2015-06-22,2016-06-22,308,250000,0,AE,1,29466
104397087,450104,2015-05-04,2016-05-04,405,200000,80000,X,1,29576
104397093,455412,2015-12-27,2016-12-27,645,250000,26300,X,1,29414
104397094,455417,2015-03-31,2016-03-31,471,250000,0,AE,1,29466
104397116,450075,2015-09-26,2016-09-26,635,250000,0,AE,1,29130
104397135,455413,2015-10-21,2016-10-21,569,142000,50000,AE,1,29407
104397155,450025,2015-07-11,2016-07-11,430,250000,100000,C,1,29920
104397190,455413,2015-07-06,2016-07-06,3441,250000,38300,V09,1,29466
104397198,450085,2015-02-06,2016-02-06,4395,250000,81500,VE,1,29585
104397255,450110,2015-04-26,2016-04-26,1476,955900,0,AE,3,29582
104397285,455417,2015-12-16,2016-12-16,611,250000,100000,A08,1,29464
104397292,450109,2015-04-19,2016-04-19,6839,11375000,70400,VE,3,29577
104397298,450250,2015-03-31,2016-03-31,3536,1143600,0,A12,3,29928
104397342,450104,2015-07-28,2016-07-28,371,150000,60000,X,1,29588
104397361,455418,2015-09-12,2016-09-12,513,250000,100000,AE,1,29482
104397387,450104,2015-01-05,2016-01-05,390,200000,80000,X,1,29572
104397417,455412,2015-07-19,2016-07-19,598,250000,100000,AE,1,29414
104397512,450111,2015-07-10,2016-07-10,655,250000,100000,X,1,29575
104397552,450250,2015-09-14,2016-09-14,3160,322100,0,A07,6,29928
104397584,455412,2015-04-29,2016-04-29,485,100000,0,AE,1,29414
104397641,450025,2015-09-20,2016-09-20,430,250000,100000,C,1,29909
104397654,455413,2015-06-13,2016-06-13,430,250000,100000,X,1,29466
104397660,450111,2015-12-11,2016-12-11,630,200000,80000,X,1,29575
104397722,450025,2015-11-20,2016-11-20,430,250000,100000,B,1,29910
104397726,450104,2015-08-10,2016-08-10,430,250000,100000,X,1,29576
104397772,455413,2015-11-04,2016-11-04,1784,250000,0,AE,1,29407
104397827,450250,2015-06-15,2016-06-15,1207,165000,15800,AE,1,29928
104397832,455415,2015-03-17,2016-03-17,3432,250000,16600,VE,2,29439
104397844,455412,2015-06-28,2016-06-28,535,250000,100000,AE,1,29492
104397890,450250,2015-07-15,2016-07-15,368,160700,52500,A07,3,29926
104397907,450026,2015-10-15,2016-10-15,548,0,103600,A08,6,29902
104397978,455417,2015-09-19,2016-09-19,477,250000,67400,AE,1,29466
104397986,450110,2015-03-13,2016-03-13,414,250000,100000,X,1,29582
104397995,455413,2015-01-26,2016-01-26,678,250000,93600,A06,1,29455
104398045,450170,2015-07-11,2016-07-11,2728,500000,300000,X,6,29210
104398058,455412,2015-06-17,2016-06-17,3502,250000,100000,AE,1,29407
104398095,450198,2015-01-21,2016-01-21,414,250000,100000,X,1,29662
104398168,455412,2015-06-19,2016-06-19,430,250000,100000,X,1,29412
104398185,455412,2015-10-15,2016-10-15,1646,750000,0,A07,3,29412
104398186,455413,2015-02-06,2016-02-06,1302,156800,0,A05,1,29414
104398188,450085,2015-03-29,2016-03-29,493,250000,100000,AE,1,29585
104398195,455416,2015-02-08,2016-02-08,535,250000,73900,AE,1,29451
104398260,450085,2015-09-14,2016-09-14,761,217800,99200,AE,2,29585
104398299,455412,2015-10-01,2016-10-01,513,250000,100000,AE,1,29412
104398359,450025,2015-09-30,2016-09-30,476,250000,0,A09,1,29907
104398420,450109,2015-03-25,2016-03-25,414,250000,100000,X,1,29577
104398426,450025,2015-09-29,2016-09-29,655,250000,100000,C,1,29910
104398437,450250,2015-04-24,2016-04-24,1013,250000,100000,A07,1,29926
104398440,455414,2015-02-08,2016-02-08,3730,78100,0,VE,1,29438
104398462,450250,2015-10-21,2016-10-21,3719,250000,100000,AO,1,29928
104398474,450250,2015-07-14,2016-07-14,1729,250000,100000,C,6,29926
104398517,455417,2015-04-04,2016-04-04,455,250000,52500,AE,1,29466
104398568,455417,2015-06-28,2016-06-28,460,250000,26900,AE,1,29464
104398573,455412,2015-08-12,2016-08-12,1133,250000,52500,AE,1,29401
104398605,450089,2015-06-18,2016-06-18,816,500000,0,AE,6,29687
104398630,455412,2015-10-22,2016-10-22,4266,500000,100000,AE,6,29403
104398664,455413,2015-11-30,2016-11-30,1038,211800,48300,AE,1,29412
104398717,450025,2015-02-02,2016-02-02,739,250000,0,AE,1,29907
104398769,450250,2015-07-13,2016-07-13,688,25000,8000,X,1,29928
104398775,450104,2015-02-11,2016-02-11,129,20000,8000,X,1,29576
104398793,450085,2015-09-11,2016-09-11,1145,250000,100000,VE,1,29585
104398802,450085,2015-09-26,2016-09-26,2718,182400,46400,AE,4,29576
104398823,455412,2015-11-18,2016-11-18,2285,250000,25000,AE,1,29401
104398839,450104,2015-01-23,2016-01-23,356,150000,60000,X,1,29566
104398879,455412,2015-04-24,2016-04-24,535,250000,100000,AE,1,29492
104398896,455412,2015-09-05,2016-09-05,2309,80600,0,AE,1,29401
104398922,450250,2015-01-13,2016-01-13,414,250000,100000,C,1,29926
104398955,455412,2015-09-09,2016-09-09,2356,250000,100000,AE,1,29455
104398960,455412,2015-06-13,2016-06-13,2483,210000,88300,AE,1,29401
104399012,450068,2015-10-02,2016-10-02,430,250000,100000,X,1,29483
104399041,450104,2015-12-16,2016-12-16,528,138000,0,AE,1,29576
104399042,450250,2015-09-21,2016-09-21,536,250000,100000,AE,1,29928
104399097,450085,2015-03-09,2016-03-09,846,50000,30000,A,1,29440
104399120,450250,2015-09-22,2016-09-22,1127,250000,100000,X,1,29928
104399134,455413,2015-07-14,2016-07-14,412,210200,27600,AE,1,29466
104399155,455413,2015-05-02,2016-05-02,665,250000,31500,AE,1,29455
104399156,450025,2015-09-04,2016-09-04,566,250000,100000,A08,1,29910
104399157,450104,2015-03-28,2016-03-28,414,250000,100000,X,1,29579
104399183,450129,2015-11-03,2016-11-03,923,200000,70000,AE,1,29212
104399212,450263,2015-07-25,2016-07-25,702,250000,100000,X,1,29412
104399260,455417,2015-07-11,2016-07-11,567,250000,100000,AE,1,29466
104399263,450255,2015-02-06,2016-02-06,1490,199000,5300,AE,1,29585
104399264,450087,2015-03-04,2016-03-04,215,118000,0,AE,1,29440
104399287,455417,2015-09-05,2016-09-05,1152,250000,52500,AE,1,29464
104399317,455412,2015-05-19,2016-05-19,643,243000,0,AE,1,29414
104399329,450112,2015-08-30,2016-08-30,430,250000,100000,C,1,29936
104399336,450115,2015-09-25,2016-09-25,477,250000,100000,X,1,29045
104399352,455413,2015-07-15,2016-07-15,680,200000,80000,AE,2,29414
104399372,455413,2015-09-07,2016-09-07,430,215700,97400,X,1,29438
104399384,450257,2015-09-01,2016-09-01,1818,1000000,0,AE,2,29455
104399389,455417,2015-09-16,2016-09-16,806,250000,0,AE,1,29464
104399465,450104,2015-02-12,2016-02-12,428,250000,24400,AE,1,29575
104399510,450104,2015-07-24,2016-07-24,1071,250000,100000,AE,1,29588
104399530,450025,2015-03-03,2016-03-03,1433,250000,100000,A12,1,29928
104399532,450104,2015-06-28,2016-06-28,3200,600500,0,X,3,29572
104399537,455412,2015-04-30,2016-04-30,2542,250000,58800,AE,2,29401
104399574,450196,2015-06-19,2016-06-19,424,100000,60000,AE,1,29730
104399599,450028,2015-04-11,2016-04-11,671,165000,100000,A09,1,29906
104399606,455413,2015-09-04,2016-09-04,466,143700,0,A13,1,29458
104399659,450170,2015-07-26,2016-07-26,1759,160000,0,AE,2,29223
104399662,450085,2015-08-10,2016-08-10,430,250000,100000,X,1,29585
104399663,455417,2015-01-06,2016-01-06,622,250000,100000,A07,1,29464
104399682,450040,2015-07-09,2016-07-09,1112,250000,100000,AE,1,29449
104399695,455412,2015-12-31,2016-12-31,6342,5010000,0,X,3,29412
104399697,450250,2015-05-03,2016-05-03,1269,250000,10000,A07,1,29928
104399724,450110,2015-09-23,2016-09-23,15858,500000,65000,VE,6,29582
104399764,450042,2015-06-28,2016-06-28,896,108000,0,AE,1,29406
104399786,455412,2015-09-02,2016-09-02,813,200000,30000,AE,1,29412
104399803,450029,2015-08-05,2016-08-05,568,250000,100000,AE,1,29456
104399821,450025,2015-01-21,2016-01-21,1322,137500,0,X,1,29907
104399827,450109,2015-08-05,2016-08-05,405,200000,80000,X,1,29577
104399833,450250,2015-07-06,2016-07-06,393,75000,12000,A07,1,29926
104399842,455413,2015-03-06,2016-03-06,324,250000,0,AE,1,29487
104399845,455413,2015-06-18,2016-06-18,431,250000,100000,AE,1,29414
104399864,450025,2015-03-22,2016-03-22,3175,250000,28200,VE,1,29920
104399871,450256,2015-10-27,2016-10-27,710,250000,78800,AE,1,29455
104399879,450170,2015-09-22,2016-09-22,742,250000,100000,X,1,29229
104399886,450250,2015-08-21,2016-08-21,677,250000,67000,A07,1,29928
104399957,455412,2015-07-07,2016-07-07,537,250000,100000,AE,1,29492
104399989,450198,2015-05-21,2016-05-21,335,75000,30000,X,1,29607
104400051,450085,2015-12-31,2016-12-31,561,250000,100000,VE,1,29585
104400077,450250,2015-07-23,2016-07-23,1199,250000,100000,A07,1,29928
104400080,455412,2015-02-20,2016-02-20,223,46500,14500,A05,1,29403
104400092,450085,2015-08-04,2016-08-04,477,250000,100000,X,1,29585
104400108,455412,2015-12-12,2016-12-12,5230,250000,0,V07,2,29401
104400196,455417,2015-04-14,2016-04-14,507,250000,100000,AE,1,29466
104400221,450262,2015-05-31,2016-05-31,568,250000,0,VE,1,29429
104400262,450104,2015-07-30,2016-07-30,430,250000,100000,X,1,29576
104400283,455417,2015-12-08,2016-12-08,507,250000,100000,AE,1,29466
104400285,450029,2015-02-01,2016-02-01,468,250000,100000,AE,1,29492
104400292,450104,2015-05-03,2016-05-03,1991,1024200,0,X,3,29572
104400299,455417,2015-03-28,2016-03-28,351,250000,100000,AE,1,29466
104400420,450025,2015-03-23,2016-03-23,622,250000,100000,AE,1,29907
104400428,450025,2015-11-01,2016-11-01,738,250000,100000,AE,1,29909
104400465,450250,2015-03-15,2016-03-15,586,250000,100000,A07,1,29926
104400519,455413,2015-04-24,2016-04-24,346,157200,43100,AE,1,29412
104400522,450039,2015-12-24,2016-12-24,568,250000,0,AE,1,29458
104400526,450085,2015-08-31,2016-08-31,13289,1000000,0,AE,2,29576
104400578,450025,2015-08-30,2016-08-30,430,250000,100000,C,1,29909
104400613,450104,2015-07-04,2016-07-04,655,250000,100000,X,1,29588
104400668,450085,2015-12-10,2016-12-10,593,245000,100000,AE,1,29585
104400722,450085,2015-09-05,2016-09-05,765,250000,100000,AE,1,29440
104400732,455412,2015-01-03,2016-01-03,356,250000,0,A14,1,29401
104400786,450250,2015-02-26,2016-02-26,514,250000,100000,A07,1,29928
104400793,450025,2015-11-21,2016-11-21,430,250000,100000,C,1,29920
104400811,455417,2015-09-25,2016-09-25,507,250000,100000,AE,1,29464
104400833,450028,2015-12-26,2016-12-26,538,250000,55100,A08,1,29935
104400869,450110,2015-07-21,2016-07-21,430,250000,100000,X,1,29582
104400882,455413,2015-02-24,2016-02-24,261,250000,0,A07,1,29412
104400889,450110,2015-12-07,2016-12-07,430,250000,100000,X,1,29582
104400969,450068,2015-10-30,2016-10-30,415,100000,40000,AE,1,29456
104400985,450104,2015-04-27,2016-04-27,349,125000,50000,X,1,29588
104400987,455413,2015-01-11,2016-01-11,1466,500000,0,AE,6,29407
104400996,450250,2015-11-07,2016-11-07,430,250000,100000,B,1,29926
104401020,450025,2015-10-15,2016-10-15,714,40000,0,C,1,29910
104401090,455413,2015-03-21,2016-03-21,1486,176800,39500,AE,1,29412
104401092,450104,2015-08-03,2016-08-03,430,250000,100000,X,1,29588
104401111,450025,2015-05-15,2016-05-15,3909,250000,52500,A10,1,29920
104401140,450110,2015-11-23,2016-11-23,1118,455000,0,X,2,29582
104401145,450026,2015-12-30,2016-12-30,821,500000,0,A11,3,29902
104401152,455412,2015-02-14,2016-02-14,446,250000,73900,A05,1,29407
104401182,450025,2015-03-15,2016-03-15,414,250000,100000,X,1,29909
104401194,450111,2015-09-22,2016-09-22,727,250000,27600,AE,2,29575
104401210,455417,2015-11-15,2016-11-15,663,250000,11000,AE,1,29464
104401225,455412,2015-12-27,2016-12-27,408,250000,20000,AE,1,29414
104401249,455412,2015-11-27,2016-11-27,1236,188300,0,AE,1,29403
104401273,455417,2015-08-08,2016-08-08,156,37700,0,AE,1,29466
104401287,455416,2015-01-12,2016-01-12,1449,250000,32300,A13,1,29451
104401313,450085,2015-08-14,2016-08-14,198,30000,12000,X,1,29585
104401321,455416,2015-08-16,2016-08-16,759,250000,100000,AE,1,29451
104401340,450109,2015-10-08,2016-10-08,3131,250000,19800,AE,1,29577
104401342,450129,2015-11-20,2016-11-20,476,98400,0,AE,1,29036
104401354,450025,2015-10-10,2016-10-10,430,250000,100000,X,1,29907
104401376,450110,2015-07-11,2016-07-11,669,250000,36800,AE,1,29582
104401414,450085,2015-07-11,2016-07-11,1452,1000000,0,VE,2,29440
104401418,455413,2015-05-13,2016-05-13,1930,176000,0,AE,1,29412
104401446,455417,2015-07-26,2016-07-26,722,170800,0,AE,1,29464
104401454,455417,2015-03-01,2016-03-01,448,250000,100000,AE,1,29466
104401470,450250,2015-10-27,2016-10-27,4510,250000,100000,A07,1,29928
104401477,450104,2015-11-22,2016-11-22,430,250000,100000,X,1,29576
104401547,450025,2015-06-19,2016-06-19,430,250000,100000,X,1,29926
104401580,450109,2015-01-29,2016-01-29,647,250000,100000,AE,1,29572
104401617,455417,2015-04-09,2016-04-09,1788,500000,500000,AE,6,29464
104401648,455417,2015-06-03,2016-06-03,742,203300,43300,AE,1,29466
104401702,455417,2015-09-09,2016-09-09,1123,250000,100000,AE,1,29464
104401756,450106,2015-11-05,2016-11-05,630,200000,80000,X,1,29526
104401777,450085,2015-08-26,2016-08-26,430,250000,100000,X,1,29585
104401817,450256,2015-09-09,2016-09-09,631,250000,100000,AE,1,29455
104401830,455412,2015-06-25,2016-06-25,1575,250000,100000,AE,1,29401
104401845,455412,2015-06-15,2016-06-15,581,162000,0,AE,1,29412
104401911,450250,2015-01-31,2016-01-31,311,250000,10500,AE,1,29928
104401931,455414,2015-10-29,2016-10-29,3503,250000,52500,VE,1,29438
104401948,450025,2015-07-10,2016-07-10,792,250000,100000,A09,1,29907
104401960,450110,2015-04-30,2016-04-30,1308,121400,0,A15,2,29582
104402008,455412,2015-04-15,2016-04-15,1078,250000,0,AE,1,29407
104402014,450085,2015-07-25,2016-07-25,430,250000,100000,X,1,29585
104402062,450250,2015-03-24,2016-03-24,414,250000,100000,C,1,29926
104402144,450104,2015-03-22,2016-03-22,414,250000,100000,X,1,29572
104402171,450250,2015-05-31,2016-05-31,3277,250000,29200,A07,1,29928
104402187,450250,2015-12-02,2016-12-02,458,250000,100000,A07,1,29926
104402195,455417,2015-04-29,2016-04-29,567,250000,100000,AE,1,29464
104402199,455417,2015-11-22,2016-11-22,507,250000,100000,AE,1,29464
104402228,450085,2015-02-25,2016-02-25,2638,233900,19700,A14,1,29576
104402280,450110,2015-10-04,2016-10-04,928,231000,26300,AE,1,29582
104402281,450104,2015-09-07,2016-09-07,579,150000,10000,AE,1,29575
104402363,450110,2015-08-16,2016-08-16,5026,583900,0,AE,3,29582
104402365,450085,2015-12-17,2016-12-17,430,250000,100000,X,1,29576
104402369,455412,2015-07-26,2016-07-26,430,250000,100000,X,1,29407
104402396,455412,2015-08-04,2016-08-04,2725,360000,0,A07,3,29401
104402520,450087,2015-06-29,2016-06-29,3869,500000,422400,AE,4,29440
104402559,455417,2015-11-05,2016-11-05,1037,250000,25000,AE,1,29466
104402587,450129,2015-07-23,2016-07-23,477,250000,100000,X,1,29070
104402593,450075,2015-03-20,2016-03-20,292,250000,0,AE,1,29130
