time_entry_id,engagement_id,entry_date,hours,billable
1,78,2024-04-06,2.4,True
2,3,2024-03-05,5.1,False
3,90,2023-11-21,4.1,True
4,129,2023-03-23,3.9,True
5,26,2023-07-24,7.6,True
6,172,2024-10-18,6.3,True
7,146,2023-12-31,6.2,False
8,69,2024-03-21,6.6,True
9,131,2023-06-30,7.6,True
10,67,2024-05-09,1.1,True
11,143,2023-12-07,3.8,True
12,34,2023-06-03,1.1,True
13,135,2023-04-13,5.1,True
14,13,2023-10-04,4.9,True
15,4,2024-01-31,,True
16,56,2023-07-16,11.4,True
17,39,2023-06-21,5.7,True
18,108,2023-07-08,3.5,False
19,37,2023-07-25,97.5,True
20,54,2024-06-01,3.4,False
21,22,2023-12-16,4.9,True
22,196,2023-11-25,9.9,True
23,162,2023-04-24,3.4,True
24,48,2024-01-17,8.7,True
25,27,2024-11-04,8.0,True
26,188,2024-06-05,,True
27,148,2023-11-09,9.8,False
28,195,2023-08-03,8.1,True
29,40,2023-09-04,5.3,True
30,79,2023-01-19,2.9,True
31,27,2023-01-21,2.7,True
32,94,2024-06-27,3.4,True
33,36,2024-08-13,7.2,True
34,1,2024-11-08,2.5,True
35,112,2024-03-14,6.7,True
36,216,2024-10-12,2.1,True
37,143,2023-10-19,4.3,True
38,167,2023-06-27,5.3,True
39,179,2023-06-21,27.4,True
40,214,2023-06-15,,True
41,29,2024-06-05,78.9,True
42,56,2023-01-07,5.5,True
43,136,2024-10-23,6.6,True
44,181,2024-06-26,5.4,True
45,171,2023-09-24,,True
46,161,2024-05-06,68.7,True
47,69,2023-04-05,13.7,True
48,81,2023-10-29,3.6,True
49,18,2023-03-18,10.9,True
50,70,2023-03-20,3.2,True
51,35,2023-01-05,4.7,True
52,207,2024-07-11,2.3,True
53,21,2024-06-04,6.8,False
54,80,2024-09-17,13.6,True
55,196,2024-11-17,4.7,True
56,211,2024-11-06,4.3,False
57,83,2024-11-25,2.3,False
58,103,2023-01-12,4.2,True
59,116,2024-07-02,1.6,False
60,181,2024-05-21,2.6,True
61,170,2023-04-24,5.8,True
62,116,2023-04-06,12.5,True
63,82,2024-11-15,35.4,True
64,82,2024-09-09,3.3,True
65,143,2023-08-18,13.5,True
66,184,2023-02-22,5.9,True
67,17,2023-08-22,4.5,True
68,170,2023-01-04,6.7,True
69,106,2024-04-26,5.2,True
70,32,2023-09-24,5.4,False
71,22,2023-02-04,3.7,True
72,75,2024-11-16,1.9,True
73,55,2024-08-01,1.7,True
74,23,2024-09-25,7.8,True
75,65,2024-11-29,4.1,True
76,184,2023-01-10,3.3,True
77,158,2024-06-26,5.0,True
78,46,2024-07-05,8.6,True
79,149,2024-07-01,5.6,True
80,100,2023-07-05,3.1,True
81,165,2023-10-01,11.7,True
82,55,2024-10-12,15.0,True
83,14,2023-02-16,7.0,False
84,69,2024-03-24,9.8,True
85,219,2024-07-08,11.8,True
86,123,2024-07-12,10.9,False
87,12,2024-02-23,,True
88,215,2024-06-20,7.5,False
89,182,2024-09-28,7.1,True
90,120,2024-06-20,2.3,True
91,163,2023-03-23,86.1,True
92,41,2023-06-21,1.9,True
93,131,2023-08-02,2.8,False
94,201,2023-08-29,12.3,True
95,97,2023-09-10,8.9,False
96,9,2023-06-03,14.0,True
97,167,2024-04-23,4.1,False
98,161,2023-03-19,2.2,False
99,163,2024-07-05,4.2,True
100,143,2024-04-06,5.3,False
101,31,2024-11-03,5.2,True
102,26,2023-01-05,11.0,True
103,175,2023-07-26,3.8,True
104,189,2024-09-20,6.3,True
105,18,2023-12-12,2.5,True
106,128,2024-01-28,6.8,True
107,111,2023-01-21,5.0,True
108,78,2024-06-17,2.9,True
109,142,2023-06-27,4.2,True
110,202,2024-11-05,4.4,True
111,181,2023-09-19,4.1,True
112,34,2023-05-13,17.1,False
113,102,2024-02-20,4.6,False
114,206,2023-12-01,4.2,False
115,53,2023-11-26,1.1,True
116,188,2024-10-26,2.6,True
117,108,2023-09-13,4.1,False
118,115,2023-10-06,3.1,True
119,56,2024-03-12,13.0,True
120,203,2023-04-30,4.4,True
121,117,2024-08-03,12.2,True
122,127,2023-06-10,5.2,True
123,102,2023-06-19,5.1,True
124,20,2023-01-08,4.7,True
125,172,2023-08-29,5.0,True
126,73,2024-02-12,16.5,True
127,53,2024-05-08,1.0,True
128,173,2024-09-20,1.2,True
129,44,2024-06-28,3.4,True
130,151,2023-08-13,5.0,True
131,105,2024-07-31,8.0,True
132,176,2023-05-17,6.9,True
133,12,2023-05-27,3.8,True
134,171,2023-09-08,10.1,False
135,51,2024-01-13,10.2,True
136,192,2023-05-23,5.6,True
137,78,2024-09-22,9.7,False
138,2,2023-07-09,6.0,True
139,108,2023-10-02,3.3,True
140,13,2024-02-28,8.1,True
141,60,2023-10-28,5.4,True
142,158,2023-10-10,5.0,True
143,124,2024-11-20,13.9,True
144,156,2023-11-02,0.9,True
145,194,2023-03-21,1.8,True
146,103,2024-05-26,2.2,True
147,120,2024-05-08,3.8,True
148,13,2023-06-03,4.1,False
149,64,2024-08-18,1.7,True
150,160,2023-10-02,2.5,True
151,14,2023-04-16,2.7,True
152,80,2023-05-01,27.7,True
153,31,2024-05-15,17.5,True
154,189,2023-06-01,3.7,True
155,124,2023-11-25,3.8,True
156,142,2024-05-28,2.2,True
157,151,2024-08-20,1.3,True
158,50,2023-12-09,4.6,True
159,11,2024-09-27,2.5,True
160,88,2023-07-31,4.7,True
161,41,2024-09-02,1.6,True
162,71,2023-06-25,2.9,False
163,71,2023-02-15,5.5,True
164,173,2024-05-22,6.4,True
165,71,2024-06-13,6.6,True
166,34,2024-10-10,2.0,True
167,211,2024-10-07,9.0,True
168,11,2023-03-13,2.8,True
169,45,2024-03-10,7.7,True
170,77,2024-05-08,4.9,True
171,14,2024-02-25,1.9,True
172,198,2023-01-14,4.0,True
173,78,2023-02-01,,True
174,173,2024-04-14,7.6,False
175,30,2024-08-22,4.5,True
176,115,2023-05-06,14.5,True
177,28,2023-02-02,,True
178,51,2023-10-10,4.1,True
179,90,2023-08-08,8.4,True
180,190,2024-11-19,,True
181,68,2024-10-10,19.5,True
182,167,2024-01-26,2.1,True
183,21,2024-10-26,2.6,True
184,56,2023-06-10,14.0,True
185,133,2024-11-25,2.4,False
186,104,2023-11-09,2.0,False
187,111,2023-11-30,3.5,True
188,150,2023-02-05,6.6,True
189,17,2023-05-05,4.6,True
190,154,2023-05-17,3.1,False
191,190,2023-12-08,3.1,True
192,169,2023-05-13,3.0,True
193,63,2023-03-13,2.7,True
194,78,2024-02-28,24.5,True
195,212,2024-09-02,6.1,True
196,174,2023-02-18,9.2,True
197,205,2024-01-28,3.5,True
198,201,2024-11-03,4.3,True
199,96,2023-10-11,3.0,True
200,29,2023-05-09,0.8,False
201,51,2023-02-25,1.9,True
202,65,2024-10-17,1.4,False
203,184,2023-10-11,1.0,True
204,61,2023-03-15,2.1,True
205,80,2024-08-29,12.5,True
206,188,2024-07-15,4.8,False
207,36,2024-05-07,12.2,True
208,146,2023-03-01,6.6,True
209,122,2023-02-27,8.6,True
210,217,2023-06-03,2.6,True
211,108,2023-04-22,7.1,True
212,115,2024-01-08,8.2,True
213,188,2023-10-02,3.3,True
214,219,2024-06-19,7.3,True
215,161,2023-03-12,7.4,True
216,154,2024-05-24,3.4,True
217,193,2024-10-15,2.3,True
218,216,2023-04-02,2.2,True
219,162,2024-04-01,5.3,True
220,65,2023-12-23,6.2,True
221,142,2023-03-08,2.8,True
222,52,2023-07-24,5.0,True
223,111,2024-07-05,7.4,True
224,98,2024-08-31,7.6,True
225,218,2023-09-15,14.7,True
226,122,2023-03-16,12.1,True
227,212,2023-06-21,2.5,False
228,178,2024-08-13,16.1,True
229,187,2024-02-03,3.4,True
230,38,2023-10-29,10.3,True
231,171,2023-01-10,5.2,True
232,56,2024-07-01,3.7,True
233,128,2023-11-22,1.4,False
234,107,2024-01-17,4.4,True
235,58,2024-08-13,1.7,True
236,217,2024-01-29,,True
237,193,2024-10-11,14.3,False
238,127,2024-01-27,2.8,True
239,3,2023-08-28,,True
240,41,2024-10-07,3.0,False
241,51,2024-03-25,3.2,False
242,214,2024-06-16,8.5,True
243,89,2023-06-08,4.8,True
244,11,2024-04-14,16.7,True
245,129,2024-01-28,3.5,True
246,210,2023-03-15,10.0,True
247,124,2023-06-27,5.3,True
248,98,2024-09-30,8.6,True
249,39,2024-02-04,3.6,True
250,194,2024-06-26,4.8,True
251,24,2023-05-01,4.6,True
252,206,2023-06-02,2.8,True
253,49,2024-10-20,7.9,True
254,31,2023-10-22,7.8,True
255,77,2024-09-12,7.5,True
256,2,2024-07-19,14.5,True
257,4,2023-08-24,13.7,False
258,42,2024-10-26,3.8,True
259,153,2024-06-27,6.4,False
260,180,2023-03-31,3.2,True
261,55,2023-03-08,,True
262,142,2023-03-30,3.3,True
263,78,2024-06-02,15.4,True
264,96,2023-04-11,6.4,True
265,74,2023-07-17,4.3,True
266,197,2023-11-01,11.4,True
267,113,2023-04-05,1.1,True
268,112,2023-08-20,,True
269,190,2024-04-19,8.6,True
270,145,2024-11-11,5.2,True
271,33,2023-11-25,5.9,True
272,42,2024-06-06,2.0,True
273,75,2024-01-07,4.9,True
274,22,2023-11-23,20.1,True
275,153,2023-12-31,,True
276,109,2024-11-01,5.6,True
277,10,2023-02-11,3.6,True
278,89,2023-12-26,3.8,True
279,183,2023-02-05,1.1,True
280,200,2024-09-04,5.9,True
281,212,2024-02-25,9.0,True
282,203,2023-02-03,1.6,True
283,134,2024-03-12,3.1,True
284,204,2023-11-02,2.2,True
285,211,2023-02-03,2.5,True
286,140,2024-11-15,5.1,True
287,91,2023-09-22,116.6,True
288,213,2023-01-17,7.6,True
289,92,2024-03-04,8.4,True
290,37,2023-09-20,4.2,False
291,24,2024-04-04,0.9,True
292,125,2023-04-24,2.5,True
293,8,2024-08-02,11.7,True
294,27,2023-10-22,0.7,True
295,54,2023-10-22,,True
296,117,2024-07-16,2.2,False
297,106,2024-01-19,8.7,True
298,113,2023-01-01,3.1,True
299,112,2024-02-09,6.6,True
300,219,2024-03-28,7.4,False
301,48,2023-08-07,17.9,True
302,105,2023-05-07,4.3,True
303,135,2023-02-07,6.4,True
304,61,2024-08-15,1.8,True
305,40,2023-01-03,11.4,True
306,11,2024-02-13,2.9,True
307,72,2024-08-08,3.3,True
308,56,2023-09-04,4.9,True
309,44,2023-05-21,1.7,True
310,60,2024-05-15,5.8,True
311,154,2024-03-17,9.7,True
312,183,2023-01-11,6.1,True
313,114,2024-02-08,1.6,True
314,15,2023-01-01,73.7,True
315,162,2023-10-07,8.3,True
316,34,2023-08-01,1.3,True
317,13,2024-08-06,2.3,True
318,126,2024-11-15,9.1,True
319,94,2024-05-03,6.0,True
320,69,2024-05-29,6.6,True
321,213,2023-01-16,,True
322,21,2023-02-14,6.9,True
323,12,2024-06-27,,True
324,130,2023-10-27,33.0,True
325,93,2023-12-21,,True
326,177,2024-04-29,2.8,False
327,9,2023-08-31,6.7,True
328,93,2024-04-22,6.7,True
329,33,2024-05-23,3.4,True
330,10,2023-06-18,2.4,True
331,102,2024-04-25,25.0,True
332,162,2023-04-29,,True
333,35,2023-08-06,3.0,True
334,186,2024-06-30,9.4,True
335,115,2024-11-19,4.6,True
336,106,2023-02-15,4.1,True
337,204,2024-03-30,7.3,True
338,73,2024-02-03,2.0,True
339,45,2024-02-29,6.3,True
340,173,2024-07-04,18.9,True
341,24,2023-02-18,6.9,True
342,192,2024-06-01,3.8,True
343,182,2023-07-15,3.5,True
344,215,2023-04-19,3.7,False
345,102,2023-11-09,100.6,True
346,137,2023-01-19,3.8,True
347,195,2024-03-17,9.4,True
348,29,2024-01-31,1.5,False
349,68,2023-12-25,9.1,True
350,104,2023-01-22,3.8,False
351,139,2024-06-18,6.4,True
352,150,2023-01-25,2.3,False
353,204,2023-07-03,12.6,True
354,108,2023-10-05,11.8,True
355,38,2024-05-06,9.7,True
356,42,2023-10-13,1.7,True
357,177,2024-07-25,8.8,False
358,102,2024-10-16,6.6,True
359,139,2024-06-19,1.6,True
360,124,2023-01-28,4.9,True
361,179,2024-06-23,6.4,True
362,49,2023-05-25,7.3,True
363,38,2024-09-13,5.6,True
364,162,2024-11-16,6.1,False
365,96,2023-02-28,13.9,False
366,180,2023-03-11,11.7,True
367,29,2024-05-03,0.7,True
368,60,2023-04-11,4.0,False
369,212,2024-11-09,4.4,False
370,186,2024-01-14,1.5,True
371,14,2024-02-06,5.3,True
372,180,2024-08-25,11.9,True
373,15,2023-06-02,2.3,True
374,27,2024-01-25,6.3,True
375,198,2024-11-30,2.6,True
376,28,2023-01-16,3.1,True
377,67,2023-05-03,13.9,True
378,30,2023-04-13,3.4,True
379,132,2023-08-23,6.8,True
380,13,2023-04-01,1.3,False
381,64,2023-05-01,18.2,True
382,72,2024-08-19,7.6,True
383,143,2023-11-22,4.4,False
384,110,2023-09-08,7.4,True
385,43,2023-10-21,1.8,True
386,103,2024-11-10,11.3,True
387,101,2023-12-10,3.9,True
388,78,2023-11-25,4.3,False
389,118,2024-10-11,3.5,False
390,72,2023-01-27,3.3,True
391,74,2023-12-01,8.1,True
392,173,2024-06-07,5.9,True
393,56,2023-12-27,7.8,True
394,73,2024-08-30,4.9,True
395,31,2024-09-12,7.1,True
396,154,2023-08-24,3.7,False
397,156,2024-07-26,23.6,True
398,150,2023-06-20,1.7,True
399,38,2023-06-17,12.0,True
400,100,2024-11-15,12.9,True
401,65,2023-01-10,2.7,True
402,169,2023-09-05,23.6,True
403,75,2024-03-16,63.0,True
404,92,2023-10-17,9.8,True
405,100,2024-08-14,5.1,True
406,168,2023-06-26,4.3,True
407,155,2024-01-22,4.3,True
408,181,2023-03-29,6.5,True
409,95,2023-05-28,,True
410,181,2023-05-02,5.6,True
411,192,2024-06-02,2.6,True
412,116,2023-05-22,8.8,True
413,150,2024-04-13,9.4,True
414,201,2023-08-30,7.8,True
415,185,2024-01-31,8.3,True
416,61,2024-09-03,4.1,True
417,158,2024-08-27,2.6,True
418,99,2023-01-08,,False
419,33,2024-07-02,1.6,True
420,82,2024-10-30,5.8,True
421,216,2024-04-12,4.7,False
422,211,2023-05-12,3.6,True
423,174,2024-04-10,0.6,True
424,218,2024-03-21,2.1,True
425,126,2024-04-08,10.9,False
426,167,2023-10-28,3.1,True
427,37,2024-01-03,6.4,True
428,66,2024-04-01,1.9,False
429,38,2023-11-21,13.6,True
430,207,2024-06-25,4.5,True
431,136,2024-05-11,6.1,True
432,206,2023-08-01,25.2,True
433,92,2024-03-03,14.3,True
434,89,2024-06-13,4.0,False
435,149,2023-12-09,3.3,True
436,125,2024-05-15,3.9,True
437,82,2023-03-30,7.1,True
438,70,2023-09-28,4.6,True
439,113,2024-05-06,3.8,False
440,17,2024-09-18,13.8,True
441,42,2024-03-28,4.6,True
442,10,2024-04-09,24.8,False
443,35,2023-08-28,5.3,False
444,44,2024-05-05,,True
445,17,2023-09-07,6.4,True
446,13,2023-02-06,9.7,True
447,181,2023-06-22,3.0,True
448,41,2024-03-03,2.7,True
449,123,2024-11-04,6.8,False
450,22,2023-12-14,9.9,True
451,209,2024-08-25,5.1,True
452,53,2024-06-28,2.0,True
453,165,2024-01-28,1.9,True
454,142,2024-07-17,1.8,True
455,170,2023-10-09,1.4,True
456,139,2023-11-06,5.3,True
457,112,2024-05-30,103.1,True
458,170,2024-03-23,4.9,True
459,180,2024-01-05,1.0,True
460,84,2023-10-31,4.3,True
461,208,2024-11-14,4.4,True
462,218,2023-02-15,21.5,True
463,159,2023-02-08,1.8,True
464,205,2023-12-02,3.8,True
465,24,2023-01-25,16.3,True
466,119,2023-08-27,6.8,True
467,144,2024-02-03,7.3,False
468,205,2023-10-11,5.4,True
469,27,2023-05-23,6.2,True
470,178,2023-07-19,8.5,True
471,17,2024-02-28,2.8,True
472,79,2024-10-27,9.2,True
473,153,2024-06-30,,False
474,65,2024-01-19,6.2,True
475,184,2023-04-07,5.6,True
476,205,2023-06-19,3.2,True
477,35,2023-11-05,4.9,True
478,57,2023-06-22,3.2,False
479,17,2024-04-27,2.3,True
480,157,2023-09-14,3.9,True
481,196,2024-08-06,2.3,False
482,133,2023-07-08,6.2,False
483,30,2023-12-14,2.2,True
484,39,2024-05-15,8.2,True
485,8,2023-05-25,2.2,True
486,108,2024-06-17,3.3,False
487,159,2024-02-15,3.2,True
488,34,2024-03-29,12.5,True
489,187,2023-11-15,6.2,True
490,56,2024-10-16,4.3,True
491,114,2024-06-24,7.0,True
492,147,2023-05-15,1.1,True
493,119,2024-01-24,4.8,True
494,106,2024-09-24,20.1,True
495,75,2023-07-15,5.4,True
496,95,2024-01-11,5.2,True
497,53,2024-06-12,7.3,True
498,65,2023-07-11,9.3,True
499,167,2023-12-29,1.2,True
500,195,2024-01-23,1.5,True
501,187,2023-05-05,5.7,True
502,73,2023-05-05,3.0,True
503,71,2024-01-30,12.4,True
504,13,2023-05-06,4.0,True
505,61,2024-10-25,1.3,True
506,129,2024-01-02,2.0,True
507,59,2024-05-08,0.7,True
508,162,2023-10-05,4.2,True
509,12,2023-07-29,4.3,True
510,91,2023-12-07,3.7,True
511,62,2024-05-12,-10.5,False
512,109,2023-10-06,11.5,True
513,6,2023-07-17,4.4,True
514,93,2023-04-11,1.1,True
515,174,2024-01-15,7.6,True
516,189,2024-04-20,7.3,True
517,57,2024-01-04,6.2,True
518,95,2023-06-28,9.8,True
519,152,2023-06-23,2.2,False
520,103,2023-09-21,20.2,True
521,120,2023-09-01,2.5,True
522,76,2023-05-23,8.4,True
523,185,2024-10-21,1.5,False
524,139,2023-08-19,2.6,True
525,212,2023-06-25,14.3,True
526,172,2024-02-29,4.1,True
527,81,2024-07-14,8.9,True
528,73,2023-11-22,5.8,True
529,20,2024-04-12,4.6,True
530,137,2023-03-08,12.9,True
531,165,2024-01-08,4.2,True
532,78,2023-02-16,1.4,True
533,5,2023-04-07,2.8,True
534,182,2024-02-19,7.3,True
535,50,2023-05-24,6.5,True
536,129,2023-01-26,1.7,False
537,12,2023-05-06,3.0,True
538,14,2024-06-24,3.3,True
539,198,2024-02-15,3.8,True
540,148,2023-09-25,1.9,False
541,2,2024-11-12,3.2,True
542,23,2023-09-28,3.0,True
543,109,2024-09-06,8.5,True
544,150,2023-08-30,8.7,True
545,94,2023-01-18,4.5,True
546,193,2023-03-19,3.8,True
547,144,2023-07-11,5.5,True
548,136,2023-05-11,2.8,True
549,64,2023-04-21,2.2,False
550,151,2023-09-26,2.6,True
551,193,2024-11-13,3.2,True
552,11,2023-05-21,2.2,True
553,162,2023-06-14,,True
554,194,2024-11-27,8.3,True
555,96,2023-05-21,1.6,True
556,169,2024-08-04,5.0,False
557,79,2024-03-10,4.2,False
558,43,2024-10-11,6.3,True
559,180,2024-01-25,4.9,True
560,69,2024-02-20,1.8,True
561,167,2023-06-08,2.0,True
562,70,2024-02-07,5.1,True
563,88,2024-04-14,10.2,False
564,151,2024-11-21,1.1,True
565,76,2023-03-09,6.3,True
566,178,2023-04-20,11.4,False
567,9,2023-01-14,4.4,False
568,3,2024-07-07,7.3,True
569,18,2023-02-27,3.0,True
570,57,2024-10-02,4.6,True
571,12,2023-09-13,1.6,True
572,84,2023-07-21,1.0,True
573,6,2024-11-13,9.6,True
574,167,2024-05-19,2.5,True
575,34,2024-01-19,3.6,True
576,214,2024-09-14,1.9,True
577,189,2024-06-12,1.8,True
578,153,2024-03-22,4.4,True
579,176,2023-08-14,3.0,True
580,171,2024-11-21,6.5,True
581,187,2024-05-18,6.8,False
582,123,2024-10-23,6.2,True
583,138,2024-11-07,5.9,True
584,104,2024-01-20,14.9,True
585,138,2023-09-08,2.3,False
586,84,2024-10-25,4.8,True
587,28,2024-11-30,10.9,True
588,205,2023-03-27,12.0,True
589,154,2024-03-22,1.8,True
590,156,2024-02-26,4.0,True
591,62,2024-06-08,12.8,True
592,170,2024-11-13,,False
593,115,2023-06-26,5.7,True
594,17,2024-11-14,4.3,True
595,211,2024-03-26,3.8,True
596,219,2023-02-27,6.1,True
597,192,2023-12-24,4.2,True
598,105,2023-04-04,4.8,True
599,52,2024-10-31,5.2,True
600,3,2024-06-18,3.1,True
601,163,2024-09-25,7.2,True
602,197,2024-02-26,38.1,False
603,23,2023-10-05,1.4,True
604,151,2023-10-27,6.2,True
605,6,2024-10-24,,True
606,171,2023-04-17,7.4,True
607,7,2024-09-11,5.1,True
608,215,2023-10-23,8.4,True
609,38,2024-02-18,11.3,True
610,89,2024-04-11,5.7,True
611,153,2023-02-27,10.9,True
612,187,2023-04-15,1.0,True
613,80,2023-04-23,15.1,True
614,216,2024-06-29,6.4,True
615,4,2023-02-23,10.5,True
616,104,2024-03-03,2.1,True
617,218,2023-03-17,2.8,True
618,61,2024-06-21,5.5,True
619,118,2024-11-14,4.9,True
620,98,2023-10-17,6.0,False
621,87,2023-05-29,10.6,True
622,169,2023-11-08,1.4,True
623,115,2024-04-28,9.8,True
624,158,2024-05-24,5.0,True
625,115,2024-03-21,4.3,True
626,220,2024-02-12,1.8,False
627,104,2024-03-17,7.0,True
628,176,2023-06-02,0.9,True
629,135,2023-05-25,7.8,True
630,177,2024-10-13,1.7,True
631,195,2024-02-10,5.1,False
632,50,2024-08-25,4.6,False
633,67,2024-03-13,11.2,True
634,67,2023-11-15,4.4,True
635,108,2024-02-04,3.0,True
636,109,2024-04-29,3.5,True
637,1,2023-05-11,12.1,True
638,197,2023-11-20,7.2,True
639,190,2024-05-21,3.8,True
640,133,2023-03-02,4.2,True
641,68,2023-02-21,1.7,True
642,182,2023-04-23,6.5,True
643,60,2024-02-18,1.4,True
644,68,2023-06-16,8.4,True
645,220,2023-11-02,5.4,True
646,204,2023-04-04,26.3,True
647,129,2023-06-25,2.3,True
648,38,2023-01-13,4.6,True
649,28,2024-07-19,17.4,True
650,213,2023-11-23,11.4,True
651,59,2023-05-04,3.0,True
652,150,2024-01-04,5.8,True
653,78,2024-10-15,5.0,True
654,110,2024-07-31,6.0,True
655,217,2024-09-11,3.0,True
656,131,2023-10-12,4.7,True
657,95,2023-09-10,1.6,True
658,92,2023-08-10,5.4,True
659,51,2023-08-02,6.8,False
660,123,2024-10-05,4.2,True
661,126,2023-04-07,1.6,True
662,21,2024-08-19,9.9,True
663,90,2024-10-03,6.4,True
664,142,2024-08-13,3.0,True
665,13,2024-03-15,4.1,True
666,215,2024-08-21,1.7,True
667,190,2023-01-23,2.4,False
668,141,2024-07-26,3.4,True
669,4,2023-12-24,11.7,True
670,114,2024-11-01,3.2,False
671,198,2023-03-02,7.8,True
672,5,2024-10-13,3.4,True
673,175,2024-02-06,5.9,True
674,185,2023-03-14,4.5,True
675,17,2023-12-23,9.1,True
676,51,2023-01-26,3.4,True
677,160,2023-02-27,1.6,True
678,201,2024-01-08,,True
679,170,2024-07-25,3.4,True
680,116,2023-03-17,2.1,False
681,133,2023-07-03,6.6,True
682,116,2023-10-01,3.6,True
683,128,2024-01-15,26.1,False
684,170,2023-01-01,1.5,False
685,11,2024-03-23,5.7,True
686,47,2023-12-15,2.2,True
687,14,2024-11-04,3.5,True
688,176,2023-07-30,5.5,True
689,161,2023-12-12,1.0,True
690,12,2023-02-27,5.8,True
691,24,2024-10-04,18.8,True
692,59,2024-08-06,3.6,True
693,54,2023-09-06,5.9,True
694,115,2023-11-19,10.1,True
695,110,2024-08-23,4.4,True
696,79,2023-07-26,,True
697,37,2023-06-15,1.0,False
698,143,2023-06-19,7.8,False
699,174,2024-05-10,4.6,True
700,141,2023-05-28,2.4,True
701,178,2023-03-04,5.4,False
702,202,2023-04-26,3.3,False
703,186,2024-11-21,3.4,False
704,144,2024-09-02,7.6,True
705,11,2024-10-29,1.9,True
706,74,2023-07-14,10.3,True
707,95,2023-11-06,1.9,True
708,157,2023-12-10,3.1,True
709,187,2024-01-02,19.0,True
710,141,2023-01-19,10.9,True
711,80,2024-02-23,5.3,True
712,174,2023-01-28,2.6,True
713,154,2023-07-12,3.4,True
714,176,2023-07-24,5.2,True
715,130,2024-04-17,5.1,True
716,143,2024-09-19,4.6,False
717,77,2024-05-03,4.8,True
718,88,2023-11-01,4.3,True
719,61,2024-01-03,1.8,True
720,57,2023-12-25,3.5,True
721,144,2023-04-14,9.4,True
722,85,2024-11-01,1.9,True
723,30,2024-10-05,4.3,False
724,8,2023-06-18,2.8,True
725,190,2023-03-22,5.4,False
726,96,2023-04-26,3.8,True
727,127,2024-03-16,,True
728,200,2023-01-21,,True
729,25,2023-03-14,2.0,True
730,207,2024-03-29,7.9,False
731,155,2023-04-13,2.9,True
732,141,2023-02-18,3.3,True
733,95,2023-01-15,6.2,True
734,156,2024-05-09,3.5,False
735,45,2023-09-12,9.3,True
736,67,2023-07-19,2.9,True
737,212,2024-03-23,3.2,True
738,61,2023-04-30,3.1,True
739,159,2024-01-01,3.3,True
740,205,2023-12-05,10.7,True
741,131,2024-04-17,,True
742,66,2024-03-12,16.4,True
743,187,2024-04-17,24.2,True
744,182,2023-05-30,2.4,True
745,120,2023-04-09,5.2,True
746,26,2024-01-09,2.2,True
747,98,2023-02-10,2.9,False
748,95,2023-11-14,3.2,True
749,42,2024-03-13,2.4,True
750,89,2024-07-28,2.4,False
751,34,2024-04-02,4.5,True
752,153,2024-11-27,2.1,True
753,96,2024-01-25,8.9,True
754,161,2023-11-09,2.6,True
755,101,2023-06-22,35.4,True
756,158,2024-04-16,3.6,True
757,162,2024-07-21,5.2,True
758,36,2023-08-13,2.0,True
759,98,2023-02-22,16.4,False
760,165,2023-01-08,10.8,True
761,131,2024-03-18,6.1,False
762,49,2024-04-09,1.9,True
763,184,2023-03-26,5.7,False
764,44,2023-01-16,2.3,True
765,219,2024-04-03,13.8,False
766,156,2023-10-06,8.7,True
767,71,2023-10-20,5.3,True
768,43,2023-07-03,0.9,True
769,199,2024-05-17,2.5,True
770,116,2024-06-05,8.0,True
771,178,2023-02-06,11.6,False
772,183,2023-03-04,10.8,True
773,15,2024-01-24,1.6,False
774,151,2024-02-27,6.1,True
775,74,2023-04-12,10.1,True
776,200,2023-04-21,1.6,False
777,49,2024-04-22,4.9,True
778,8,2023-11-15,6.0,True
779,147,2023-03-25,,True
780,122,2024-03-02,,True
781,123,2023-02-21,3.9,True
782,58,2023-06-11,,True
783,109,2024-05-14,4.5,True
784,213,2023-06-05,3.3,True
785,168,2023-02-14,74.3,True
786,217,2024-11-02,4.8,True
787,74,2023-06-07,6.8,True
788,192,2023-12-27,4.0,False
789,85,2024-07-31,3.7,False
790,206,2024-11-23,5.3,False
791,191,2024-07-20,1.3,True
792,37,2023-08-26,6.9,True
793,214,2024-08-20,5.0,True
794,134,2023-01-09,5.1,True
795,171,2023-08-17,9.7,False
796,128,2023-05-20,1.3,True
797,48,2024-01-05,1.2,True
798,217,2024-09-16,6.0,False
799,25,2024-06-25,4.9,True
800,178,2024-11-29,5.6,True
801,47,2023-04-06,3.6,True
802,173,2024-06-10,7.9,True
803,94,2024-05-22,9.5,True
804,53,2023-11-16,,True
805,53,2023-03-10,4.1,True
806,71,2023-03-15,1.1,True
807,199,2024-10-01,8.5,True
808,170,2023-07-26,11.6,True
809,148,2024-03-22,7.8,True
810,139,2024-10-23,2.7,True
811,92,2023-12-12,7.9,True
812,199,2023-05-27,9.0,True
813,61,2023-12-06,14.7,True
814,208,2023-06-10,2.7,True
815,84,2023-05-07,4.2,True
816,76,2024-07-21,8.4,True
817,105,2023-08-31,,False
818,165,2024-04-24,2.3,False
819,158,2024-05-23,6.6,False
820,169,2024-01-20,7.4,True
821,20,2024-01-14,5.3,False
822,36,2023-05-07,5.8,True
823,187,2024-01-06,,True
824,216,2024-06-10,13.9,False
825,29,2023-05-17,2.6,True
826,199,2023-06-12,3.3,True
827,58,2024-04-28,5.0,True
828,216,2024-11-18,9.2,True
829,219,2023-10-02,1.7,True
830,141,2024-08-02,2.0,True
831,42,2023-05-08,1.2,True
832,174,2024-02-03,5.1,True
833,23,2024-10-22,2.3,True
834,74,2023-11-06,3.8,True
835,141,2023-12-21,7.9,True
836,15,2023-04-19,,True
837,87,2024-01-05,5.8,True
838,176,2024-02-14,4.0,True
839,21,2024-11-17,7.9,True
840,81,2023-05-21,6.9,True
841,1,2023-09-14,3.1,True
842,145,2024-03-29,4.4,True
843,18,2024-10-22,10.3,True
844,62,2023-06-16,6.5,True
845,116,2024-05-01,1.9,True
846,48,2024-09-07,7.8,True
847,51,2024-03-19,2.3,False
848,184,2023-10-26,13.3,True
849,172,2023-06-14,10.1,True
850,18,2023-07-21,6.1,True
851,189,2023-02-06,5.5,True
852,103,2023-04-17,4.3,True
853,32,2023-11-03,,True
854,200,2023-04-09,3.8,False
855,75,2023-01-08,5.8,True
856,72,2024-04-29,9.1,True
857,33,2023-02-19,3.3,False
858,195,2023-04-09,3.2,False
859,64,2024-02-21,2.1,True
860,131,2024-10-07,2.4,True
861,53,2024-05-22,1.4,True
862,198,2023-01-23,8.3,True
863,174,2023-04-28,17.6,False
864,111,2024-06-02,13.4,True
865,77,2024-05-27,1.6,True
866,145,2023-10-01,8.2,True
867,110,2024-10-26,13.4,True
868,208,2024-09-13,3.6,True
869,149,2024-06-04,5.3,True
870,6,2024-06-07,1.2,True
871,181,2024-07-03,6.0,True
872,43,2023-04-14,2.4,True
873,67,2024-05-05,5.7,True
874,96,2024-10-19,1.7,True
875,47,2023-06-07,7.2,True
876,208,2023-01-11,10.1,True
877,216,2023-09-10,2.9,False
878,35,2023-07-08,2.2,True
879,71,2024-10-26,1.1,True
880,82,2023-11-09,4.1,True
881,148,2024-04-07,3.3,True
882,132,2024-11-18,1.7,True
883,150,2024-07-06,6.8,True
884,7,2024-06-08,3.6,True
885,114,2024-11-09,2.3,True
886,47,2024-04-27,3.4,True
887,51,2023-06-12,10.5,True
888,171,2024-05-23,7.6,True
889,32,2023-08-14,4.5,True
890,7,2023-08-20,7.6,True
891,108,2024-03-27,2.2,True
892,162,2023-08-09,5.1,True
893,113,2023-01-18,5.5,True
894,36,2024-11-30,3.6,True
895,171,2024-02-04,6.7,True
896,84,2024-04-14,2.9,True
897,157,2024-07-20,7.1,True
898,45,2024-03-20,7.3,True
899,201,2024-03-03,0.6,True
900,63,2024-07-08,11.4,True
901,214,2023-07-26,0.6,True
902,83,2024-08-02,3.2,True
903,161,2024-05-21,10.2,False
904,111,2023-05-08,4.0,True
905,17,2023-04-13,87.1,True
906,22,2024-09-07,2.3,True
907,90,2024-09-18,10.2,True
908,43,2024-11-26,1.3,True
909,134,2023-03-12,10.9,False
910,31,2024-09-18,-4.8,True
911,130,2024-08-27,2.1,True
912,46,2024-06-21,,True
913,40,2023-12-15,,False
914,81,2023-12-22,9.1,False
915,129,2023-10-28,8.3,False
916,88,2023-01-21,1.5,True
917,77,2023-12-17,3.7,True
918,75,2023-06-16,2.7,True
919,75,2023-05-21,12.2,True
920,89,2023-02-09,1.9,True
921,184,2023-11-17,15.2,False
922,128,2023-02-03,4.8,True
923,93,2024-08-17,2.2,True
924,165,2024-09-14,3.1,True
925,117,2024-07-14,2.8,True
926,209,2023-07-30,2.0,True
927,124,2023-04-25,5.3,False
928,48,2023-12-20,2.1,True
929,124,2024-04-16,1.1,True
930,171,2023-01-15,3.8,True
931,47,2024-08-22,1.4,True
932,45,2023-11-03,2.9,True
933,132,2024-07-27,2.6,True
934,195,2023-02-24,2.7,True
935,74,2023-10-25,20.1,True
936,112,2023-11-17,5.2,False
937,145,2023-02-03,5.9,True
938,146,2024-05-10,1.4,True
939,33,2024-10-13,3.1,False
940,87,2024-01-14,,True
941,219,2023-10-05,2.4,False
942,196,2024-03-21,9.4,False
943,170,2023-09-10,2.1,True
944,6,2023-09-09,4.1,True
945,92,2024-06-15,,True
946,12,2024-02-18,5.6,True
947,67,2023-07-04,3.2,True
948,191,2023-10-13,4.1,False
949,86,2024-08-07,4.2,True
950,38,2024-01-06,3.0,True
951,159,2023-02-23,7.0,True
952,167,2024-08-22,5.9,True
953,145,2024-06-02,4.7,True
954,178,2023-07-06,3.7,True
955,155,2024-11-07,8.7,True
956,140,2024-10-28,4.2,True
957,196,2024-11-28,4.0,True
958,72,2023-09-22,5.3,False
959,101,2024-10-08,16.2,True
960,124,2024-07-18,1.9,True
961,148,2024-09-01,8.5,True
962,105,2024-01-18,1.3,True
963,98,2023-07-15,5.8,False
964,37,2023-06-08,14.9,True
965,141,2024-11-07,7.0,True
966,28,2023-12-18,5.6,True
967,105,2024-10-11,3.3,True
968,90,2024-01-24,5.1,False
969,171,2024-01-10,4.2,True
970,105,2023-02-21,,False
971,2,2023-10-09,4.0,True
972,112,2024-01-25,5.7,True
973,48,2023-03-18,2.9,True
974,84,2023-04-24,2.8,True
975,66,2024-02-18,1.9,True
976,37,2023-06-23,6.5,True
977,208,2024-05-05,7.3,True
978,56,2023-11-19,5.8,True
979,112,2023-10-10,9.7,True
980,183,2023-03-24,5.3,True
981,81,2023-10-12,6.5,True
982,207,2024-01-15,6.1,True
983,89,2024-02-06,82.1,True
984,209,2023-07-09,3.4,True
985,100,2023-01-20,23.3,True
986,4,2024-10-16,3.6,True
987,191,2024-11-01,3.1,True
988,191,2024-09-24,6.7,True
989,212,2023-07-22,,True
990,28,2024-02-26,1.9,True
991,186,2023-04-09,66.8,True
992,76,2024-09-25,4.6,True
993,186,2023-01-04,2.3,True
994,212,2023-11-26,11.4,True
995,44,2024-08-22,7.7,False
996,82,2024-05-22,2.0,True
997,60,2024-08-27,17.2,True
998,68,2023-12-14,7.9,True
999,132,2023-03-08,4.9,True
1000,91,2023-01-06,15.1,True
1001,145,2023-04-17,5.5,True
1002,149,2023-02-10,4.9,True
1003,45,2023-11-10,3.1,True
1004,10,2023-02-05,7.4,False
1005,165,2023-05-10,6.9,False
1006,40,2023-10-21,5.0,True
1007,44,2024-05-30,,True
1008,133,2024-04-16,5.4,True
1009,58,2023-02-10,4.7,False
1010,42,2024-09-24,1.9,True
1011,68,2024-01-20,1.8,True
1012,115,2023-09-02,7.4,False
1013,187,2023-09-25,0.8,False
1014,218,2024-08-16,5.7,True
1015,162,2023-11-22,3.5,False
1016,198,2023-06-22,12.4,True
1017,117,2023-10-25,3.5,True
1018,90,2023-02-17,,False
1019,181,2023-04-18,3.8,True
1020,67,2023-08-09,5.4,True
1021,179,2023-06-04,8.3,True
1022,220,2023-09-02,80.7,True
1023,86,2023-02-15,10.0,True
1024,140,2024-03-03,2.5,True
1025,172,2023-03-22,6.1,True
1026,173,2023-06-01,9.4,True
1027,46,2024-11-15,,False
1028,212,2023-01-05,,True
1029,111,2023-07-15,2.9,True
1030,10,2023-12-17,1.9,True
1031,27,2023-08-03,2.5,True
1032,161,2023-08-13,7.9,True
1033,94,2023-03-30,,False
1034,24,2023-10-24,5.3,False
1035,115,2024-06-12,2.3,True
1036,132,2024-02-16,8.5,False
1037,18,2024-10-08,2.1,True
1038,78,2024-05-04,11.1,True
1039,102,2024-07-06,36.6,True
1040,172,2023-10-30,6.4,True
1041,144,2024-03-04,7.4,False
1042,20,2024-02-09,3.5,True
1043,136,2024-07-23,1.4,True
1044,199,2023-12-17,3.2,True
1045,12,2023-10-10,2.3,True
1046,218,2023-02-19,1.8,True
1047,21,2024-08-24,16.5,False
1048,137,2023-11-01,6.0,True
1049,78,2024-07-12,6.5,True
1050,161,2024-04-19,4.0,True
1051,186,2023-01-02,4.4,True
1052,188,2024-03-31,9.7,True
1053,192,2023-12-08,4.8,True
1054,180,2023-06-17,7.2,True
1055,69,2023-07-05,4.3,True
1056,103,2024-03-22,3.9,True
1057,159,2023-03-02,1.8,True
1058,38,2024-02-29,1.2,True
1059,128,2024-08-15,4.1,True
1060,117,2023-03-02,5.2,True
1061,217,2023-01-06,2.0,True
1062,11,2023-02-12,4.8,True
1063,21,2024-05-26,5.1,True
1064,7,2024-08-16,1.1,True
1065,121,2024-11-22,2.6,False
1066,122,2023-01-21,6.6,False
1067,131,2023-12-04,6.5,True
1068,54,2023-02-03,2.2,True
1069,68,2023-09-17,5.5,True
1070,92,2023-08-04,10.1,True
1071,11,2024-02-29,8.5,True
1072,166,2024-09-28,4.6,True
1073,12,2024-07-17,3.6,True
1074,147,2023-02-14,3.2,True
1075,100,2023-06-18,6.9,True
1076,220,2023-07-12,5.7,True
1077,153,2023-06-25,7.7,True
1078,105,2023-09-05,5.4,True
1079,155,2024-03-01,8.8,True
1080,26,2024-06-01,5.3,True
1081,40,2024-10-19,8.6,False
1082,110,2024-05-07,9.1,True
1083,189,2023-07-28,2.8,False
1084,181,2023-05-09,1.4,False
1085,83,2023-09-21,14.6,True
1086,63,2024-07-13,5.9,True
1087,213,2024-11-26,1.5,True
1088,125,2023-10-02,3.0,True
1089,26,2023-05-04,8.5,True
1090,50,2023-01-04,4.1,True
1091,185,2023-02-23,3.5,True
1092,198,2024-03-21,13.2,True
1093,200,2024-02-17,2.4,True
1094,2,2024-03-26,2.8,True
1095,181,2023-01-17,5.7,True
1096,25,2023-11-02,6.5,True
1097,178,2023-05-07,7.0,True
1098,194,2023-08-24,9.4,True
1099,80,2024-03-11,5.7,True
1100,43,2023-07-13,7.0,True
1101,157,2024-04-06,4.1,False
1102,16,2023-07-22,5.2,True
1103,128,2023-12-24,5.3,True
1104,73,2023-11-18,5.8,False
1105,94,2023-09-26,8.5,True
1106,182,2023-03-30,7.3,False
1107,219,2024-02-08,5.1,True
1108,89,2024-11-24,2.8,True
1109,64,2024-03-26,5.2,True
1110,184,2024-06-06,4.9,True
1111,91,2024-07-16,5.7,False
1112,44,2023-01-27,23.2,True
1113,199,2024-07-08,3.4,True
1114,219,2023-06-19,6.7,True
1115,64,2024-04-10,10.5,False
1116,35,2024-11-19,5.3,True
1117,34,2024-09-17,25.4,True
1118,132,2023-10-18,3.8,False
1119,69,2024-08-09,6.2,True
1120,138,2024-03-09,2.8,True
1121,168,2023-04-04,3.9,True
1122,2,2023-06-17,5.9,True
1123,190,2024-10-31,,True
1124,7,2024-10-02,6.2,True
1125,26,2024-09-16,12.0,False
1126,160,2023-09-26,4.6,True
1127,137,2023-08-13,3.9,True
1128,216,2024-07-18,32.9,True
1129,125,2023-01-15,,True
1130,92,2024-09-20,3.0,True
1131,148,2024-02-27,3.0,True
1132,168,2024-03-18,2.6,True
1133,148,2023-11-03,9.5,False
1134,82,2024-11-16,3.8,True
1135,212,2024-06-08,5.4,True
1136,67,2023-02-07,4.7,True
1137,77,2024-01-03,8.3,True
1138,62,2024-08-24,2.7,True
1139,66,2023-02-23,2.3,False
1140,47,2024-05-30,5.8,True
1141,128,2023-06-21,7.5,True
1142,161,2023-12-21,6.3,True
1143,95,2024-09-09,2.8,True
1144,204,2023-12-11,8.0,True
1145,105,2023-01-27,2.9,True
1146,103,2023-01-15,3.4,True
1147,16,2024-05-30,2.6,True
1148,199,2024-10-13,12.3,True
1149,33,2023-07-24,7.7,True
1150,37,2024-10-16,7.6,True
1151,206,2023-11-13,11.9,True
1152,115,2023-02-11,35.5,True
1153,16,2024-01-07,1.5,True
1154,98,2024-11-12,3.0,True
1155,130,2023-06-25,3.2,True
1156,3,2024-11-03,2.7,True
1157,167,2024-04-01,2.3,True
1158,148,2023-10-05,4.0,False
1159,3,2024-04-30,2.1,False
1160,137,2023-10-08,6.3,False
1161,50,2023-03-01,5.1,True
1162,162,2024-09-01,,True
1163,83,2023-09-19,7.1,True
1164,45,2024-02-01,7.6,True
1165,112,2024-06-05,3.8,False
1166,98,2023-02-28,21.9,True
1167,76,2024-05-20,5.8,True
1168,194,2023-09-13,1.3,False
1169,143,2024-01-17,2.5,True
1170,108,2023-11-16,1.5,True
1171,50,2024-06-28,5.0,True
1172,126,2023-05-12,,True
1173,6,2023-03-17,3.6,False
1174,195,2023-10-15,20.2,True
1175,1,2023-03-24,7.3,True
1176,154,2023-06-19,8.2,True
1177,77,2024-04-05,2.6,False
1178,159,2024-07-27,2.5,False
1179,80,2024-04-30,5.1,False
1180,6,2023-08-11,5.6,False
1181,209,2024-07-24,1.4,True
1182,169,2023-10-12,4.4,True
1183,10,2023-05-07,5.0,False
1184,8,2024-06-13,4.3,True
1185,117,2023-12-28,2.8,True
1186,211,2023-09-17,3.4,True
1187,128,2024-04-07,4.4,True
1188,3,2024-05-22,5.3,True
1189,154,2023-06-06,7.6,False
1190,95,2023-03-24,10.6,True
1191,141,2023-12-28,4.0,True
1192,78,2023-02-06,3.6,True
1193,2,2024-03-22,6.7,True
1194,5,2023-11-04,7.6,True
1195,140,2023-05-31,3.7,True
1196,140,2024-02-24,8.6,True
1197,71,2023-09-20,9.8,True
1198,19,2023-09-29,12.2,True
1199,171,2023-06-01,17.2,True
1200,34,2024-04-18,2.7,True
1201,42,2024-09-24,5.0,True
1202,100,2024-03-09,5.0,True
1203,158,2023-06-15,4.6,True
1204,219,2024-08-06,3.1,False
1205,138,2023-03-26,1.8,True
1206,212,2023-07-22,5.3,True
1207,144,2023-01-25,2.9,True
1208,187,2024-08-16,5.3,True
1209,39,2023-02-01,2.8,True
1210,13,2024-01-18,2.3,True
1211,148,2023-05-15,5.8,True
1212,215,2023-05-29,5.5,True
1213,163,2024-03-01,7.4,False
1214,76,2024-07-16,22.9,True
1215,108,2023-01-13,6.0,False
1216,25,2023-04-22,7.0,False
1217,75,2023-07-20,2.3,True
1218,151,2024-10-22,2.0,True
1219,37,2023-02-10,15.0,True
1220,106,2023-05-05,,True
1221,64,2023-10-10,,True
1222,108,2023-08-16,4.8,True
1223,169,2023-02-04,4.6,True
1224,195,2024-01-14,2.6,True
1225,91,2024-03-01,4.0,True
1226,182,2023-05-04,11.7,True
1227,155,2024-04-26,2.8,False
1228,203,2023-02-09,1.9,True
1229,163,2024-05-26,9.6,True
1230,122,2023-07-01,7.0,True
1231,149,2023-06-07,3.2,False
1232,70,2023-05-18,1.6,True
1233,149,2024-08-30,2.9,True
1234,156,2023-12-18,4.8,False
1235,135,2024-04-28,11.2,True
1236,23,2023-05-23,2.4,True
1237,115,2023-02-09,4.7,True
1238,157,2023-01-27,7.9,True
1239,44,2023-11-05,0.9,True
1240,174,2023-08-17,10.2,True
1241,186,2024-06-21,,True
1242,119,2024-07-05,6.2,True
1243,213,2023-08-06,,True
1244,189,2023-10-31,10.6,False
1245,103,2023-09-25,7.3,True
1246,195,2024-04-17,0.9,True
1247,206,2024-03-16,2.9,True
1248,24,2024-03-31,5.5,True
1249,220,2023-02-08,4.3,True
1250,2,2023-08-25,6.9,True
1251,107,2024-11-07,,True
1252,207,2023-08-28,7.6,True
1253,160,2023-05-03,4.3,True
1254,59,2023-05-20,1.4,True
1255,142,2023-01-19,3.6,True
1256,48,2024-06-30,6.6,True
1257,53,2023-01-04,2.3,True
1258,201,2024-02-22,,True
1259,11,2023-10-07,9.4,True
1260,212,2023-03-08,5.4,True
1261,100,2024-09-10,0.6,True
1262,15,2024-06-03,2.0,False
1263,174,2024-07-27,18.5,True
1264,11,2024-10-17,3.4,True
1265,72,2024-09-30,1.2,True
1266,53,2024-05-05,81.0,True
1267,173,2024-01-09,5.0,True
1268,88,2024-05-02,10.7,True
1269,145,2023-11-11,6.0,True
1270,16,2023-05-07,,True
1271,154,2023-09-28,6.4,True
1272,157,2023-11-23,8.1,True
1273,63,2023-02-02,24.4,True
1274,194,2024-08-16,9.8,True
1275,104,2024-09-28,1.6,True
1276,147,2023-10-21,6.8,True
1277,40,2023-12-14,11.0,True
1278,206,2024-08-11,11.5,True
1279,55,2023-11-15,3.7,True
1280,138,2024-04-26,11.2,False
1281,20,2023-12-27,9.5,True
1282,10,2023-07-09,30.0,True
1283,28,2024-07-09,2.9,True
1284,208,2023-05-15,3.5,True
1285,47,2023-06-07,4.0,True
1286,194,2024-04-28,3.5,True
1287,128,2024-05-11,2.7,True
1288,20,2024-10-30,0.7,True
1289,98,2024-05-12,3.7,True
1290,106,2023-01-18,6.4,True
1291,59,2024-08-17,3.5,True
1292,133,2023-10-17,19.2,True
1293,190,2023-01-07,5.0,False
1294,195,2024-02-10,12.2,True
1295,116,2023-04-30,,True
1296,197,2023-10-19,8.8,True
1297,204,2023-11-26,6.0,True
1298,20,2023-02-21,12.9,True
1299,140,2024-08-18,5.2,True
1300,171,2023-12-24,7.0,True
1301,4,2024-11-06,6.4,True
1302,133,2023-11-22,4.0,True
1303,201,2024-02-21,6.6,False
1304,60,2024-07-22,23.7,False
1305,189,2023-05-29,4.1,True
1306,206,2024-09-28,6.6,True
1307,140,2023-05-10,11.9,False
1308,139,2024-11-28,11.0,True
1309,118,2024-03-23,5.0,True
1310,90,2023-12-30,0.9,False
1311,100,2023-05-28,7.1,True
1312,115,2024-02-03,1.0,False
1313,107,2024-01-23,13.9,True
1314,182,2024-11-19,5.6,False
1315,170,2024-08-07,10.0,True
1316,77,2023-12-05,2.6,True
1317,113,2023-09-30,1.7,True
1318,48,2023-09-28,5.9,True
1319,39,2023-09-22,4.8,True
1320,82,2023-01-10,3.5,False
1321,13,2023-01-26,5.3,False
1322,189,2024-06-09,34.4,False
1323,28,2023-06-27,8.9,True
1324,72,2023-10-15,10.3,True
1325,56,2024-05-03,8.9,True
1326,46,2024-03-01,14.0,True
1327,81,2023-09-10,4.3,True
1328,159,2024-06-10,1.2,True
1329,197,2023-04-21,4.3,True
1330,42,2023-11-27,8.7,True
1331,53,2023-03-16,2.5,True
1332,104,2024-01-08,4.4,True
1333,71,2023-03-08,3.1,True
1334,176,2024-10-21,14.2,True
1335,50,2024-04-06,8.4,False
1336,89,2023-06-21,7.8,True
1337,121,2024-03-04,7.7,False
1338,84,2023-09-02,4.8,False
1339,136,2023-12-29,5.7,True
1340,176,2023-04-28,2.2,True
1341,118,2023-12-17,,True
1342,101,2023-03-16,5.5,True
1343,210,2023-04-18,6.2,True
1344,216,2024-02-13,11.5,True
1345,219,2023-12-17,14.9,False
1346,4,2023-07-25,14.9,True
1347,185,2023-02-11,2.5,True
1348,198,2023-10-24,3.9,False
1349,178,2024-10-10,6.9,False
1350,165,2024-05-10,29.1,True
1351,81,2023-02-10,14.0,True
1352,160,2024-10-18,10.8,False
1353,128,2023-10-24,3.8,True
1354,183,2024-02-08,2.7,False
1355,78,2023-01-01,8.6,True
1356,164,2023-08-06,,True
1357,173,2024-07-04,4.2,True
1358,184,2023-08-20,4.6,True
1359,38,2023-04-27,15.1,True
1360,191,2023-03-05,3.9,True
1361,48,2024-10-09,0.9,True
1362,207,2024-07-23,7.1,True
1363,9,2023-01-31,,True
1364,50,2024-10-09,5.1,True
1365,134,2024-07-28,4.7,True
1366,120,2023-09-09,4.1,True
1367,152,2024-04-04,8.6,True
1368,89,2023-06-30,1.7,True
1369,1,2023-06-24,,True
1370,136,2024-05-15,8.0,True
1371,113,2023-05-22,3.2,True
1372,112,2023-09-06,1.6,False
1373,83,2023-09-08,7.9,False
1374,196,2023-04-16,10.9,True
1375,175,2024-08-02,4.8,True
1376,40,2024-04-16,1.3,True
1377,9,2024-08-26,8.1,True
1378,40,2024-01-02,1.5,True
1379,11,2023-05-03,6.1,True
1380,157,2023-07-15,2.7,False
1381,137,2023-09-05,2.2,False
1382,102,2024-10-21,3.6,True
1383,131,2023-06-16,4.4,True
1384,178,2024-04-30,3.2,True
1385,183,2023-03-27,7.5,True
1386,96,2024-10-31,3.6,True
1387,131,2024-03-28,9.8,True
1388,127,2023-10-29,6.0,True
1389,209,2023-08-31,3.0,True
1390,168,2023-09-06,2.7,True
1391,70,2023-06-07,1.6,True
1392,196,2024-02-24,6.1,True
1393,88,2024-08-29,3.9,True
1394,167,2023-06-18,0.9,True
1395,216,2024-06-07,3.4,True
1396,178,2024-02-01,2.6,True
1397,24,2024-06-25,14.9,True
1398,46,2024-06-22,1.5,True
1399,176,2023-01-28,1.8,True
1400,28,2023-01-15,10.8,True
1401,3,2024-10-02,12.8,False
1402,57,2023-04-19,2.9,False
1403,108,2024-02-07,3.2,True
1404,29,2024-06-11,7.6,False
1405,34,2023-12-19,1.0,True
1406,75,2023-01-05,1.3,True
1407,132,2023-01-08,4.1,True
1408,120,2024-04-13,14.7,True
1409,176,2024-09-20,3.7,True
1410,216,2023-08-29,5.3,True
1411,8,2024-01-16,11.0,True
1412,152,2024-10-15,21.6,False
1413,37,2024-07-31,3.3,True
1414,80,2024-01-14,4.9,False
1415,76,2024-04-03,17.7,False
1416,155,2024-11-03,1.7,True
1417,57,2024-07-11,,True
1418,197,2023-10-19,2.4,True
1419,85,2024-04-30,5.3,True
1420,180,2023-08-19,4.2,False
1421,210,2024-10-06,2.5,True
1422,113,2023-03-07,2.5,True
1423,23,2023-06-07,6.0,True
1424,155,2023-08-31,9.9,True
1425,94,2023-05-22,4.5,True
1426,75,2024-02-21,5.2,True
1427,101,2024-05-13,7.4,True
1428,66,2024-09-15,2.5,True
1429,62,2023-12-17,8.3,True
1430,218,2024-03-10,8.8,True
1431,62,2024-02-24,30.6,True
1432,101,2023-01-03,3.8,True
1433,158,2024-05-10,3.6,False
1434,49,2023-01-17,8.5,True
1435,136,2024-01-19,8.8,False
1436,198,2024-11-30,3.4,True
1437,179,2024-07-05,3.7,True
1438,7,2023-12-21,7.2,True
1439,90,2023-08-12,2.8,True
1440,1,2024-08-09,3.7,True
1441,134,2024-08-24,5.3,True
1442,72,2023-09-15,9.9,True
1443,197,2023-03-17,3.2,True
1444,39,2024-02-12,1.4,True
1445,188,2024-03-19,1.3,True
1446,76,2024-10-15,2.1,True
1447,203,2024-09-15,2.0,True
1448,44,2023-06-10,4.4,True
1449,60,2023-06-26,2.2,True
1450,78,2024-11-28,91.3,False
1451,217,2023-08-17,2.9,True
1452,162,2023-11-17,3.6,True
1453,180,2023-08-02,12.5,True
1454,122,2023-10-03,7.9,True
1455,175,2024-01-30,5.0,True
1456,138,2023-07-24,3.6,False
1457,147,2023-10-17,3.7,True
1458,185,2023-09-04,,True
1459,217,2023-03-17,7.5,False
1460,127,2024-07-04,2.6,True
1461,98,2024-09-15,5.1,True
1462,144,2023-12-11,1.2,True
1463,164,2023-05-24,5.7,True
1464,217,2024-03-26,8.4,True
1465,154,2024-01-09,4.1,True
1466,211,2024-01-21,17.7,True
1467,162,2024-02-21,2.7,False
1468,210,2024-05-17,5.8,True
1469,166,2023-01-29,,True
1470,195,2023-03-11,4.6,True
1471,42,2023-03-08,4.6,True
1472,219,2023-04-19,5.3,True
1473,77,2024-11-11,9.0,True
1474,176,2024-05-26,13.0,True
1475,87,2024-04-10,4.9,True
1476,101,2024-05-04,8.8,True
1477,165,2023-01-24,3.0,True
1478,119,2023-05-30,8.5,True
1479,158,2024-07-09,2.9,True
1480,18,2023-11-20,10.6,True
1481,184,2023-12-22,23.3,True
1482,90,2024-06-09,4.5,True
1483,174,2023-02-22,1.1,True
1484,63,2024-07-13,3.4,True
1485,132,2024-04-21,11.7,False
1486,130,2023-10-10,118.3,True
1487,31,2023-12-16,5.9,True
1488,105,2023-02-21,10.0,True
1489,140,2023-05-24,7.0,True
1490,184,2023-06-22,11.6,True
1491,196,2024-09-06,9.4,False
1492,85,2023-03-20,14.4,True
1493,142,2023-07-23,6.4,False
1494,39,2023-04-03,9.3,True
1495,198,2023-07-19,4.0,True
1496,191,2023-01-08,3.3,False
1497,220,2023-07-10,16.4,True
1498,107,2024-05-21,5.8,True
1499,80,2024-06-21,8.7,True
1500,167,2023-09-23,5.4,False
1501,160,2024-05-09,3.3,False
1502,47,2024-03-09,5.0,True
1503,119,2024-09-24,13.5,True
1504,142,2024-07-17,7.3,True
1505,101,2023-06-10,1.5,True
1506,82,2024-02-17,4.3,True
1507,53,2024-07-04,17.2,True
1508,91,2023-08-02,4.3,True
1509,55,2024-02-06,1.4,True
1510,67,2023-10-08,18.6,True
1511,41,2023-08-05,8.0,False
1512,83,2023-05-20,4.7,True
1513,139,2023-01-25,3.8,True
1514,84,2024-06-08,10.6,True
1515,32,2024-07-27,3.4,True
1516,177,2024-04-01,11.1,True
1517,95,2023-06-18,7.2,True
1518,129,2023-01-14,5.9,True
1519,116,2024-03-18,,True
1520,112,2023-05-20,4.4,True
1521,97,2024-01-20,10.3,True
1522,167,2024-11-10,2.7,True
1523,189,2023-01-04,1.6,False
1524,199,2024-02-09,7.6,True
1525,98,2024-11-27,7.7,True
1526,76,2023-08-23,6.9,True
1527,19,2024-07-24,6.6,True
1528,98,2024-08-02,4.0,True
1529,219,2023-12-07,8.6,True
1530,58,2023-08-03,4.8,True
1531,186,2024-04-21,3.5,False
1532,167,2024-03-09,,True
1533,146,2023-11-30,20.4,True
1534,125,2023-05-15,1.5,True
1535,167,2024-06-05,7.0,True
1536,22,2023-05-28,1.5,True
1537,29,2023-04-05,4.6,True
1538,44,2023-02-17,3.7,True
1539,169,2023-11-09,1.2,False
1540,96,2023-03-26,6.5,True
1541,46,2023-08-23,3.8,True
1542,10,2023-06-19,1.1,True
1543,108,2023-11-18,8.9,True
1544,88,2024-06-28,13.5,True
1545,40,2023-11-12,14.1,True
1546,6,2024-01-25,6.4,True
1547,166,2023-04-11,5.1,True
1548,172,2023-03-21,,True
1549,55,2024-11-14,16.1,True
1550,109,2024-03-09,11.0,True
1551,56,2023-01-11,2.6,True
1552,90,2024-01-31,5.7,True
1553,25,2023-01-08,6.7,True
1554,209,2023-02-24,1.4,True
1555,159,2023-09-19,6.9,False
1556,199,2024-04-04,24.3,True
1557,66,2024-03-10,7.8,True
1558,193,2024-07-07,13.9,True
1559,115,2023-05-06,5.6,False
1560,44,2023-05-15,4.7,False
1561,74,2024-01-09,6.5,True
1562,179,2024-08-31,2.8,True
1563,171,2024-05-20,2.5,True
1564,159,2024-04-13,12.0,False
1565,50,2023-03-07,12.9,False
1566,143,2024-09-06,2.5,True
1567,207,2024-11-20,9.8,True
1568,11,2024-02-12,4.7,False
1569,71,2023-08-24,,True
1570,18,2024-04-08,6.8,True
1571,23,2024-03-25,9.9,True
1572,220,2024-10-12,5.2,True
1573,53,2023-03-19,13.3,True
1574,40,2023-12-27,6.2,True
1575,17,2024-05-11,7.7,True
1576,216,2023-09-02,2.8,True
1577,104,2024-08-11,,True
1578,175,2023-02-15,6.9,True
1579,56,2023-03-15,8.2,True
1580,141,2024-07-07,1.6,True
1581,195,2023-03-30,2.8,True
1582,148,2023-10-20,,True
1583,114,2023-07-16,,True
1584,47,2024-04-26,1.3,True
1585,52,2023-01-09,10.2,True
1586,132,2023-09-07,3.4,True
1587,100,2024-11-21,13.3,True
1588,11,2023-09-16,4.7,True
1589,44,2024-02-23,5.7,False
1590,96,2024-11-22,11.3,True
1591,40,2024-03-01,2.6,True
1592,122,2024-06-12,,True
1593,67,2024-11-02,4.3,True
1594,65,2024-03-08,8.8,True
1595,24,2024-08-05,2.0,True
1596,111,2023-12-22,1.5,True
1597,42,2024-07-23,8.8,False
1598,139,2024-03-25,3.2,False
1599,207,2023-08-26,3.8,True
1600,201,2024-01-26,1.4,True
1601,147,2023-08-23,3.1,True
1602,178,2023-10-05,4.9,True
1603,203,2023-07-24,9.5,False
1604,150,2023-12-10,2.9,True
1605,57,2023-08-31,15.8,True
1606,111,2024-03-14,3.1,True
1607,189,2023-09-16,88.2,True
1608,147,2023-12-10,14.5,True
1609,80,2023-04-09,5.7,True
1610,38,2023-09-28,3.4,True
1611,32,2023-09-07,4.4,True
1612,83,2024-11-03,12.8,True
1613,178,2023-11-09,13.8,True
1614,122,2023-01-16,2.8,True
1615,14,2023-08-05,4.8,True
1616,203,2024-05-25,5.3,True
1617,90,2023-04-26,2.5,True
1618,86,2023-04-25,4.8,True
1619,181,2023-09-19,5.0,True
1620,83,2023-09-07,11.0,True
1621,136,2023-12-03,,False
1622,203,2023-01-24,3.9,True
1623,114,2024-05-19,4.3,False
1624,136,2023-05-30,7.9,True
1625,78,2024-05-12,3.3,True
1626,196,2024-01-31,7.5,True
1627,17,2023-05-22,4.7,True
1628,61,2023-11-25,2.5,False
1629,219,2023-01-26,2.5,True
1630,107,2024-05-06,13.6,True
1631,39,2023-08-01,4.4,True
1632,92,2023-09-26,15.6,True
1633,57,2023-04-20,3.5,True
1634,116,2023-09-13,6.1,False
1635,52,2023-10-05,26.4,True
1636,88,2023-06-07,2.4,True
1637,200,2024-11-16,1.3,True
1638,19,2023-07-15,12.2,True
1639,169,2023-05-07,2.8,True
1640,18,2024-01-19,4.9,False
1641,101,2023-08-12,3.3,True
1642,148,2023-11-14,6.0,True
1643,211,2024-05-22,2.5,False
1644,56,2023-02-24,4.4,True
1645,12,2023-12-23,6.8,False
1646,166,2023-01-16,2.4,True
1647,197,2023-01-31,3.0,True
1648,125,2023-03-06,3.9,True
1649,14,2023-04-24,1.8,True
1650,111,2023-09-02,3.7,True
1651,87,2024-10-16,5.4,True
1652,100,2024-09-26,3.7,True
1653,12,2023-03-14,4.1,True
1654,70,2024-11-24,4.9,True
1655,220,2024-03-20,3.1,True
1656,11,2024-01-23,8.0,True
1657,202,2024-07-08,13.5,True
1658,114,2023-12-06,3.6,True
1659,129,2023-07-05,7.0,True
1660,206,2024-01-06,4.2,True
1661,48,2024-05-22,6.4,True
1662,217,2024-04-22,,True
1663,61,2023-04-29,7.1,True
1664,77,2024-10-18,1.4,True
1665,99,2023-07-19,6.8,False
1666,133,2024-07-27,11.7,True
1667,72,2023-08-07,4.2,True
1668,175,2023-02-14,9.9,True
1669,5,2024-11-28,3.1,True
1670,147,2024-02-17,1.8,True
1671,145,2023-05-31,5.5,True
1672,118,2023-01-01,1.4,True
1673,135,2023-04-01,4.2,True
1674,165,2023-04-29,12.2,True
1675,199,2024-10-09,1.3,True
1676,49,2023-05-04,2.0,True
1677,105,2023-04-24,2.4,True
1678,124,2024-08-09,4.7,True
1679,76,2024-09-07,3.8,True
1680,215,2023-05-27,13.2,True
1681,113,2024-03-31,9.7,True
1682,131,2024-01-10,7.0,False
1683,43,2024-02-08,5.5,False
1684,92,2023-08-06,6.5,True
1685,138,2024-06-09,2.7,True
1686,95,2024-09-08,9.0,True
1687,170,2024-05-23,2.3,False
1688,31,2024-09-24,8.9,True
1689,34,2023-03-19,11.4,True
1690,75,2024-04-04,5.7,True
1691,71,2024-11-30,4.4,True
1692,180,2024-01-10,,True
1693,191,2024-10-21,0.7,True
1694,104,2023-09-01,6.1,True
1695,112,2024-09-19,4.6,True
1696,65,2024-10-19,4.8,True
1697,118,2024-03-11,8.1,True
1698,156,2024-05-08,4.7,True
1699,159,2024-01-01,2.2,False
1700,214,2023-08-10,4.5,True
1701,128,2024-01-11,5.2,False
1702,75,2024-11-04,5.4,True
1703,16,2023-01-11,5.5,True
1704,152,2023-05-24,10.3,True
1705,177,2023-12-16,2.3,True
1706,122,2023-08-26,,False
1707,204,2024-03-12,12.2,True
1708,70,2023-09-10,1.5,True
1709,12,2024-04-06,5.6,True
1710,140,2023-03-16,3.3,True
1711,27,2023-08-21,3.8,True
1712,19,2024-04-29,2.6,True
1713,155,2023-11-26,4.4,True
1714,96,2024-05-14,18.0,True
1715,133,2024-03-21,2.0,True
1716,165,2023-08-18,2.2,True
1717,85,2023-10-27,2.0,True
1718,135,2024-11-06,16.6,True
1719,119,2024-11-04,3.6,True
1720,128,2023-01-25,4.9,True
1721,155,2024-05-08,3.7,True
1722,84,2023-12-10,2.6,True
1723,111,2023-01-01,4.2,True
1724,131,2024-03-19,27.7,True
1725,31,2023-01-17,13.1,True
1726,47,2023-08-12,2.7,True
1727,20,2024-04-28,7.8,True
1728,44,2024-07-22,2.8,True
1729,97,2023-10-16,1.4,True
1730,207,2024-07-20,10.1,True
1731,204,2024-08-10,11.2,True
1732,168,2023-11-10,10.3,True
1733,123,2023-05-02,3.6,True
1734,45,2024-04-06,4.4,True
1735,79,2023-01-10,8.4,True
1736,169,2024-09-17,6.5,True
1737,200,2023-09-29,3.8,True
1738,212,2024-06-16,1.6,True
1739,86,2024-05-30,5.4,True
1740,108,2023-11-28,10.5,True
1741,113,2024-11-11,2.1,True
1742,13,2024-07-11,7.7,True
1743,26,2024-09-10,6.2,True
1744,10,2023-03-07,8.4,True
1745,163,2023-12-05,9.1,False
1746,50,2024-10-28,3.0,True
1747,155,2024-07-22,1.6,True
1748,83,2023-11-14,3.4,True
1749,175,2023-02-19,9.2,True
1750,26,2023-07-17,3.4,True
1751,72,2024-02-05,3.0,True
1752,46,2024-03-25,1.4,False
1753,96,2024-10-09,16.9,True
1754,124,2023-03-07,8.8,True
1755,38,2023-10-05,8.5,True
1756,147,2023-07-10,9.8,True
1757,213,2024-11-03,7.4,True
1758,10,2023-04-27,4.2,True
1759,19,2023-06-04,4.4,True
1760,210,2023-07-28,3.7,True
1761,143,2023-03-15,31.3,True
1762,203,2024-03-26,7.3,True
1763,156,2024-01-03,3.6,True
1764,158,2024-01-26,6.9,True
1765,35,2024-09-27,2.4,True
1766,113,2023-10-31,14.2,True
1767,81,2023-08-06,3.1,True
1768,184,2023-09-20,7.0,True
1769,10,2024-07-14,10.4,False
1770,4,2024-01-05,6.5,True
1771,123,2023-04-29,5.3,True
1772,214,2024-04-27,5.0,True
1773,219,2024-06-05,4.8,True
1774,131,2023-06-24,3.3,False
1775,95,2024-01-25,3.6,True
1776,61,2024-01-30,14.0,True
1777,218,2023-05-03,4.6,True
1778,41,2023-01-07,2.9,True
1779,28,2024-05-17,3.5,True
1780,112,2024-03-06,10.7,False
1781,87,2024-05-14,7.9,True
1782,110,2023-09-22,7.3,True
1783,199,2023-12-27,4.1,True
1784,60,2024-11-18,7.4,True
1785,193,2023-06-07,3.2,True
1786,47,2024-04-01,4.1,True
1787,72,2023-04-03,9.8,True
1788,1,2023-02-15,9.1,True
1789,150,2024-11-01,2.5,False
1790,189,2023-04-01,2.7,True
1791,195,2024-04-04,5.3,True
1792,37,2023-12-26,16.6,True
1793,169,2024-07-20,1.3,False
1794,32,2024-01-18,6.0,True
1795,139,2024-05-02,1.9,False
1796,155,2024-09-17,3.2,True
1797,34,2024-08-03,,False
1798,25,2024-05-20,3.7,True
1799,17,2023-04-24,3.4,True
1800,156,2023-04-29,5.0,True
1801,136,2023-12-14,3.4,False
1802,27,2024-04-06,1.8,True
1803,111,2024-04-11,8.5,True
1804,176,2024-07-04,8.4,True
1805,53,2023-03-14,8.9,True
1806,134,2023-05-02,1.7,False
1807,65,2023-04-15,6.1,True
1808,58,2024-01-14,8.0,True
1809,87,2024-03-19,2.4,True
1810,78,2023-03-22,5.0,False
1811,110,2024-08-31,4.6,True
1812,46,2023-08-01,18.0,True
1813,86,2024-04-07,19.1,True
1814,137,2024-06-10,1.5,True
1815,86,2023-01-26,28.4,True
1816,145,2024-08-28,2.6,True
1817,26,2024-11-10,9.8,True
1818,31,2024-11-02,9.8,False
1819,191,2023-04-08,2.5,True
1820,102,2023-10-02,7.0,True
1821,135,2023-06-12,4.6,True
1822,163,2023-11-12,7.3,True
1823,33,2024-11-13,5.8,True
1824,214,2024-06-18,11.4,True
1825,94,2024-06-23,5.2,True
1826,196,2023-10-23,4.4,False
1827,92,2024-10-17,10.7,True
1828,90,2024-10-06,7.4,False
1829,133,2024-07-18,8.3,True
1830,42,2024-07-24,3.1,True
1831,134,2024-04-01,2.4,False
1832,217,2023-03-08,3.3,False
1833,142,2023-07-19,3.2,True
1834,16,2024-06-22,8.6,True
1835,154,2023-08-17,9.8,True
1836,8,2023-05-01,4.4,True
1837,23,2024-10-25,13.5,True
1838,63,2023-12-08,12.9,True
1839,68,2024-08-25,5.9,True
1840,1,2023-07-18,2.8,True
1841,4,2023-09-09,14.9,False
1842,174,2023-08-29,4.7,True
1843,101,2023-09-19,5.4,True
1844,44,2023-11-03,3.9,True
1845,95,2023-07-28,2.7,True
1846,153,2024-07-23,1.8,True
1847,162,2023-08-17,7.7,False
1848,64,2023-11-06,2.9,True
1849,37,2024-08-25,40.0,True
1850,212,2023-11-03,2.3,True
1851,139,2023-01-08,2.1,True
1852,217,2023-01-01,114.9,True
1853,68,2023-11-02,14.4,True
1854,25,2024-03-29,,True
1855,85,2024-10-21,7.4,True
1856,73,2023-04-02,1.4,False
1857,159,2024-01-15,3.1,True
1858,158,2023-07-22,2.3,True
1859,16,2023-11-12,1.3,True
1860,130,2023-11-06,5.4,False
1861,76,2023-08-07,1.0,True
1862,136,2023-01-13,2.0,True
1863,87,2023-02-21,3.4,True
1864,119,2024-01-01,2.8,True
1865,158,2023-06-07,6.5,False
1866,65,2023-08-17,6.1,False
1867,44,2023-03-05,9.3,True
1868,156,2023-02-04,8.4,True
1869,209,2023-03-30,11.0,False
1870,98,2023-09-22,4.9,True
1871,220,2023-04-25,6.1,True
1872,41,2023-06-12,87.7,False
1873,181,2023-07-31,5.5,True
1874,218,2023-07-23,3.8,True
1875,66,2023-01-08,3.9,True
1876,33,2023-03-24,66.5,True
1877,147,2024-10-27,6.7,True
1878,192,2024-04-12,4.6,True
1879,19,2023-03-28,3.1,True
1880,141,2023-07-18,3.1,True
1881,192,2023-09-26,2.1,True
1882,8,2024-09-25,9.8,False
1883,114,2024-09-07,5.2,True
1884,17,2024-06-23,2.7,True
1885,39,2023-03-16,8.7,True
1886,107,2023-12-10,3.3,True
1887,73,2023-12-05,1.9,True
1888,19,2024-03-22,10.1,True
1889,177,2024-08-14,3.4,True
1890,45,2023-08-13,3.7,True
1891,192,2024-01-25,5.1,True
1892,39,2023-07-04,11.0,True
1893,115,2023-05-28,5.0,True
1894,160,2023-08-08,73.8,True
1895,106,2024-05-29,7.2,True
1896,92,2023-11-03,3.5,True
1897,166,2024-04-21,18.6,True
1898,3,2024-04-28,4.9,True
1899,182,2023-09-11,1.0,True
1900,152,2024-10-30,6.4,True
1901,169,2023-02-02,19.3,True
1902,93,2024-09-19,14.9,True
1903,85,2023-01-06,17.8,True
1904,126,2023-09-25,2.4,True
1905,142,2024-07-31,9.4,True
1906,204,2024-04-23,3.0,False
1907,189,2023-08-14,,True
1908,12,2024-09-11,2.0,True
1909,34,2023-04-07,3.2,True
1910,209,2024-04-14,3.1,True
1911,86,2023-12-29,9.3,True
1912,128,2023-05-26,8.7,True
1913,13,2024-10-06,6.0,True
1914,24,2024-06-19,1.9,True
1915,90,2023-01-06,4.0,True
1916,158,2023-03-02,2.9,True
1917,170,2023-02-09,9.1,True
1918,197,2023-10-18,11.3,True
1919,44,2023-10-19,10.4,True
1920,45,2024-05-21,2.9,True
1921,120,2024-04-18,0.7,True
1922,121,2023-01-11,1.4,True
1923,9,2023-11-30,13.4,False
1924,99,2024-07-03,-3.7,False
1925,198,2024-09-20,2.9,True
1926,37,2023-07-24,15.6,True
1927,181,2023-01-31,12.0,True
1928,99,2023-04-18,5.0,False
1929,116,2023-08-27,4.0,True
1930,142,2023-11-07,4.5,True
1931,156,2023-09-03,5.8,True
1932,141,2023-03-05,15.2,True
1933,23,2023-08-27,6.7,True
1934,65,2023-07-22,8.2,True
1935,186,2023-12-08,11.2,True
1936,9,2023-02-25,2.2,True
1937,158,2024-07-07,8.4,True
1938,115,2023-10-19,4.0,True
1939,27,2023-08-11,0.9,True
1940,28,2024-09-26,1.1,True
1941,216,2024-06-05,2.4,True
1942,7,2023-04-06,7.2,True
1943,5,2023-04-13,5.4,True
1944,4,2023-01-02,5.6,True
1945,139,2024-01-28,19.4,True
1946,204,2023-09-06,2.0,True
1947,38,2023-09-20,4.9,True
1948,176,2023-12-23,6.1,True
1949,159,2024-01-13,3.0,True
1950,51,2023-01-01,5.1,True
1951,16,2023-03-17,1.6,True
1952,108,2024-07-06,13.3,False
1953,18,2024-10-29,3.1,True
1954,25,2024-08-09,20.5,True
1955,103,2024-09-26,4.8,True
1956,180,2023-11-21,10.2,True
1957,219,2024-08-01,4.8,False
1958,139,2024-09-09,4.8,False
1959,61,2024-09-16,3.3,True
1960,73,2023-04-15,5.4,False
1961,135,2023-04-13,6.2,True
1962,39,2023-10-09,,False
1963,115,2023-12-19,4.5,True
1964,170,2024-11-01,3.2,True
1965,186,2023-08-11,24.8,True
1966,14,2024-08-05,,True
1967,64,2024-09-13,14.6,True
1968,57,2024-11-06,4.3,True
1969,123,2023-05-13,5.9,True
1970,41,2023-06-19,,True
1971,210,2023-06-03,3.6,True
1972,202,2024-05-29,,True
1973,74,2024-04-25,15.0,True
1974,90,2023-10-12,5.8,True
1975,97,2023-03-04,13.0,True
1976,10,2023-12-31,7.8,True
1977,196,2024-05-27,15.5,True
1978,172,2023-11-29,,True
1979,74,2023-07-07,26.4,True
1980,121,2024-02-19,3.5,True
1981,84,2024-04-07,2.9,True
1982,51,2024-02-18,2.1,True
1983,67,2024-09-03,25.3,True
1984,24,2023-08-08,8.8,True
1985,179,2024-03-02,84.5,True
1986,145,2024-08-21,11.9,False
1987,205,2023-05-29,8.0,True
1988,2,2023-07-17,19.6,True
1989,139,2023-02-04,1.7,True
1990,124,2023-09-20,4.1,True
1991,138,2023-02-01,3.6,True
1992,218,2024-06-06,1.2,True
1993,86,2023-03-04,10.4,True
1994,32,2024-04-29,4.1,True
1995,3,2024-02-10,8.3,False
1996,109,2024-11-22,25.8,True
1997,39,2023-09-01,3.9,True
1998,32,2023-08-30,3.7,True
1999,33,2023-06-20,5.4,True
2000,61,2024-01-12,9.9,True
2001,26,2023-06-03,3.3,True
2002,107,2023-03-21,3.2,True
2003,144,2024-10-26,10.4,True
2004,64,2024-04-20,6.5,True
2005,30,2023-03-25,,True
2006,126,2024-03-08,2.1,True
2007,19,2023-08-02,14.2,False
2008,163,2023-05-07,6.6,True
2009,85,2023-11-27,,True
2010,91,2024-07-05,4.4,True
2011,55,2023-01-01,5.0,True
2012,63,2023-09-06,8.3,True
2013,33,2024-10-06,1.9,True
2014,123,2023-10-04,2.7,True
2015,33,2023-03-11,6.0,True
2016,150,2023-10-28,4.6,True
2017,57,2024-04-22,7.4,True
2018,125,2024-11-28,2.1,False
2019,119,2024-03-16,6.4,True
2020,140,2023-02-05,10.6,True
2021,167,2024-07-20,7.0,True
2022,124,2024-06-30,5.5,True
2023,188,2024-03-31,4.6,True
2024,57,2024-09-19,2.8,True
2025,166,2024-06-22,4.7,True
2026,76,2023-06-12,12.0,True
2027,139,2023-10-22,4.6,True
2028,109,2023-12-22,2.7,True
2029,200,2023-12-09,3.5,True
2030,60,2024-03-23,5.7,True
2031,115,2024-05-06,3.8,True
2032,37,2023-03-14,,True
2033,140,2024-02-02,7.1,True
2034,9,2023-01-28,9.2,True
2035,91,2023-12-25,13.4,True
2036,3,2023-10-23,9.9,True
2037,73,2023-05-24,2.6,True
2038,107,2024-11-24,2.6,True
2039,73,2023-06-30,79.5,True
2040,85,2023-02-09,3.6,True
2041,33,2023-09-08,,True
2042,158,2024-06-14,3.6,False
2043,176,2023-01-07,3.6,True
2044,101,2023-12-12,3.1,True
2045,13,2023-10-20,4.0,True
2046,14,2024-08-29,11.3,False
2047,149,2023-01-02,5.7,True
2048,205,2023-01-13,27.9,True
2049,191,2024-01-31,5.6,True
2050,90,2023-05-06,4.0,True
2051,110,2024-05-07,5.0,True
2052,36,2023-07-14,5.9,True
2053,16,2024-01-29,6.7,True
2054,169,2023-01-27,21.2,False
2055,95,2024-04-30,2.7,False
2056,110,2023-12-29,9.0,False
2057,76,2023-01-01,5.7,True
2058,69,2023-07-06,1.6,True
2059,217,2023-02-11,8.5,True
2060,180,2023-02-01,12.0,True
2061,153,2024-05-03,2.7,True
2062,86,2023-10-27,4.9,True
2063,159,2024-07-16,1.5,False
2064,75,2023-06-30,2.1,True
2065,114,2024-05-17,10.3,True
2066,32,2024-03-06,111.9,True
2067,157,2024-04-09,2.3,True
2068,14,2024-08-02,5.8,True
2069,159,2024-05-10,3.4,True
2070,133,2024-06-05,3.6,True
2071,15,2024-06-01,8.3,True
2072,112,2023-11-09,2.2,False
2073,49,2024-05-22,2.6,True
2074,105,2024-08-12,5.5,True
2075,3,2024-05-31,9.8,True
2076,159,2024-03-01,11.8,True
2077,113,2023-02-21,3.1,True
2078,80,2023-11-02,9.5,True
2079,193,2023-02-14,2.9,True
2080,142,2023-03-14,17.8,True
2081,135,2023-09-10,2.2,True
2082,33,2023-11-21,12.6,True
2083,111,2024-01-05,3.1,True
2084,155,2024-09-22,20.3,True
2085,204,2024-06-17,7.5,True
2086,133,2023-10-24,,False
2087,38,2023-08-23,3.4,True
2088,150,2024-05-13,8.6,True
2089,17,2023-07-12,10.3,False
2090,69,2024-09-10,4.7,False
2091,202,2024-07-01,5.1,True
2092,177,2024-04-22,8.4,True
2093,199,2023-06-24,5.4,False
2094,78,2024-03-11,2.0,True
2095,151,2024-07-28,2.8,True
2096,155,2023-02-20,5.8,True
2097,55,2023-05-04,11.6,False
2098,208,2023-12-27,15.4,True
2099,214,2023-09-09,8.5,True
2100,25,2024-05-11,6.1,True
2101,169,2023-10-08,8.4,True
2102,99,2024-11-28,3.1,True
2103,149,2023-07-29,4.4,True
2104,122,2023-09-10,2.8,True
2105,50,2023-01-03,2.1,False
2106,22,2023-06-23,6.3,True
2107,113,2023-06-14,5.6,True
2108,185,2024-06-17,8.0,True
2109,181,2023-08-25,7.3,True
2110,61,2023-05-23,5.9,False
2111,190,2023-08-08,7.3,True
2112,79,2024-01-29,,True
2113,124,2024-07-03,6.6,True
2114,72,2024-11-16,3.0,True
2115,116,2023-02-03,6.4,True
2116,117,2024-08-11,7.9,True
2117,154,2023-09-30,3.1,True
2118,104,2024-07-19,5.1,True
2119,117,2023-01-27,3.2,True
2120,144,2024-03-14,3.4,True
2121,92,2024-10-13,2.3,True
2122,116,2023-01-28,12.0,False
2123,19,2024-07-07,10.4,True
2124,192,2023-03-22,7.2,True
2125,28,2024-11-18,19.7,True
2126,193,2024-06-05,4.3,True
2127,168,2024-09-29,40.0,True
2128,209,2024-09-20,4.2,True
2129,6,2023-08-10,5.9,True
2130,48,2023-10-19,3.7,True
2131,12,2024-04-29,6.4,True
2132,92,2023-05-03,8.9,True
2133,200,2023-08-03,4.6,True
2134,169,2023-03-11,17.2,True
2135,155,2024-09-13,5.9,False
2136,187,2023-06-23,6.0,True
2137,1,2023-10-15,2.6,True
2138,174,2023-11-13,,True
2139,69,2023-09-21,4.5,True
2140,153,2024-06-28,3.2,True
2141,168,2024-10-01,2.9,True
2142,151,2024-02-06,32.1,True
2143,92,2024-08-08,4.1,True
2144,135,2023-03-19,1.8,True
2145,104,2024-11-07,3.0,True
2146,139,2023-03-23,4.8,True
2147,101,2023-02-16,7.3,True
2148,87,2023-01-16,7.3,True
2149,45,2023-06-20,8.0,False
2150,86,2024-08-09,3.2,True
2151,159,2023-07-30,6.3,True
2152,192,2024-07-07,2.7,False
2153,23,2023-10-25,3.2,True
2154,41,2023-03-14,2.6,True
2155,112,2023-11-28,2.2,True
2156,155,2023-06-12,10.4,False
2157,38,2023-07-24,8.0,True
2158,72,2023-12-29,9.8,True
2159,11,2024-07-07,5.1,True
2160,12,2024-02-15,8.5,True
2161,32,2023-06-06,1.4,True
2162,161,2024-05-17,9.1,True
2163,192,2024-05-02,5.6,False
2164,110,2023-06-15,7.7,True
2165,39,2024-08-19,6.5,True
2166,203,2024-08-13,2.5,True
2167,62,2024-02-27,1.7,True
2168,35,2023-07-27,,True
2169,31,2023-09-05,7.4,True
2170,78,2023-11-04,8.0,True
2171,162,2023-05-12,1.9,True
2172,88,2023-08-03,2.5,True
2173,98,2023-04-05,3.0,True
2174,75,2023-04-19,3.9,False
2175,208,2024-06-04,1.9,True
2176,151,2023-03-31,1.8,False
2177,147,2023-11-25,2.8,True
2178,97,2023-10-28,5.3,True
2179,117,2023-02-02,2.2,True
2180,195,2024-08-04,4.6,True
2181,145,2024-11-19,10.4,False
2182,180,2024-03-22,2.0,True
2183,9,2024-04-14,4.3,False
2184,190,2023-06-12,10.1,True
2185,210,2024-08-13,3.7,True
2186,147,2024-07-02,3.3,True
2187,211,2023-11-03,11.2,False
2188,125,2024-05-09,4.0,True
2189,61,2024-10-30,10.7,True
2190,134,2024-02-26,6.7,False
2191,139,2023-05-20,3.9,True
2192,32,2023-08-20,6.9,True
2193,45,2023-05-10,6.2,False
2194,65,2023-08-21,10.1,True
2195,121,2024-09-15,3.4,True
2196,33,2023-05-13,,True
2197,170,2024-09-16,4.7,True
2198,25,2023-07-19,8.1,True
2199,207,2023-12-16,2.4,True
2200,149,2024-01-05,10.1,True
2201,75,2023-03-30,6.9,True
2202,82,2023-05-09,2.0,True
2203,153,2023-08-02,11.5,False
2204,20,2023-02-11,23.7,True
2205,158,2024-06-11,10.0,True
2206,122,2024-01-18,13.4,False
2207,49,2024-08-15,5.3,True
2208,198,2024-08-27,1.5,True
2209,139,2023-09-01,1.4,False
2210,37,2024-07-25,5.9,True
2211,145,2023-02-12,3.3,True
2212,91,2023-10-28,2.6,True
2213,169,2024-04-11,4.7,True
2214,109,2023-11-23,7.6,True
2215,220,2024-06-01,1.8,True
2216,205,2024-08-24,3.6,False
2217,9,2023-10-24,14.3,True
2218,91,2023-07-12,2.3,True
2219,45,2024-02-13,9.1,True
2220,100,2024-08-30,3.5,True
2221,32,2024-11-22,7.3,False
2222,118,2024-07-24,10.7,True
2223,34,2023-06-21,8.3,True
2224,138,2023-05-24,9.4,True
2225,100,2024-02-06,2.2,True
2226,219,2023-10-09,10.8,True
2227,194,2024-03-03,2.7,True
2228,133,2024-10-08,5.9,True
2229,99,2024-01-20,5.9,True
2230,158,2023-09-06,7.0,True
2231,148,2024-08-31,,True
2232,31,2023-11-04,2.7,True
2233,83,2024-02-28,1.9,True
2234,219,2023-04-05,9.1,True
2235,71,2023-12-22,5.6,True
2236,3,2023-10-26,11.1,True
2237,184,2023-03-28,4.8,False
2238,206,2023-05-29,1.9,True
2239,145,2024-05-07,9.7,True
2240,140,2023-05-07,3.8,True
2241,78,2023-04-03,6.3,True
2242,80,2023-02-10,3.1,True
2243,202,2023-01-19,15.7,False
2244,189,2023-11-01,2.7,True
2245,110,2023-12-08,3.9,True
2246,69,2024-03-13,5.3,True
2247,42,2024-02-05,2.3,True
2248,3,2024-01-11,6.2,True
2249,107,2024-11-30,15.3,False
2250,122,2023-06-24,3.5,True
2251,149,2024-05-13,6.5,True
2252,178,2023-02-25,0.7,False
2253,81,2024-08-17,4.8,True
2254,37,2023-09-11,4.0,True
2255,186,2023-08-31,2.8,False
2256,168,2023-04-05,10.6,True
2257,118,2023-12-23,3.9,True
2258,9,2023-10-07,4.4,True
2259,103,2024-11-12,3.8,False
2260,137,2023-05-05,1.3,True
2261,189,2023-10-20,2.2,True
2262,112,2024-09-22,9.7,True
2263,102,2024-07-19,1.1,False
2264,84,2024-06-19,2.9,True
2265,92,2024-01-04,3.7,True
2266,4,2024-09-03,16.8,False
2267,23,2023-06-06,8.5,True
2268,167,2024-07-20,3.4,True
2269,80,2024-02-11,12.3,True
2270,188,2023-09-02,2.9,True
2271,88,2023-06-02,10.0,True
2272,220,2024-01-01,1.9,True
2273,40,2023-01-03,,True
2274,42,2024-05-15,3.7,True
2275,130,2023-06-15,2.4,True
2276,177,2023-09-30,4.3,True
2277,32,2023-05-16,6.0,False
2278,111,2023-11-22,3.5,True
2279,50,2023-09-17,7.3,True
2280,163,2023-05-12,3.3,True
2281,124,2024-09-14,7.6,True
2282,144,2024-06-15,6.8,True
2283,60,2023-09-29,4.7,True
2284,64,2023-02-10,3.6,False
2285,141,2024-08-14,5.5,True
2286,78,2024-05-02,7.3,True
2287,152,2024-01-24,21.0,True
2288,34,2024-02-28,9.6,True
2289,67,2023-01-06,9.8,True
2290,23,2023-11-28,40.0,True
2291,20,2023-05-13,7.1,True
2292,58,2024-03-31,7.0,True
2293,108,2024-10-13,8.1,True
2294,32,2024-01-07,2.4,True
2295,21,2024-02-27,3.6,True
2296,194,2024-04-12,3.5,True
2297,114,2024-10-12,7.8,True
2298,158,2023-01-27,100.7,True
2299,160,2023-08-06,5.5,True
2300,23,2023-07-07,10.6,False
2301,137,2024-05-16,9.1,True
2302,190,2023-11-10,4.4,True
2303,99,2024-06-24,3.1,False
2304,190,2023-11-27,11.0,True
2305,209,2024-11-13,8.5,True
2306,121,2024-06-20,1.6,True
2307,23,2023-01-13,,True
2308,136,2024-11-22,5.6,True
2309,194,2024-10-28,8.5,True
2310,128,2023-01-31,9.4,True
2311,177,2023-10-02,6.0,True
2312,118,2024-11-10,7.5,False
2313,93,2024-08-09,5.2,True
2314,209,2023-11-24,3.1,False
2315,34,2024-01-17,4.1,True
2316,99,2023-01-21,5.0,True
2317,35,2024-01-31,4.8,False
2318,145,2024-04-11,1.3,True
2319,203,2023-09-09,3.8,True
2320,220,2023-08-03,5.2,True
2321,52,2024-08-02,4.1,True
2322,161,2023-11-11,4.2,True
2323,193,2023-07-04,7.0,False
2324,184,2023-09-20,2.3,True
2325,111,2023-12-11,1.6,True
2326,39,2023-07-01,3.9,True
2327,102,2024-01-28,8.5,True
2328,171,2024-08-25,16.1,True
2329,137,2024-06-03,94.7,True
2330,86,2023-06-11,1.8,True
2331,48,2023-11-27,4.2,True
2332,144,2024-01-16,5.9,True
2333,95,2024-04-21,5.6,True
2334,104,2024-06-13,7.2,True
2335,207,2023-12-06,2.6,True
2336,3,2023-08-09,5.2,True
2337,53,2024-04-06,6.6,True
2338,203,2023-03-30,8.8,True
2339,203,2024-04-16,2.8,True
2340,67,2024-09-19,3.9,True
2341,219,2024-05-11,0.7,False
2342,47,2023-10-31,3.2,False
2343,12,2024-07-30,3.4,True
2344,68,2024-01-08,2.4,False
2345,117,2024-01-14,5.6,True
2346,2,2024-08-19,4.8,True
2347,38,2023-05-16,1.0,True
2348,174,2024-06-29,5.8,True
2349,137,2024-04-20,2.6,True
2350,134,2024-01-06,7.0,False
2351,218,2023-02-23,2.0,True
2352,51,2024-06-20,5.1,True
2353,198,2023-06-03,4.1,True
2354,79,2024-09-18,6.1,True
2355,204,2024-07-08,5.4,True
2356,173,2023-09-12,4.1,True
2357,47,2023-11-01,1.7,True
2358,47,2023-01-18,1.8,True
2359,120,2023-12-15,3.3,True
2360,111,2023-02-10,4.9,True
2361,52,2024-11-22,3.2,True
2362,58,2024-03-24,7.7,True
2363,198,2023-06-14,4.1,True
2364,166,2024-07-16,2.5,True
2365,43,2023-01-14,,True
2366,160,2024-01-20,5.8,True
2367,34,2023-03-19,,False
2368,98,2023-02-08,18.4,True
2369,3,2023-06-21,3.1,True
2370,143,2023-07-26,4.7,False
2371,41,2024-05-23,6.7,True
2372,52,2024-09-15,4.9,False
2373,42,2024-06-27,3.5,True
2374,41,2024-06-01,1.7,False
2375,18,2024-01-31,3.5,True
2376,122,2023-09-17,2.3,True
2377,191,2023-06-28,1.5,True
2378,67,2024-10-24,2.8,True
2379,172,2024-01-01,2.4,True
2380,120,2024-01-31,7.5,True
2381,56,2023-01-11,7.5,True
2382,14,2023-11-17,2.6,False
2383,173,2024-04-22,4.1,True
2384,6,2023-12-13,1.3,True
2385,93,2024-03-06,3.5,True
2386,8,2024-07-20,6.5,True
2387,171,2023-01-16,8.8,False
2388,218,2024-09-25,3.0,True
2389,72,2024-07-25,10.3,True
2390,69,2023-10-21,,True
2391,125,2024-06-18,2.1,True
2392,111,2023-02-16,8.1,True
2393,84,2023-08-04,16.0,True
2394,81,2023-03-17,7.0,True
2395,42,2024-03-20,4.8,True
2396,56,2024-08-22,1.1,True
2397,129,2024-02-26,1.2,True
2398,162,2024-05-13,5.4,True
2399,166,2023-04-11,3.9,True
2400,114,2024-10-15,2.3,True
2401,166,2023-05-16,5.2,True
2402,131,2024-01-04,5.4,True
2403,79,2024-04-23,9.6,True
2404,78,2024-08-22,5.5,True
2405,115,2024-10-15,11.7,True
2406,68,2024-02-24,5.0,True
2407,169,2024-02-08,4.6,True
2408,41,2023-10-19,10.4,True
2409,12,2024-02-02,2.5,True
2410,109,2024-04-17,35.5,True
2411,16,2024-03-28,6.4,True
2412,43,2024-02-19,6.5,True
2413,83,2023-11-05,89.5,True
2414,1,2023-05-18,18.4,True
2415,50,2023-02-07,8.6,True
2416,120,2023-10-22,1.6,True
2417,83,2023-10-05,13.2,True
2418,198,2024-03-01,3.9,True
2419,21,2024-09-22,5.3,True
2420,159,2024-05-06,2.0,True
2421,131,2024-07-17,7.2,True
2422,142,2024-02-09,3.1,True
2423,148,2024-10-11,5.3,True
2424,12,2024-10-19,4.1,True
2425,175,2023-04-17,19.1,True
2426,73,2024-03-23,19.8,True
2427,144,2023-12-21,5.1,False
2428,65,2024-11-11,5.2,True
2429,88,2024-02-14,3.8,True
2430,155,2023-01-12,10.7,True
2431,206,2023-05-27,3.9,False
2432,194,2023-04-01,3.7,True
2433,160,2023-05-21,9.8,True
2434,119,2023-03-09,3.4,True
2435,117,2024-07-01,4.8,True
2436,213,2023-12-12,1.6,True
2437,46,2024-04-15,8.1,True
2438,210,2024-11-30,83.8,True
2439,143,2024-03-29,8.2,True
2440,136,2023-12-02,13.8,True
2441,131,2023-07-06,2.7,True
2442,179,2024-06-12,5.8,True
2443,151,2023-12-21,2.6,True
2444,21,2024-06-13,4.2,False
2445,172,2023-01-17,8.5,True
2446,161,2023-04-25,5.3,False
2447,202,2023-04-01,1.8,True
2448,207,2024-04-21,2.0,True
2449,209,2023-12-29,1.9,True
2450,10,2023-08-10,7.0,True
2451,139,2023-08-05,21.0,True
2452,206,2024-02-29,12.9,True
2453,213,2024-11-06,1.3,True
2454,121,2024-11-27,13.4,True
2455,201,2023-11-27,9.5,True
2456,194,2024-04-14,1.7,True
2457,1,2023-02-28,4.0,True
2458,195,2024-10-23,10.7,True
2459,141,2023-01-13,7.3,True
2460,127,2023-08-28,2.0,True
2461,40,2024-05-22,7.6,True
2462,203,2024-11-09,1.1,True
2463,65,2023-05-01,,False
2464,92,2024-04-07,11.0,True
2465,66,2023-05-12,5.0,True
2466,214,2023-02-05,3.5,True
2467,107,2023-10-24,9.2,True
2468,26,2024-02-08,9.8,True
2469,3,2023-07-04,12.4,True
2470,216,2024-11-12,9.1,True
2471,52,2024-03-07,10.6,False
2472,170,2023-11-03,8.3,True
2473,7,2023-12-06,,False
2474,198,2023-11-21,5.3,True
2475,144,2023-03-20,4.2,True
2476,50,2024-02-29,,True
2477,196,2024-07-03,2.5,True
2478,66,2023-10-22,4.1,False
2479,220,2023-10-26,5.9,True
2480,132,2024-09-29,13.6,True
2481,99,2024-03-03,4.8,True
2482,13,2023-07-28,10.0,True
2483,58,2023-01-03,10.5,True
2484,13,2024-07-30,4.2,True
2485,188,2024-03-14,7.5,True
2486,23,2024-03-14,4.2,True
2487,25,2023-07-17,12.5,True
2488,28,2023-05-11,7.7,True
2489,215,2023-12-13,2.2,True
2490,214,2024-06-14,5.5,True
2491,158,2023-07-28,15.7,True
2492,17,2024-01-04,4.4,True
2493,111,2024-11-28,6.8,True
2494,209,2023-06-03,7.3,True
2495,22,2023-06-11,2.4,True
2496,175,2023-06-15,7.1,True
2497,5,2024-10-01,1.9,False
2498,177,2024-01-06,3.2,True
2499,120,2024-10-04,96.7,True
2500,196,2024-10-25,6.4,False
2501,92,2023-10-22,4.0,True
2502,173,2023-02-08,6.8,True
2503,186,2023-08-01,4.7,True
2504,72,2024-01-16,5.0,True
2505,142,2023-09-24,7.8,False
2506,102,2023-01-02,3.0,True
2507,96,2024-11-23,5.1,False
2508,176,2023-08-01,4.0,True
2509,50,2024-03-09,1.6,True
2510,27,2024-10-24,2.6,True
2511,106,2024-01-17,14.8,False
2512,181,2024-05-01,6.5,False
2513,36,2023-01-26,2.0,True
2514,75,2024-05-02,,True
2515,147,2024-08-16,4.6,True
2516,105,2024-10-04,14.8,True
2517,134,2023-02-28,4.3,True
2518,117,2023-06-09,12.4,False
2519,179,2023-02-02,6.3,True
2520,193,2024-10-04,6.9,True
2521,99,2023-07-12,1.9,False
2522,95,2024-01-08,9.5,True
2523,62,2023-11-30,3.9,True
2524,98,2024-04-27,9.1,True
2525,185,2024-09-18,2.8,True
2526,111,2023-08-15,5.6,True
2527,153,2024-07-07,6.3,True
2528,93,2023-07-23,4.4,True
2529,156,2023-05-19,6.6,True
2530,157,2023-03-16,,True
2531,117,2023-09-18,3.1,False
2532,206,2024-01-28,15.2,True
2533,193,2024-06-30,10.3,False
2534,35,2024-08-16,2.9,True
2535,51,2024-01-04,7.4,False
2536,211,2023-10-14,2.9,True
2537,89,2023-05-03,2.2,True
2538,69,2024-10-01,10.2,True
2539,176,2023-10-05,1.5,False
2540,133,2024-06-19,9.5,False
2541,30,2024-03-14,4.1,True
2542,21,2024-10-14,4.3,True
2543,178,2024-11-12,6.6,True
2544,169,2024-05-09,7.4,True
2545,78,2024-04-08,2.8,True
2546,190,2023-04-07,8.2,True
2547,28,2023-01-12,5.4,True
2548,192,2024-01-18,2.1,False
2549,18,2024-05-08,4.4,True
2550,140,2024-06-06,13.0,True
2551,186,2023-06-25,16.0,True
2552,137,2023-12-19,8.2,True
2553,172,2024-08-26,2.2,True
2554,76,2023-03-08,7.0,True
2555,64,2023-09-26,9.0,True
2556,59,2024-10-23,8.2,True
2557,26,2023-05-20,8.6,True
2558,62,2023-08-10,6.4,True
2559,55,2023-11-24,4.7,True
2560,167,2024-04-26,3.2,True
2561,47,2023-06-28,1.3,True
2562,37,2024-07-08,6.3,True
2563,162,2023-06-15,5.6,True
2564,119,2023-09-15,7.3,True
2565,48,2024-02-06,1.9,True
2566,156,2023-01-09,7.8,True
2567,48,2024-06-21,20.9,True
2568,173,2024-04-13,5.2,True
2569,8,2024-08-07,4.7,True
2570,130,2023-07-12,6.1,True
2571,132,2023-10-06,20.5,True
2572,83,2024-09-20,2.4,False
2573,152,2023-02-16,5.7,True
2574,84,2023-12-10,2.8,True
2575,144,2023-12-05,3.4,True
2576,50,2023-11-10,4.8,True
2577,126,2023-10-31,12.7,True
2578,167,2024-06-07,17.5,False
2579,213,2023-05-18,6.8,True
2580,80,2024-09-15,3.8,True
2581,105,2024-09-19,28.4,False
2582,105,2023-05-06,3.7,True
2583,190,2024-11-12,3.3,True
2584,212,2023-07-03,1.4,True
2585,143,2023-02-06,13.2,True
2586,181,2023-10-06,9.8,True
2587,19,2024-07-11,26.9,True
2588,168,2024-08-14,1.9,False
2589,179,2024-03-28,,True
2590,158,2024-07-21,5.2,True
2591,129,2023-07-03,8.7,True
2592,198,2024-09-07,1.6,True
2593,144,2024-03-20,13.8,True
2594,187,2023-04-04,8.6,True
2595,40,2023-04-01,4.8,True
2596,147,2023-07-07,7.8,True
2597,97,2023-02-18,2.9,False
2598,192,2023-07-17,3.3,True
2599,194,2024-11-26,3.6,True
2600,186,2023-06-18,1.4,True
2601,48,2024-03-21,9.1,True
2602,109,2024-11-15,11.4,False
2603,1,2023-06-27,3.0,False
2604,216,2024-05-02,6.3,True
2605,57,2023-11-12,4.1,True
2606,138,2023-07-19,6.2,True
2607,108,2024-10-27,3.2,True
2608,200,2024-04-04,2.7,True
2609,181,2023-11-04,10.3,True
2610,171,2024-07-22,4.7,False
2611,142,2024-09-22,20.4,True
2612,27,2024-07-01,5.1,True
2613,203,2024-08-31,2.6,True
2614,14,2023-08-14,,False
2615,101,2023-08-29,7.7,True
2616,84,2023-06-12,8.2,True
2617,86,2024-05-02,11.4,True
2618,215,2024-07-16,3.1,True
2619,51,2024-04-07,4.5,True
2620,128,2024-02-24,4.4,True
2621,48,2024-06-23,2.0,True
2622,201,2023-05-08,4.1,True
2623,162,2023-09-14,12.6,True
2624,92,2024-05-09,5.8,False
2625,18,2023-02-06,1.9,True
2626,34,2024-09-29,1.7,True
2627,54,2023-04-30,15.9,True
2628,90,2024-07-04,4.6,True
2629,195,2024-03-07,67.5,True
2630,27,2024-08-16,4.1,True
2631,127,2024-06-26,1.8,True
2632,77,2023-12-28,13.4,True
2633,11,2024-06-13,3.8,True
2634,137,2023-08-31,12.9,True
2635,155,2024-02-13,5.1,True
2636,212,2024-10-02,13.5,True
2637,112,2023-03-01,,True
2638,72,2023-09-07,9.0,False
2639,188,2023-01-13,8.2,True
2640,55,2024-01-09,7.7,True
2641,151,2024-07-01,6.3,True
2642,208,2023-01-27,4.2,True
2643,1,2024-01-20,18.9,False
2644,204,2023-10-18,2.6,True
2645,46,2024-07-01,5.0,True
2646,106,2023-06-04,5.0,True
2647,57,2023-04-24,6.6,True
2648,32,2023-03-08,3.7,False
2649,155,2023-10-13,6.2,False
2650,107,2023-12-08,4.4,True
2651,113,2024-10-05,1.6,True
2652,107,2023-11-23,5.0,True
2653,165,2023-05-01,2.3,True
2654,213,2024-05-04,1.5,True
2655,113,2023-02-13,5.5,False
2656,35,2023-08-30,7.0,True
2657,73,2024-04-02,7.2,True
2658,110,2023-06-27,7.4,True
2659,23,2024-02-21,1.3,False
2660,51,2023-11-14,1.9,False
2661,45,2024-10-28,19.7,True
2662,215,2023-07-21,2.4,True
2663,89,2024-09-26,7.6,True
2664,194,2024-03-14,3.1,True
2665,122,2024-06-08,5.2,False
2666,112,2023-04-29,3.2,False
2667,207,2023-01-14,7.3,True
2668,153,2024-05-26,5.5,True
2669,53,2023-12-03,3.6,True
2670,62,2023-08-05,2.4,False
2671,147,2024-09-19,6.0,True
2672,1,2023-08-17,2.1,False
2673,34,2023-10-31,6.7,True
2674,17,2024-05-21,31.1,False
2675,158,2024-11-04,12.7,True
2676,98,2024-09-21,8.2,True
2677,3,2024-04-01,4.7,True
2678,164,2023-03-19,1.3,True
2679,145,2023-03-18,2.0,True
2680,159,2024-04-30,12.2,False
2681,36,2023-12-23,2.8,True
2682,193,2023-04-04,3.0,False
2683,40,2024-05-01,4.4,True
2684,126,2024-10-21,2.4,True
2685,123,2023-02-15,2.1,False
2686,49,2024-07-31,4.8,True
2687,83,2023-08-30,2.7,False
2688,12,2023-10-06,2.9,False
2689,104,2024-05-16,2.9,True
2690,149,2023-06-22,7.1,True
2691,68,2023-04-20,4.2,True
2692,119,2024-11-05,4.4,True
2693,210,2023-09-01,,True
2694,52,2023-04-29,4.5,True
2695,64,2024-04-27,4.1,True
2696,27,2023-06-01,6.9,True
2697,120,2024-06-26,7.9,False
2698,45,2023-02-19,4.5,True
2699,188,2023-12-29,5.2,False
2700,65,2023-10-10,2.9,True
2701,147,2024-10-31,2.7,True
2702,42,2023-12-31,8.5,True
2703,72,2024-10-09,6.8,True
2704,38,2023-06-23,6.8,True
2705,122,2023-11-28,6.0,True
2706,7,2024-07-23,5.1,True
2707,19,2023-04-23,8.1,True
2708,111,2024-10-11,9.5,True
2709,121,2024-06-25,9.4,True
2710,73,2024-04-18,4.6,True
2711,95,2023-06-20,13.1,True
2712,92,2024-07-26,5.8,True
2713,167,2024-08-12,7.7,True
2714,99,2023-07-24,6.0,False
2715,187,2024-02-16,5.9,True
2716,48,2023-02-12,3.0,True
2717,44,2023-10-03,8.1,True
2718,89,2023-04-16,36.3,True
2719,18,2024-01-25,3.8,True
2720,148,2024-01-20,5.2,True
2721,86,2024-01-08,3.6,False
2722,81,2024-04-19,3.5,True
2723,118,2024-10-09,14.6,True
2724,19,2023-05-18,3.1,True
2725,83,2023-05-31,3.6,False
2726,214,2023-05-31,1.6,True
2727,139,2024-10-11,2.9,True
2728,127,2023-03-06,1.5,True
2729,112,2023-01-22,7.7,True
2730,104,2023-04-23,35.2,False
2731,207,2024-06-22,3.8,True
2732,205,2024-02-10,1.5,True
2733,91,2024-10-05,9.3,True
2734,204,2023-05-24,3.0,True
2735,19,2023-10-03,12.3,True
2736,71,2024-01-24,4.1,False
2737,67,2023-02-21,3.2,True
2738,154,2024-10-04,4.4,True
2739,134,2024-07-17,8.4,True
2740,104,2023-04-11,4.2,True
2741,57,2024-08-13,3.5,True
2742,112,2023-11-11,4.3,True
2743,60,2023-08-24,2.0,True
2744,110,2024-10-24,6.5,False
2745,75,2023-12-30,1.4,True
2746,196,2023-06-09,3.6,True
2747,165,2024-07-20,8.4,False
2748,39,2024-05-16,6.1,True
2749,207,2023-05-15,7.5,True
2750,145,2024-04-19,4.7,True
2751,78,2024-03-16,,True
2752,117,2023-07-12,9.5,True
2753,44,2023-10-29,6.8,True
2754,11,2024-08-10,9.5,True
2755,93,2023-05-03,8.4,True
2756,173,2024-05-20,3.6,True
2757,78,2024-08-05,1.9,True
2758,85,2024-10-17,6.6,True
2759,218,2023-08-16,,True
2760,218,2023-07-06,,True
2761,103,2024-10-16,2.6,True
2762,10,2023-11-20,2.6,True
2763,150,2024-02-03,6.8,True
2764,158,2023-12-26,4.7,True
2765,202,2023-12-27,1.3,True
2766,209,2024-03-13,6.4,False
2767,139,2023-10-24,1.4,True
2768,24,2023-10-02,2.6,True
2769,55,2023-10-08,12.8,True
2770,158,2024-04-04,17.8,True
2771,134,2024-07-26,2.1,True
2772,96,2024-01-24,3.9,True
2773,89,2024-04-19,5.1,True
2774,157,2023-10-17,17.2,False
2775,93,2024-06-25,3.5,True
2776,35,2023-10-03,3.5,True
2777,216,2023-10-22,14.6,True
2778,77,2023-02-08,3.8,True
2779,62,2023-07-03,8.2,True
2780,16,2024-05-31,1.8,True
2781,104,2023-03-02,4.4,True
2782,217,2023-06-06,1.6,True
2783,36,2024-06-27,2.4,True
2784,54,2024-09-03,,True
2785,40,2023-10-18,4.8,True
2786,21,2023-10-12,4.0,True
2787,133,2023-12-23,2.9,True
2788,66,2024-06-23,4.2,False
2789,166,2023-11-25,6.1,True
2790,89,2023-05-02,9.9,False
2791,141,2023-10-29,,True
2792,20,2023-06-28,69.8,True
2793,73,2024-04-23,5.5,True
2794,92,2023-04-10,4.6,True
2795,14,2024-03-02,6.6,True
2796,93,2023-04-01,6.0,True
2797,104,2024-11-11,4.0,True
2798,89,2024-03-24,3.4,True
2799,111,2023-04-08,4.2,True
2800,176,2024-11-02,,True
2801,170,2024-02-06,3.0,True
2802,4,2024-02-29,4.7,False
2803,141,2023-02-14,5.6,True
2804,199,2023-05-12,14.8,True
2805,192,2024-07-19,4.0,True
2806,72,2023-11-24,9.7,True
2807,173,2024-03-07,11.7,False
2808,177,2024-11-22,4.7,True
2809,81,2023-10-27,4.3,True
2810,192,2023-09-24,3.9,True
2811,140,2024-07-15,4.1,True
2812,166,2023-02-16,9.0,True
2813,165,2023-11-15,5.8,True
2814,172,2024-08-21,5.8,True
2815,211,2023-06-09,2.3,True
2816,189,2023-08-01,2.5,False
2817,93,2023-11-27,22.2,True
2818,124,2023-02-22,4.4,True
2819,143,2023-02-19,2.9,True
2820,189,2023-06-26,13.5,True
2821,87,2024-09-20,6.0,True
2822,69,2023-06-05,7.4,True
2823,163,2024-05-26,4.5,True
2824,210,2023-10-26,4.0,True
2825,201,2024-06-16,4.4,True
2826,33,2023-08-20,1.9,True
2827,203,2024-09-04,4.7,True
2828,174,2023-09-17,,True
2829,35,2024-07-08,18.1,True
2830,2,2024-08-04,5.3,False
2831,45,2023-10-30,1.0,True
2832,205,2024-04-11,4.6,True
2833,167,2023-03-25,,False
2834,127,2023-12-14,9.1,True
2835,139,2023-09-19,2.8,False
2836,91,2024-10-30,7.5,False
2837,200,2024-10-15,2.9,True
2838,35,2024-07-02,1.9,False
2839,70,2024-10-26,3.9,True
2840,45,2024-11-14,5.3,True
2841,187,2024-06-21,1.3,False
2842,119,2024-02-20,2.2,True
2843,151,2023-05-24,5.0,True
2844,203,2024-07-24,3.7,True
2845,44,2023-05-17,6.5,True
2846,213,2023-05-10,2.1,False
2847,28,2024-09-07,8.2,True
2848,166,2023-03-22,2.2,True
2849,155,2023-04-10,15.6,True
2850,182,2023-12-24,1.5,True
2851,35,2024-02-13,2.3,False
2852,212,2023-02-01,6.6,True
2853,175,2023-09-22,15.9,True
2854,25,2023-06-07,6.2,True
2855,123,2023-07-31,7.3,True
2856,180,2023-05-07,5.0,True
2857,105,2024-04-19,2.4,True
2858,84,2023-11-28,3.5,True
2859,61,2024-11-02,2.1,False
2860,114,2023-01-06,2.0,True
2861,217,2024-06-28,6.6,True
2862,134,2024-09-28,2.3,True
2863,159,2023-12-07,6.2,False
2864,172,2024-05-04,2.0,True
2865,172,2023-11-05,6.1,True
2866,89,2024-02-21,3.5,False
2867,170,2024-09-27,13.3,False
2868,73,2024-01-07,6.2,True
2869,129,2024-02-09,11.8,True
2870,67,2024-11-21,2.9,True
2871,207,2023-12-14,5.2,True
2872,161,2023-05-02,2.5,True
2873,129,2024-04-22,3.7,True
2874,100,2024-04-30,4.1,True
2875,115,2023-06-16,3.0,True
2876,172,2024-05-25,2.1,False
2877,61,2023-02-14,1.8,True
2878,183,2023-08-13,78.2,True
2879,62,2024-08-21,2.4,True
2880,32,2024-03-08,7.7,True
2881,163,2024-03-01,1.6,True
2882,156,2024-03-10,1.9,True
2883,74,2023-04-26,17.4,True
2884,143,2024-11-03,,True
2885,161,2023-07-28,6.2,True
2886,174,2024-07-04,7.8,True
2887,210,2024-11-23,7.9,True
2888,188,2023-06-18,1.7,True
2889,97,2024-03-20,4.2,True
2890,51,2023-01-30,1.6,True
2891,22,2024-03-21,27.5,True
2892,127,2023-11-05,1.6,True
2893,147,2023-02-20,,True
2894,152,2024-04-15,2.4,False
2895,3,2024-11-09,1.7,True
2896,155,2023-02-28,12.8,True
2897,174,2024-09-16,27.0,True
2898,159,2024-08-13,70.3,True
2899,116,2024-01-19,2.0,True
2900,4,2024-09-22,1.0,True
2901,108,2023-08-05,4.2,True
2902,142,2024-05-19,4.0,False
2903,126,2024-05-03,3.1,True
2904,127,2024-02-11,5.8,True
2905,114,2024-08-06,6.5,False
2906,122,2024-09-05,6.2,True
2907,72,2024-07-04,4.0,True
2908,134,2024-02-16,2.3,True
2909,62,2024-11-14,7.9,True
2910,109,2024-01-24,5.0,False
2911,92,2024-03-21,9.2,True
2912,158,2023-05-13,8.6,True
2913,197,2023-08-13,1.8,True
2914,140,2024-09-25,1.8,True
2915,30,2023-12-15,2.9,True
2916,147,2023-12-24,2.4,True
2917,72,2024-07-25,8.4,True
2918,11,2023-08-17,6.3,True
2919,43,2023-07-05,10.7,False
2920,220,2023-01-07,6.5,False
2921,94,2023-06-11,5.7,True
2922,45,2023-12-25,11.5,True
2923,30,2024-05-22,6.9,True
2924,144,2023-08-19,5.2,False
2925,168,2023-11-08,14.0,True
2926,78,2023-06-05,5.4,True
2927,23,2024-07-25,4.0,True
2928,79,2024-01-03,,False
2929,147,2023-04-11,8.1,False
2930,26,2024-03-02,11.8,True
2931,59,2023-08-23,4.8,True
2932,1,2024-08-28,12.4,False
2933,104,2023-07-07,1.2,True
2934,38,2024-08-28,4.8,True
2935,44,2024-05-03,4.8,True
2936,25,2023-04-05,3.0,True
2937,161,2024-06-15,26.3,False
2938,108,2024-05-19,4.7,True
2939,209,2023-11-16,3.7,True
2940,87,2023-04-23,100.6,True
2941,49,2023-12-01,1.2,True
2942,45,2024-03-02,2.9,False
2943,210,2023-04-03,9.9,True
2944,130,2023-08-27,3.2,True
2945,72,2024-05-06,2.8,True
2946,144,2024-01-23,12.4,True
2947,123,2024-11-25,12.7,False
2948,26,2023-06-01,7.1,True
2949,155,2024-06-28,3.6,True
2950,27,2023-10-25,4.2,False
2951,44,2023-06-06,,True
2952,157,2024-10-27,2.5,True
2953,98,2024-03-12,2.4,True
2954,49,2024-01-10,3.2,False
2955,15,2023-07-26,2.4,True
2956,131,2024-09-09,1.7,True
2957,154,2023-01-22,5.8,True
2958,45,2023-03-22,,True
2959,92,2023-05-06,16.3,True
2960,76,2024-04-02,3.1,True
2961,197,2023-03-13,6.1,True
2962,174,2024-07-12,6.2,True
2963,61,2023-05-18,4.1,True
2964,113,2024-04-18,8.3,True
2965,204,2024-07-10,8.5,True
2966,77,2024-09-07,6.2,True
2967,32,2023-07-24,4.1,True
2968,66,2023-02-22,,False
2969,134,2024-06-13,1.9,False
2970,219,2023-11-11,2.8,False
2971,68,2024-10-26,3.2,True
2972,13,2023-05-12,2.3,True
2973,40,2024-02-06,6.7,True
2974,91,2023-03-25,11.4,True
2975,21,2023-12-06,2.6,True
2976,8,2023-01-01,6.0,True
2977,145,2024-06-09,2.4,True
2978,182,2024-02-28,4.0,True
2979,52,2023-03-09,3.1,True
2980,115,2023-12-16,7.5,False
2981,127,2023-10-27,3.1,True
2982,147,2024-04-16,10.1,True
2983,216,2023-12-16,4.2,True
2984,195,2023-11-18,3.1,True
2985,70,2024-08-04,-2.1,False
2986,215,2023-12-30,5.9,True
2987,8,2024-07-23,9.3,True
2988,212,2024-09-11,6.0,True
2989,32,2024-08-16,23.7,True
2990,26,2024-10-30,13.5,False
2991,27,2024-05-03,4.0,False
2992,27,2024-01-29,4.0,True
2993,102,2024-01-07,6.9,True
2994,141,2023-05-24,2.8,True
2995,164,2024-08-02,,True
2996,4,2024-04-30,6.4,True
2997,66,2024-09-03,5.9,True
2998,30,2024-05-06,8.0,True
2999,33,2023-12-03,16.5,False
3000,165,2023-07-26,5.6,True
3001,141,2024-11-20,4.6,True
3002,47,2024-05-28,14.2,True
3003,67,2024-09-04,9.8,False
3004,204,2024-02-14,4.0,True
3005,127,2023-12-24,5.0,True
3006,53,2023-01-25,5.7,True
3007,206,2023-02-18,6.4,True
3008,44,2024-05-09,1.9,True
3009,65,2023-06-07,1.7,True
3010,153,2023-02-27,2.7,True
3011,113,2024-06-27,2.5,True
3012,16,2024-03-10,-3.2,True
3013,178,2023-03-19,,True
3014,51,2023-12-16,4.4,True
3015,153,2023-11-25,5.7,True
3016,74,2023-01-03,2.1,True
3017,166,2024-02-28,3.6,False
3018,198,2023-10-05,7.5,True
3019,170,2024-09-06,,True
3020,203,2023-03-23,3.0,True
3021,119,2024-08-15,5.5,True
3022,15,2023-01-05,23.1,True
3023,118,2024-06-18,4.9,True
3024,102,2024-07-01,3.0,True
3025,159,2023-10-13,4.4,True
3026,55,2023-07-16,5.3,True
3027,154,2023-04-10,4.5,True
3028,98,2023-08-26,4.8,True
3029,148,2024-04-13,1.8,True
3030,93,2024-05-22,2.5,True
3031,85,2023-05-07,4.5,True
3032,48,2023-01-08,4.4,True
3033,183,2024-01-28,3.3,True
3034,16,2024-02-11,4.4,True
3035,52,2024-11-17,5.2,True
3036,94,2024-06-16,9.2,True
3037,35,2024-01-21,4.6,False
3038,202,2024-02-19,6.5,False
3039,76,2024-03-27,3.4,True
3040,54,2023-11-13,7.4,False
3041,56,2024-04-19,6.4,True
3042,43,2023-05-17,9.1,False
3043,146,2024-08-04,8.2,True
3044,106,2024-08-26,7.5,True
3045,51,2023-11-01,4.6,False
3046,193,2023-11-16,5.9,True
3047,145,2023-12-15,10.4,True
3048,89,2024-07-26,3.1,True
3049,113,2023-05-04,3.2,True
3050,145,2023-08-28,5.6,False
3051,34,2024-03-06,6.6,True
3052,178,2024-04-30,2.8,False
3053,57,2023-07-27,4.7,False
3054,7,2023-03-24,4.6,True
3055,115,2023-12-22,1.1,True
3056,193,2024-03-22,4.2,True
3057,162,2024-06-20,4.4,True
3058,68,2023-01-03,4.4,True
3059,88,2023-01-13,13.3,True
3060,132,2023-09-28,2.1,True
3061,52,2024-01-30,2.8,True
3062,181,2023-01-03,0.8,True
3063,65,2023-05-02,3.5,True
3064,48,2023-10-21,3.8,True
3065,21,2023-07-15,3.5,True
3066,153,2024-05-12,10.8,True
3067,6,2023-01-25,9.0,True
3068,178,2024-09-13,5.2,True
3069,215,2023-04-29,3.8,True
3070,25,2023-11-05,10.2,True
3071,22,2024-11-21,4.9,True
3072,206,2024-04-08,2.8,False
3073,28,2024-11-29,1.5,False
3074,90,2023-01-14,3.6,True
3075,192,2024-05-18,8.4,False
3076,31,2023-02-22,24.4,True
3077,146,2024-03-04,,True
3078,85,2023-08-17,2.9,True
3079,96,2024-06-27,2.2,True
3080,205,2023-03-29,,True
3081,143,2024-09-19,1.4,False
3082,71,2023-12-03,7.3,False
3083,206,2023-12-30,8.8,True
3084,128,2024-02-04,6.7,True
3085,22,2023-01-25,4.2,True
3086,87,2023-08-06,7.4,True
3087,54,2024-05-11,5.6,True
3088,142,2024-11-03,2.9,False
3089,190,2024-11-20,18.1,True
3090,9,2024-01-10,3.9,True
3091,172,2023-06-30,8.5,False
3092,202,2023-12-01,0.9,True
3093,219,2023-11-21,12.1,True
3094,146,2023-10-06,13.8,True
3095,70,2023-09-10,5.1,True
3096,32,2024-08-30,7.3,True
3097,208,2023-10-01,7.3,True
3098,91,2023-01-21,3.2,True
3099,76,2024-05-19,7.3,True
3100,162,2024-04-10,2.8,True
3101,158,2023-09-22,3.2,True
3102,179,2024-03-16,10.9,True
3103,195,2024-10-20,9.8,True
3104,193,2024-10-09,3.0,True
3105,38,2024-07-06,3.0,True
3106,38,2024-02-13,3.2,True
3107,46,2023-01-20,8.3,True
3108,139,2023-12-25,2.5,False
3109,128,2024-07-26,6.4,True
3110,189,2024-08-14,8.4,True
3111,186,2024-06-25,4.7,True
3112,179,2024-11-21,10.0,True
3113,18,2023-12-28,4.0,True
3114,154,2023-03-18,,True
3115,188,2023-12-14,,False
3116,217,2023-08-12,10.1,True
3117,76,2024-08-07,2.9,True
3118,171,2024-06-27,6.3,True
3119,90,2023-10-25,4.7,False
3120,36,2023-09-29,2.4,False
3121,75,2023-04-22,3.2,True
3122,56,2023-01-31,13.0,True
3123,201,2023-08-08,5.7,False
3124,39,2023-06-18,2.4,False
3125,29,2023-07-05,6.1,True
3126,128,2024-11-29,4.5,False
3127,127,2024-04-21,40.0,True
3128,124,2024-01-21,6.0,True
3129,33,2023-05-06,3.8,True
3130,110,2024-08-11,13.4,True
3131,205,2024-03-27,1.4,True
3132,20,2023-12-27,5.3,True
3133,176,2023-11-23,20.0,True
3134,28,2024-01-22,4.6,True
3135,52,2024-08-10,1.5,True
3136,198,2024-05-19,3.8,True
3137,66,2023-12-06,,True
3138,115,2024-04-12,6.4,True
3139,84,2024-10-12,2.8,True
3140,136,2023-08-17,3.1,True
3141,90,2024-09-22,3.3,True
3142,98,2024-02-29,6.4,True
3143,180,2023-05-10,12.6,False
3144,122,2024-11-07,10.3,True
3145,125,2024-04-25,6.8,True
3146,178,2023-09-28,2.0,True
3147,95,2023-05-31,2.0,True
3148,182,2024-10-03,7.2,False
3149,159,2024-07-30,1.9,True
3150,195,2023-02-01,4.2,True
3151,101,2024-03-21,6.1,True
3152,123,2023-03-22,2.2,True
3153,29,2023-07-25,2.4,True
3154,25,2024-02-02,4.6,True
3155,24,2023-06-24,7.0,True
3156,140,2023-12-25,10.4,True
3157,72,2023-10-28,61.5,True
3158,64,2024-02-12,5.2,True
3159,133,2024-07-14,2.9,False
3160,88,2023-04-19,2.3,True
3161,30,2024-07-11,3.5,True
3162,123,2023-06-05,69.6,True
3163,122,2023-01-24,6.3,True
3164,31,2023-11-09,1.1,False
3165,60,2023-07-31,2.9,True
3166,53,2023-05-10,11.5,True
3167,153,2023-10-23,5.2,True
3168,55,2024-08-31,1.8,True
3169,7,2024-02-14,25.8,True
3170,59,2024-05-24,4.9,False
3171,104,2023-04-15,6.5,True
3172,170,2023-02-23,6.6,True
3173,12,2023-08-23,3.8,False
3174,194,2024-06-26,3.0,True
3175,73,2024-09-11,21.9,True
3176,76,2023-03-13,10.0,True
3177,4,2023-11-30,8.8,True
3178,61,2023-10-05,7.4,True
3179,104,2024-06-04,2.5,True
3180,138,2023-05-24,12.1,True
3181,169,2023-12-06,2.7,True
3182,115,2024-08-17,6.0,True
3183,23,2023-11-22,1.6,False
3184,87,2024-06-30,1.2,True
3185,162,2024-03-11,6.2,True
3186,141,2024-02-23,2.8,True
3187,129,2023-07-01,1.2,True
3188,112,2024-11-25,7.2,True
3189,112,2023-06-24,21.8,True
3190,219,2024-10-13,13.1,True
3191,132,2024-11-23,4.1,False
3192,132,2023-12-24,5.0,True
3193,74,2024-08-31,9.2,False
3194,108,2024-05-15,10.9,True
3195,157,2024-05-31,3.9,True
3196,189,2023-02-17,5.1,True
3197,172,2023-04-07,6.1,True
3198,146,2023-02-18,7.3,True
3199,172,2023-01-22,4.5,True
3200,8,2024-08-08,4.6,True
3201,60,2023-05-03,13.0,True
3202,54,2023-01-05,11.5,False
3203,144,2024-10-18,6.9,True
3204,166,2023-07-15,16.5,False
3205,33,2024-07-25,3.8,True
3206,43,2024-11-03,,True
3207,109,2024-01-02,7.2,True
3208,214,2024-10-10,40.0,True
3209,1,2024-11-09,2.1,True
3210,194,2023-04-12,,True
3211,43,2023-04-13,,False
3212,60,2023-09-16,6.5,True
3213,139,2024-01-27,19.4,True
3214,161,2024-07-04,3.1,True
3215,193,2023-05-09,9.3,True
3216,2,2023-05-16,11.2,True
3217,11,2023-08-03,8.1,True
3218,106,2023-07-09,2.5,True
3219,123,2024-10-20,13.3,True
3220,58,2023-10-05,11.7,True
3221,141,2024-08-30,7.5,True
3222,59,2023-02-09,5.7,True
3223,206,2023-03-13,,True
3224,40,2024-07-16,4.7,False
3225,145,2023-06-24,7.8,True
3226,117,2023-02-27,5.1,True
3227,23,2024-02-21,2.7,True
3228,134,2023-04-14,2.4,True
3229,33,2023-02-12,2.9,True
3230,119,2023-10-12,5.8,True
3231,140,2024-01-21,4.9,False
3232,16,2024-01-05,5.8,True
3233,48,2024-02-14,7.0,True
3234,66,2023-01-17,3.2,True
3235,205,2023-07-23,13.8,True
3236,49,2023-08-29,4.1,True
3237,203,2023-07-25,3.7,True
3238,118,2024-01-27,6.9,True
3239,209,2023-06-10,,True
3240,183,2024-03-18,2.8,True
3241,65,2024-10-16,9.8,True
3242,124,2024-04-07,1.5,True
3243,158,2023-09-30,10.8,True
3244,18,2023-11-01,14.3,False
3245,146,2024-02-14,3.8,True
3246,102,2024-05-21,6.1,True
3247,8,2023-07-31,10.8,True
3248,191,2023-01-27,3.6,False
3249,59,2024-05-06,9.1,True
3250,193,2024-04-08,3.1,True
3251,46,2023-03-13,3.5,True
3252,120,2024-03-14,2.8,False
3253,82,2023-02-20,6.3,True
3254,197,2024-03-26,11.1,True
3255,210,2024-06-04,4.4,True
3256,170,2023-01-11,2.0,True
3257,187,2024-05-23,2.3,True
3258,170,2023-03-26,6.5,True
3259,65,2023-07-05,18.0,True
3260,203,2024-05-08,6.5,True
3261,117,2023-09-06,3.8,True
3262,76,2024-11-14,8.5,True
3263,43,2024-11-01,4.2,True
3264,157,2024-11-21,3.8,True
3265,62,2023-03-15,2.5,True
3266,144,2023-05-04,13.3,True
3267,15,2023-05-09,0.8,True
3268,140,2024-02-14,8.7,False
3269,142,2023-10-29,3.6,False
3270,116,2024-06-06,3.7,True
3271,145,2023-07-17,16.2,True
3272,219,2023-05-20,3.0,False
3273,185,2024-03-30,3.1,True
3274,97,2024-03-08,4.5,True
3275,192,2024-04-28,6.6,True
3276,210,2023-08-07,3.6,True
3277,36,2024-01-04,1.6,True
3278,79,2024-10-11,2.7,False
3279,164,2024-03-03,12.1,True
3280,114,2024-10-14,5.2,True
3281,30,2023-10-31,6.8,True
3282,104,2023-02-01,4.1,True
3283,83,2024-06-16,3.1,True
3284,163,2023-11-19,16.0,False
3285,114,2023-01-30,4.3,True
3286,31,2023-04-08,3.6,True
3287,11,2023-08-08,10.7,True
3288,64,2023-05-14,3.0,True
3289,35,2024-04-24,3.3,True
3290,193,2024-03-03,5.0,True
3291,60,2023-08-19,5.0,True
3292,140,2023-03-01,5.9,True
3293,29,2023-02-24,21.4,True
3294,98,2024-10-23,114.2,True
3295,206,2023-08-30,0.9,False
3296,142,2023-03-17,6.2,False
3297,64,2024-05-13,5.1,True
3298,165,2024-08-31,5.1,False
3299,111,2023-03-27,5.9,True
3300,52,2024-10-23,4.9,True
3301,220,2024-05-22,4.8,True
3302,207,2023-06-26,7.6,True
3303,125,2024-06-26,3.4,True
3304,8,2023-10-21,2.6,True
3305,91,2024-03-20,40.0,True
3306,114,2023-03-30,3.0,True
3307,205,2023-06-20,5.3,True
3308,162,2024-06-25,1.7,True
3309,49,2024-07-17,5.4,False
3310,113,2023-01-08,2.6,True
3311,40,2023-05-31,3.6,True
3312,105,2024-03-01,10.3,True
3313,118,2024-09-26,6.9,True
3314,113,2024-04-17,7.4,True
3315,95,2024-05-09,1.4,True
3316,97,2023-09-30,17.9,True
3317,176,2023-02-08,2.2,True
3318,112,2024-06-20,,True
3319,10,2024-07-13,10.1,True
3320,163,2023-11-07,7.4,True
3321,136,2023-12-21,2.7,True
3322,154,2023-06-14,5.5,True
3323,157,2023-11-13,3.6,True
3324,39,2023-06-19,5.1,True
3325,214,2023-10-22,4.2,True
3326,218,2023-04-04,1.2,True
3327,33,2024-02-29,10.9,True
3328,49,2023-06-23,4.7,True
3329,55,2024-05-22,3.5,True
3330,213,2023-12-29,3.3,True
3331,206,2024-09-19,6.4,False
3332,59,2023-06-04,2.6,True
3333,139,2023-07-11,1.0,True
3334,54,2023-06-20,6.6,True
3335,9,2024-03-17,7.1,True
3336,51,2023-03-16,4.3,True
3337,18,2024-04-25,2.2,True
3338,187,2024-07-27,5.3,True
3339,173,2024-04-17,1.8,True
3340,41,2023-04-05,2.4,True
3341,125,2023-12-12,2.9,True
3342,46,2024-01-09,8.9,True
3343,125,2023-10-01,3.8,True
3344,198,2023-11-23,,False
3345,194,2024-06-17,19.5,True
3346,184,2024-08-07,6.3,True
3347,54,2023-07-30,6.3,True
3348,42,2023-08-19,,False
3349,36,2023-05-26,3.3,True
3350,28,2023-10-09,1.1,True
3351,136,2024-01-18,9.8,False
3352,145,2024-05-14,6.8,True
3353,195,2023-07-07,4.4,True
3354,20,2023-06-01,4.5,False
3355,59,2023-01-24,8.3,False
3356,161,2023-03-07,1.7,True
3357,150,2023-02-06,3.3,True
3358,95,2023-05-26,2.2,True
3359,34,2024-05-01,17.1,True
3360,107,2024-06-25,9.1,True
3361,38,2024-11-12,1.1,True
3362,118,2024-01-17,1.7,True
3363,199,2023-11-15,119.9,True
3364,44,2024-09-21,3.6,False
3365,26,2023-04-13,2.0,True
3366,163,2024-03-17,19.3,True
3367,6,2024-07-26,6.2,True
3368,217,2023-12-18,6.9,True
3369,171,2023-07-03,3.1,True
3370,89,2024-03-10,8.2,True
3371,80,2024-11-27,3.8,True
3372,86,2023-06-15,4.1,True
3373,88,2024-01-30,7.6,True
3374,185,2023-02-05,1.6,True
3375,176,2023-06-12,15.1,False
3376,46,2024-06-20,5.6,True
3377,40,2023-12-14,12.1,True
3378,119,2023-05-20,2.3,True
3379,144,2023-08-23,2.6,False
3380,160,2023-03-26,2.2,True
3381,69,2024-06-29,5.9,True
3382,107,2024-10-22,5.2,True
3383,23,2023-03-16,3.6,True
3384,101,2023-06-16,2.4,True
3385,152,2024-08-22,2.0,False
3386,67,2024-09-07,,True
3387,71,2024-06-21,3.6,True
3388,102,2024-05-15,3.1,True
3389,191,2024-08-25,14.6,True
3390,133,2023-09-19,,True
3391,203,2024-09-18,12.0,True
3392,14,2024-09-12,3.4,False
3393,187,2023-06-10,5.9,True
3394,10,2023-02-21,4.8,True
3395,71,2023-12-31,1.5,False
3396,94,2024-06-14,13.5,True
3397,53,2024-08-17,4.5,True
3398,218,2023-04-10,8.4,False
3399,197,2023-09-22,2.9,True
3400,126,2024-06-21,4.4,True
3401,100,2023-02-12,2.7,False
3402,168,2024-05-21,11.8,True
3403,156,2023-07-24,6.2,True
3404,106,2023-01-16,6.4,True
3405,182,2023-06-19,89.3,True
3406,43,2024-06-03,11.1,True
3407,62,2024-09-01,8.5,True
3408,4,2023-02-26,1.8,True
3409,27,2023-11-21,3.0,True
3410,44,2023-05-21,2.5,True
3411,138,2024-04-23,8.2,True
3412,189,2024-06-30,5.6,True
3413,130,2024-11-04,1.9,True
3414,98,2023-09-06,4.3,True
3415,60,2023-07-29,1.7,True
3416,23,2023-08-05,4.8,True
3417,129,2024-06-16,1.6,False
3418,31,2023-11-08,7.2,True
3419,174,2023-01-16,6.5,True
3420,90,2024-10-25,18.8,False
3421,78,2023-03-14,9.0,True
3422,6,2024-10-11,3.7,True
3423,54,2023-04-24,8.8,True
3424,3,2024-01-12,1.9,True
3425,160,2023-08-07,2.5,True
3426,108,2024-04-25,,True
3427,173,2023-10-10,1.1,True
3428,125,2023-09-15,4.8,False
3429,210,2023-11-30,2.4,True
3430,173,2024-11-10,5.3,True
3431,33,2023-06-21,2.3,True
3432,26,2023-06-03,6.7,True
3433,196,2023-02-16,5.0,True
3434,60,2024-06-01,13.2,True
3435,169,2024-04-19,5.0,True
3436,139,2024-03-02,2.9,True
3437,155,2023-01-17,4.2,True
3438,59,2024-07-07,1.9,True
3439,69,2024-07-20,6.6,True
3440,123,2024-10-23,7.5,True
3441,5,2024-10-12,27.9,True
3442,69,2023-07-04,,True
3443,112,2024-05-12,4.1,True
3444,45,2023-10-09,3.3,True
3445,63,2024-02-22,5.7,True
3446,217,2023-08-21,6.5,True
3447,64,2024-04-04,89.7,False
3448,199,2024-10-28,10.6,True
3449,204,2024-04-01,3.2,True
3450,149,2024-10-06,9.9,True
3451,34,2024-10-14,7.2,True
3452,46,2023-03-25,4.9,True
3453,206,2024-11-06,4.0,True
3454,1,2024-07-26,27.1,True
3455,111,2023-10-26,2.8,True
3456,132,2024-02-25,6.1,True
3457,185,2024-03-07,2.9,True
3458,197,2024-07-04,17.3,True
3459,63,2024-07-15,9.2,True
3460,111,2023-03-13,3.1,False
3461,140,2023-01-01,7.1,True
3462,213,2023-06-22,5.9,True
3463,123,2024-01-04,3.4,True
3464,27,2024-08-17,8.4,True
3465,204,2024-04-02,6.5,True
3466,113,2023-04-06,5.8,True
3467,40,2024-05-17,,True
3468,42,2023-11-24,6.7,True
3469,46,2023-09-16,,True
3470,159,2024-06-24,5.2,True
3471,209,2023-07-26,3.2,True
3472,98,2024-03-09,16.2,False
3473,22,2023-05-08,2.4,True
3474,196,2023-09-25,6.7,True
3475,140,2024-01-26,4.0,True
3476,126,2024-03-12,17.0,True
3477,14,2024-10-05,2.6,True
3478,214,2023-07-23,3.0,True
3479,17,2024-09-19,2.5,True
3480,135,2024-07-25,6.2,True
3481,132,2023-09-09,1.9,False
3482,114,2023-04-09,3.5,False
3483,122,2023-06-30,1.1,True
3484,88,2024-04-05,5.9,True
3485,127,2024-07-06,3.5,True
3486,81,2024-03-04,1.7,False
3487,105,2024-05-22,10.6,True
3488,150,2023-03-13,2.0,True
3489,164,2023-12-20,8.7,False
3490,34,2024-09-03,3.0,True
3491,219,2023-09-30,15.2,True
3492,22,2024-09-21,8.4,True
3493,61,2023-03-28,2.4,True
3494,77,2024-11-16,2.6,True
3495,72,2024-07-03,7.6,True
3496,78,2024-03-14,106.4,True
3497,72,2024-03-08,4.4,False
3498,96,2024-10-17,12.1,True
3499,168,2023-09-21,2.9,True
3500,183,2023-04-26,5.3,True
3501,77,2024-10-05,,True
3502,57,2023-03-13,8.7,True
3503,149,2024-04-06,4.4,True
3504,14,2023-07-06,4.0,True
3505,99,2024-10-12,1.5,False
3506,49,2024-11-12,2.4,True
3507,134,2023-11-29,6.2,True
3508,18,2024-01-09,4.5,True
3509,183,2023-11-15,5.2,True
3510,60,2023-10-25,10.3,False
3511,114,2024-10-18,2.2,True
3512,126,2023-07-20,4.2,True
3513,105,2024-11-02,5.7,True
3514,99,2024-03-31,3.0,True
3515,59,2024-11-03,13.5,True
3516,170,2024-03-04,9.4,True
3517,114,2024-07-27,6.1,True
3518,48,2023-12-09,17.4,True
3519,58,2023-11-20,1.7,True
3520,97,2023-06-30,4.9,True
3521,186,2023-05-28,6.4,True
3522,212,2023-01-27,2.6,True
3523,86,2023-09-26,6.1,True
3524,87,2024-11-22,2.3,True
3525,29,2024-10-18,8.0,True
3526,121,2024-04-28,10.4,True
3527,53,2023-09-12,6.0,True
3528,181,2023-12-31,1.4,True
3529,118,2024-06-13,2.5,True
3530,49,2023-01-02,7.4,True
3531,202,2024-10-08,5.0,True
3532,180,2024-09-01,0.8,True
3533,67,2024-11-10,11.8,True
3534,27,2023-03-08,5.5,True
3535,59,2024-10-25,2.8,True
3536,83,2024-03-05,9.9,True
3537,90,2024-01-24,3.1,False
3538,181,2023-05-06,3.1,True
3539,213,2023-12-11,6.4,False
3540,165,2023-09-12,17.2,True
3541,186,2024-11-22,15.4,True
3542,28,2023-08-26,6.4,True
3543,33,2023-06-02,6.8,True
3544,200,2024-10-24,8.6,True
3545,136,2023-05-12,2.1,True
3546,52,2024-09-25,7.8,False
3547,175,2024-11-05,3.0,True
3548,39,2023-08-04,6.2,False
3549,169,2024-04-27,4.2,True
3550,195,2024-07-11,7.0,True
3551,108,2024-01-11,5.4,True
3552,145,2024-05-02,0.6,True
3553,162,2023-04-03,5.6,False
3554,194,2023-12-28,7.8,True
3555,129,2023-12-26,6.8,True
3556,65,2024-02-01,4.6,True
3557,45,2024-10-22,15.6,True
3558,79,2024-07-31,6.2,False
3559,13,2024-02-27,6.7,True
3560,154,2023-10-10,10.3,True
3561,82,2023-10-11,6.4,True
3562,157,2023-01-15,2.6,True
3563,14,2024-01-21,0.9,True
3564,71,2023-06-26,3.5,True
3565,87,2024-09-12,8.4,True
3566,20,2024-06-25,3.9,True
3567,183,2024-09-30,8.7,True
3568,132,2024-11-28,5.5,True
3569,186,2023-10-08,12.2,True
3570,177,2023-10-27,4.0,False
3571,8,2024-03-01,6.9,False
3572,191,2023-10-29,7.1,True
3573,16,2023-07-15,14.2,True
3574,192,2024-05-09,1.5,True
3575,148,2023-11-12,3.6,False
3576,181,2024-10-21,9.0,False
3577,110,2023-06-03,14.6,True
3578,36,2023-11-07,62.2,True
3579,33,2024-01-08,4.0,True
3580,27,2024-09-27,8.4,True
3581,178,2024-02-09,9.1,False
3582,118,2023-02-18,3.9,False
3583,48,2023-08-25,6.2,False
3584,28,2024-09-12,11.3,True
3585,18,2023-07-10,,True
3586,57,2023-08-27,8.3,False
3587,165,2023-04-16,5.1,True
3588,197,2024-05-18,4.8,True
3589,134,2023-04-08,7.3,True
3590,220,2023-09-15,4.6,True
3591,87,2024-05-13,5.7,True
3592,74,2024-09-18,2.4,False
3593,153,2023-06-05,,True
3594,30,2023-08-21,2.2,True
3595,201,2023-03-24,3.7,True
3596,172,2023-11-03,5.3,True
3597,8,2024-11-30,20.0,True
3598,42,2023-08-01,3.7,True
3599,139,2023-07-01,3.1,True
3600,163,2023-10-07,3.4,True
3601,48,2024-09-19,15.8,True
3602,165,2024-01-18,0.7,True
3603,105,2024-03-02,2.5,True
3604,149,2024-06-30,85.6,True
3605,94,2024-05-15,7.5,True
3606,100,2024-02-24,2.3,True
3607,86,2024-01-28,4.8,True
3608,35,2024-01-09,5.2,True
3609,42,2023-05-07,9.0,True
3610,37,2023-10-18,18.0,True
3611,177,2024-08-15,6.5,True
3612,94,2023-01-28,3.4,True
3613,84,2024-08-02,8.6,True
3614,189,2024-02-01,3.0,True
3615,196,2023-09-02,2.4,True
3616,52,2023-03-21,1.4,False
3617,79,2024-06-18,1.7,True
3618,91,2023-01-01,2.6,True
3619,185,2024-01-16,2.2,True
3620,148,2023-04-24,6.2,True
3621,120,2024-09-28,2.1,False
3622,52,2023-05-08,0.5,False
3623,85,2024-07-15,2.4,True
3624,7,2024-02-06,3.6,True
3625,155,2023-01-29,3.2,False
3626,203,2024-05-19,14.3,True
3627,174,2024-09-07,3.2,False
3628,69,2023-06-05,9.2,True
3629,107,2024-11-08,4.9,False
3630,211,2024-07-12,4.8,True
3631,94,2024-06-03,2.8,True
3632,185,2023-08-24,4.8,False
3633,128,2023-03-25,2.9,True
3634,110,2023-10-28,5.6,False
3635,129,2024-07-19,4.2,True
3636,50,2024-02-15,2.6,True
3637,94,2024-03-29,9.9,True
3638,67,2024-06-30,6.7,True
3639,167,2023-08-26,3.6,True
3640,135,2023-01-27,5.5,True
3641,88,2024-09-10,4.7,True
3642,181,2024-03-05,2.7,True
3643,100,2024-01-31,5.2,True
3644,210,2024-02-06,3.2,True
3645,134,2024-08-20,2.6,False
3646,195,2024-06-22,1.6,True
3647,218,2024-04-14,3.9,True
3648,72,2024-07-01,7.4,True
3649,58,2023-07-21,3.0,True
3650,184,2024-05-13,28.9,False
3651,52,2024-11-13,9.2,True
3652,166,2023-06-14,12.3,True
3653,39,2024-02-04,8.6,True
3654,192,2024-04-21,18.1,True
3655,152,2023-12-28,2.9,True
3656,115,2024-11-09,0.8,True
3657,99,2023-10-10,3.6,True
3658,141,2023-06-02,7.3,True
3659,86,2023-04-06,5.5,True
3660,88,2024-08-17,6.0,True
3661,45,2024-04-25,12.5,True
3662,35,2024-02-09,6.5,True
3663,197,2023-10-29,8.7,True
3664,165,2023-10-14,2.6,True
3665,98,2024-10-16,2.3,True
3666,183,2024-04-21,15.3,True
3667,134,2024-11-06,5.3,True
3668,132,2024-07-15,3.2,True
3669,25,2024-06-21,3.2,True
3670,119,2024-01-23,3.1,True
3671,24,2023-06-19,3.0,True
3672,151,2024-04-02,2.0,False
3673,15,2024-05-16,1.7,True
3674,114,2024-01-01,4.3,True
3675,81,2023-01-15,3.3,False
3676,29,2024-11-03,10.8,True
3677,105,2024-08-01,6.1,True
3678,45,2023-09-04,6.0,True
3679,54,2023-12-12,2.9,True
3680,196,2023-03-28,4.6,True
3681,77,2024-10-17,6.4,False
3682,89,2023-06-11,8.2,True
3683,2,2023-09-22,,True
3684,67,2023-10-27,10.5,False
3685,78,2023-07-04,5.0,True
3686,159,2024-03-20,8.6,True
3687,27,2024-11-27,,True
3688,205,2024-08-21,1.4,True
3689,29,2024-01-07,6.0,True
3690,144,2023-04-02,8.2,True
3691,1,2024-08-27,7.4,True
3692,181,2023-06-29,,True
3693,154,2024-09-29,3.9,True
3694,185,2023-10-04,2.8,True
3695,205,2023-12-29,7.3,True
3696,184,2023-11-02,6.7,True
3697,137,2023-11-15,3.3,True
3698,185,2023-04-26,10.8,False
3699,22,2024-01-23,2.7,True
3700,142,2023-10-10,,True
3701,218,2024-08-16,15.6,True
3702,83,2023-12-01,9.1,True
3703,215,2024-11-06,3.9,True
3704,112,2023-07-27,6.1,True
3705,104,2023-08-18,5.5,True
3706,67,2023-01-26,0.7,True
3707,24,2024-06-01,2.6,True
3708,193,2023-02-21,4.8,False
3709,159,2023-07-19,3.9,False
3710,89,2024-09-29,5.9,True
3711,212,2024-03-03,10.9,True
3712,41,2024-01-27,4.0,True
3713,172,2024-07-17,2.4,True
3714,100,2024-06-24,6.2,False
3715,138,2024-09-12,3.9,True
3716,9,2024-04-10,4.4,True
3717,135,2023-11-11,4.0,True
3718,150,2023-04-02,23.8,False
3719,216,2023-09-16,1.0,True
3720,77,2024-05-08,3.8,True
3721,17,2023-06-27,4.9,True
3722,14,2024-04-14,2.9,True
3723,33,2023-04-04,9.3,True
3724,66,2023-02-12,8.8,True
3725,183,2023-09-13,4.8,True
3726,43,2023-06-10,4.1,True
3727,32,2024-09-02,4.6,True
3728,8,2023-09-22,4.6,True
3729,85,2023-10-21,4.7,True
3730,133,2023-10-10,4.3,True
3731,62,2023-08-11,5.9,True
3732,110,2024-10-04,8.4,True
3733,54,2024-06-01,2.1,True
3734,177,2023-04-22,2.4,True
3735,6,2023-05-31,1.5,True
3736,45,2023-02-26,9.1,False
3737,125,2023-06-29,5.9,False
3738,186,2024-04-04,7.1,True
3739,89,2024-10-17,1.8,True
3740,16,2023-12-04,17.3,True
3741,122,2023-02-27,3.2,False
3742,60,2023-02-03,5.6,True
3743,67,2023-10-18,9.0,True
3744,203,2023-07-05,2.5,True
3745,208,2024-02-08,3.4,True
3746,57,2023-03-24,5.6,True
3747,131,2023-06-11,36.6,True
3748,119,2024-01-25,6.1,True
3749,212,2023-07-16,15.2,False
3750,209,2023-09-13,11.5,True
3751,78,2023-06-05,6.4,False
3752,6,2023-02-06,2.5,True
3753,1,2023-08-30,10.4,True
3754,2,2023-08-19,1.7,False
3755,172,2024-09-20,15.2,False
3756,163,2024-09-16,5.7,True
3757,183,2023-10-30,0.8,False
3758,31,2023-07-21,3.9,True
3759,13,2023-10-20,,True
3760,38,2024-03-01,4.2,True
3761,138,2023-09-28,8.2,False
3762,2,2024-06-13,2.7,True
3763,146,2024-11-05,2.0,False
3764,196,2023-10-10,4.7,True
3765,33,2023-03-24,5.1,True
3766,163,2023-03-26,3.9,True
3767,122,2024-09-02,11.7,True
3768,208,2023-10-19,2.7,True
3769,54,2023-08-18,6.2,True
3770,50,2024-03-09,5.2,True
3771,4,2024-10-31,1.7,False
3772,156,2023-10-25,2.0,True
3773,191,2023-08-09,5.0,True
3774,5,2024-08-26,19.8,False
3775,109,2023-02-28,7.4,True
3776,160,2024-08-13,1.5,True
3777,172,2023-12-31,0.6,True
3778,205,2023-01-15,8.3,True
3779,160,2023-06-09,4.6,True
3780,203,2024-04-20,11.0,True
3781,219,2024-06-11,2.7,True
3782,205,2023-05-17,6.3,False
3783,97,2024-04-05,9.0,False
3784,90,2024-11-23,3.6,True
3785,95,2024-04-25,3.7,False
3786,210,2024-05-06,66.0,True
3787,62,2023-05-16,7.2,True
3788,166,2024-03-22,4.9,True
3789,138,2024-05-11,9.8,False
3790,14,2023-03-19,3.6,False
3791,107,2023-08-06,2.0,True
3792,43,2024-09-09,19.8,True
3793,161,2024-11-30,3.2,True
3794,99,2023-05-02,3.3,True
3795,79,2024-05-27,4.7,True
3796,15,2023-12-18,5.2,True
3797,29,2024-02-18,3.8,True
3798,169,2023-12-24,4.9,True
3799,190,2024-08-29,4.8,True
3800,65,2023-11-08,5.6,True
3801,183,2024-02-17,1.0,True
3802,122,2024-04-13,18.5,True
3803,78,2024-01-22,4.5,True
3804,100,2024-09-07,7.4,True
3805,152,2023-06-16,1.9,True
3806,201,2024-10-25,3.6,True
3807,109,2024-04-19,3.1,False
3808,77,2024-11-03,13.9,True
3809,168,2023-09-20,3.3,True
3810,116,2023-12-02,8.4,True
3811,86,2023-01-31,3.1,True
3812,102,2024-10-08,3.6,True
3813,118,2024-07-25,4.2,True
3814,31,2023-07-27,12.2,False
3815,13,2023-02-06,1.3,True
3816,147,2024-05-02,2.0,True
3817,39,2024-04-15,1.3,True
3818,117,2024-01-05,2.3,True
3819,172,2023-04-20,2.8,True
3820,48,2024-10-04,1.6,True
3821,84,2023-10-30,3.0,True
3822,216,2024-05-22,84.1,True
3823,8,2024-08-24,2.4,False
3824,167,2024-01-19,11.5,True
3825,37,2023-03-08,6.6,True
3826,200,2024-09-13,5.6,True
3827,91,2024-04-12,2.5,True
3828,2,2024-09-18,1.7,True
3829,158,2024-03-04,2.2,True
3830,33,2024-09-27,4.8,True
3831,80,2024-08-30,9.1,True
3832,111,2023-05-31,9.3,True
3833,164,2023-05-01,7.7,True
3834,93,2023-04-23,3.0,True
3835,189,2024-07-13,5.0,True
3836,106,2023-06-18,4.0,True
3837,76,2023-11-12,4.3,False
3838,75,2024-07-05,20.6,True
3839,177,2023-10-28,,True
3840,147,2023-02-13,4.2,True
3841,28,2023-09-11,11.6,True
3842,166,2023-03-08,1.8,True
3843,92,2023-09-27,3.2,True
3844,77,2024-05-30,3.4,True
3845,22,2023-12-30,4.2,True
3846,220,2024-04-17,1.6,True
3847,12,2023-03-16,7.5,False
3848,220,2024-06-09,7.9,True
3849,15,2023-10-25,7.1,True
3850,112,2023-07-20,2.7,True
3851,24,2024-04-01,5.3,True
3852,109,2023-04-05,2.6,True
3853,184,2023-12-15,3.9,True
3854,130,2023-10-23,22.4,True
3855,120,2023-04-27,5.3,True
3856,27,2024-10-28,2.2,False
3857,209,2023-09-12,5.6,True
3858,83,2023-01-29,1.9,False
3859,119,2023-11-07,2.1,True
3860,198,2024-11-07,2.4,True
3861,139,2024-04-13,3.6,True
3862,162,2024-03-21,9.5,True
3863,41,2024-09-22,7.4,True
3864,102,2023-02-28,7.1,True
3865,119,2024-01-21,2.3,True
3866,39,2023-08-13,3.4,True
3867,85,2024-04-18,6.0,True
3868,183,2024-08-19,119.0,False
3869,205,2023-02-24,4.1,True
3870,182,2023-04-21,6.7,True
3871,206,2024-10-30,3.9,False
3872,220,2023-12-11,,True
3873,44,2023-08-09,15.1,True
3874,189,2023-04-17,4.4,True
3875,137,2023-09-06,11.3,False
3876,189,2023-01-04,7.3,True
3877,141,2023-06-05,1.8,True
3878,28,2023-05-09,2.3,True
3879,124,2023-03-01,2.8,True
3880,168,2024-11-09,2.7,True
3881,28,2024-07-07,4.6,False
3882,111,2024-10-20,7.6,True
3883,144,2023-06-18,11.9,True
3884,103,2023-07-21,6.1,True
3885,176,2023-07-17,3.6,True
3886,28,2024-01-26,1.2,True
3887,76,2023-05-08,5.2,True
3888,210,2023-06-14,5.0,True
3889,114,2024-11-13,5.6,True
3890,40,2023-09-04,21.6,True
3891,26,2024-06-30,11.8,True
3892,131,2023-06-10,8.6,True
3893,205,2024-10-12,2.5,True
3894,11,2024-04-30,3.5,False
3895,25,2024-08-26,4.6,False
3896,83,2023-12-28,2.9,True
3897,46,2024-09-26,7.0,True
3898,27,2023-09-11,6.4,True
3899,66,2023-12-02,2.3,True
3900,142,2023-02-13,11.4,True
3901,182,2023-04-30,5.3,True
3902,68,2024-06-23,1.5,False
3903,155,2023-08-17,4.8,True
3904,182,2023-03-13,6.0,True
3905,2,2023-07-24,9.8,False
3906,188,2023-09-04,3.9,True
3907,41,2024-05-16,8.8,True
3908,151,2023-03-05,5.6,True
3909,166,2023-01-18,2.0,False
3910,186,2024-05-21,1.8,False
3911,89,2023-04-10,10.9,True
3912,146,2023-10-21,11.4,True
3913,6,2024-04-23,6.2,False
3914,99,2023-12-26,14.1,False
3915,213,2023-03-28,10.4,True
3916,35,2024-05-20,8.0,True
3917,34,2023-02-03,2.6,False
3918,155,2023-06-12,16.6,True
3919,113,2023-03-18,7.2,True
3920,101,2023-12-25,3.8,True
3921,55,2024-04-28,3.1,True
3922,38,2024-03-30,5.9,True
3923,163,2023-04-08,1.5,True
3924,79,2023-08-29,8.1,True
3925,171,2023-04-13,2.5,True
3926,98,2023-08-28,6.4,True
3927,88,2023-06-11,3.4,True
3928,51,2024-06-02,4.1,True
3929,145,2024-06-09,2.9,False
3930,63,2024-07-26,4.4,True
3931,200,2023-05-21,18.6,True
3932,90,2023-01-10,13.1,True
3933,180,2023-01-25,6.3,True
3934,104,2024-08-13,4.9,False
3935,92,2024-09-26,8.9,True
3936,100,2023-05-29,10.9,False
3937,98,2024-09-05,2.8,True
3938,106,2024-01-06,4.7,True
3939,196,2023-05-10,-1.4,True
3940,155,2023-08-08,10.9,True
3941,8,2023-07-05,21.0,False
3942,13,2024-06-18,5.2,True
3943,6,2023-05-12,1.1,False
3944,153,2023-05-09,7.6,True
3945,46,2024-05-18,,True
3946,85,2023-07-31,3.1,False
3947,183,2023-06-25,7.7,True
3948,29,2024-07-19,5.9,True
3949,34,2024-10-14,3.5,True
3950,18,2024-01-24,3.1,True
3951,63,2024-08-02,5.4,False
3952,20,2024-08-11,3.7,True
3953,139,2024-02-16,2.3,True
3954,163,2024-08-03,3.9,True
3955,41,2023-01-07,6.3,True
3956,116,2023-01-25,4.4,False
3957,67,2024-09-10,1.8,True
3958,18,2023-04-09,9.9,True
3959,103,2024-05-24,0.7,True
3960,154,2023-10-22,3.6,True
3961,51,2024-07-05,3.2,False
3962,174,2024-04-10,5.5,True
3963,219,2023-02-20,7.3,True
3964,13,2023-08-24,10.9,True
3965,36,2024-05-10,3.0,False
3966,64,2024-10-07,7.5,True
3967,187,2024-07-17,5.7,True
3968,32,2024-09-16,1.5,False
3969,104,2024-10-31,18.7,False
3970,119,2024-09-17,1.8,True
3971,29,2024-02-11,6.6,True
3972,10,2023-08-24,6.5,True
3973,27,2023-12-22,6.0,True
3974,13,2024-07-10,3.5,True
3975,111,2023-10-25,8.8,True
3976,207,2024-08-04,1.7,True
3977,78,2024-05-05,4.7,True
3978,57,2023-05-27,3.3,True
3979,52,2024-10-06,3.1,True
3980,216,2024-08-15,6.7,True
3981,211,2024-02-24,10.5,True
3982,143,2023-05-16,3.9,True
3983,102,2023-06-09,8.6,True
3984,36,2024-08-10,5.1,True
3985,205,2023-01-13,2.7,True
3986,1,2023-12-05,,True
3987,37,2024-03-09,4.0,True
3988,150,2023-06-12,3.0,True
3989,41,2024-08-28,6.7,False
3990,24,2024-01-01,5.8,True
3991,132,2023-02-16,1.6,True
3992,6,2023-08-13,1.6,True
3993,60,2023-10-06,6.7,True
3994,142,2023-06-05,2.8,True
3995,41,2024-10-20,6.1,True
3996,168,2023-09-10,8.6,True
3997,21,2023-12-18,2.0,True
3998,135,2024-01-10,1.8,False
3999,17,2023-06-04,16.0,True
4000,161,2024-02-02,6.3,True
